"Election Name","County Name","Office Name","District Name","Party Name","Candidate Name","Votes","Yes Votes","No Votes","Election Day Votes","ElectionDay Yes Votes","Election Day No Votes","Mail Votes","Mail Yes Votes","Mail No Votes","Provisional Votes","Provisional Yes Votes","Provisional No Votes"
"2026 General Primary","ADAMS","Governor","Statewide","Democratic","JOSH SHAPIRO","6,223","0","0","2,636","0","0","3,579","0","0","8","0","0"
"2026 General Primary","ADAMS","Governor","Statewide","Republican","STACY GARRITY","8,936","0","0","6,888","0","0","2,043","0","0","5","0","0"
"2026 General Primary","ADAMS","Lieutenant Governor","Statewide","Democratic","AUSTIN DAVIS","6,103","0","0","2,585","0","0","3,510","0","0","8","0","0"
"2026 General Primary","ADAMS","Lieutenant Governor","Statewide","Republican","JOHN VENTRE","3,058","0","0","2,295","0","0","763","0","0","0","0","0"
"2026 General Primary","ADAMS","Lieutenant Governor","Statewide","Republican","JASON RICHEY","6,086","0","0","4,723","0","0","1,358","0","0","5","0","0"
"2026 General Primary","ADAMS","Representative in Congress","13th Congressional District","Democratic","BETH FARNHAM","6,104","0","0","2,582","0","0","3,514","0","0","8","0","0"
"2026 General Primary","ADAMS","Representative in Congress","13th Congressional District","Republican","JOHN JOYCE","9,388","0","0","7,242","0","0","2,141","0","0","5","0","0"
"2026 General Primary","ADAMS","Representative in the General Assembly","91st Legislative District","Democratic","KATHLEEN PRATT","2,676","0","0","1,161","0","0","1,510","0","0","5","0","0"
"2026 General Primary","ADAMS","Representative in the General Assembly","91st Legislative District","Democratic","TONY NUNEZ-GUZMAN","1,196","0","0","480","0","0","715","0","0","1","0","0"
"2026 General Primary","ADAMS","Representative in the General Assembly","91st Legislative District","Democratic","DARIAN SUNDBERG","555","0","0","268","0","0","287","0","0","0","0","0"
"2026 General Primary","ADAMS","Representative in the General Assembly","91st Legislative District","Republican","DAN MOUL","4,180","0","0","3,253","0","0","925","0","0","2","0","0"
"2026 General Primary","ADAMS","Representative in the General Assembly","91st Legislative District","Republican","NICK LOVELL","2,159","0","0","1,749","0","0","410","0","0","0","0","0"
"2026 General Primary","ADAMS","Representative in the General Assembly","91st Legislative District","Republican","LINDSAY KRUG","439","0","0","295","0","0","144","0","0","0","0","0"
"2026 General Primary","ADAMS","Representative in the General Assembly","193rd Legislative District","Republican","CATHERINE WALLEN","3,233","0","0","2,388","0","0","842","0","0","3","0","0"
"2026 General Primary","ADAMS","Member of Democratic State Committee","Adams County (District 1)","Democratic","ROGER LUND","2,450","0","0","978","0","0","1,468","0","0","4","0","0"
"2026 General Primary","ADAMS","Member of Democratic State Committee","Adams County (District 1)","Democratic","HELEN A COOK","3,560","0","0","1,581","0","0","1,975","0","0","4","0","0"
"2026 General Primary","ADAMS","Member of Republican State Committee","Adams County (District 1)","Republican","JOHN C MINTON","7,140","0","0","5,369","0","0","1,767","0","0","4","0","0"
"2026 General Primary","ADAMS","Member of Republican State Committee","Adams County (District 1)","Republican","VIRGINIA MARTIN","7,775","0","0","5,794","0","0","1,977","0","0","4","0","0"
"2026 General Primary","ADAMS","Member of Republican State Committee","Adams County (District 1)","Republican","RICHARD MATHEWS","7,375","0","0","5,501","0","0","1,870","0","0","4","0","0"
"2026 General Primary","ALLEGHENY","Governor","Statewide","Democratic","JOSH SHAPIRO","152,568","0","0","82,148","0","0","69,752","0","0","668","0","0"
"2026 General Primary","ALLEGHENY","Governor","Statewide","Republican","STACY GARRITY","41,483","0","0","30,380","0","0","11,011","0","0","92","0","0"
"2026 General Primary","ALLEGHENY","Lieutenant Governor","Statewide","Democratic","AUSTIN DAVIS","150,327","0","0","80,905","0","0","68,761","0","0","661","0","0"
"2026 General Primary","ALLEGHENY","Lieutenant Governor","Statewide","Republican","JOHN VENTRE","7,642","0","0","5,805","0","0","1,820","0","0","17","0","0"
"2026 General Primary","ALLEGHENY","Lieutenant Governor","Statewide","Republican","JASON RICHEY","37,549","0","0","26,869","0","0","10,596","0","0","84","0","0"
"2026 General Primary","ALLEGHENY","Representative in Congress","12th Congressional District","Democratic","WILLIAM PARKER","15,463","0","0","8,442","0","0","6,973","0","0","48","0","0"
"2026 General Primary","ALLEGHENY","Representative in Congress","12th Congressional District","Democratic","SUMMER LEE","68,338","0","0","39,645","0","0","28,371","0","0","322","0","0"
"2026 General Primary","ALLEGHENY","Representative in Congress","12th Congressional District","Republican","JAMES HAYES","16,925","0","0","12,310","0","0","4,580","0","0","35","0","0"
"2026 General Primary","ALLEGHENY","Representative in Congress","17th Congressional District","Democratic","CHRIS DELUZIO","70,430","0","0","35,859","0","0","34,307","0","0","264","0","0"
"2026 General Primary","ALLEGHENY","Representative in Congress","17th Congressional District","Republican","JESSE JAMES VODVARKA","16,058","0","0","11,240","0","0","4,796","0","0","22","0","0"
"2026 General Primary","ALLEGHENY","Representative in Congress","17th Congressional District","Republican","TONY GUY","10,846","0","0","8,067","0","0","2,744","0","0","35","0","0"
"2026 General Primary","ALLEGHENY","Senator in the General Assembly","38th Senatorial District","Democratic","LINDSEY WILLIAMS","29,672","0","0","15,338","0","0","14,223","0","0","111","0","0"
"2026 General Primary","ALLEGHENY","Senator in the General Assembly","38th Senatorial District","Republican","THOMAS WEST","11,292","0","0","8,194","0","0","3,073","0","0","25","0","0"
"2026 General Primary","ALLEGHENY","Senator in the General Assembly","42nd Senatorial District","Democratic","WAYNE D FONTANA","24,022","0","0","13,336","0","0","10,598","0","0","88","0","0"
"2026 General Primary","ALLEGHENY","Senator in the General Assembly","42nd Senatorial District","Democratic","PAUL STEENKISTE","9,247","0","0","6,056","0","0","3,159","0","0","32","0","0"
"2026 General Primary","ALLEGHENY","Representative in the General Assembly","19th Legislative District","Democratic","AERION ANDREW ABNEY","6,328","0","0","3,848","0","0","2,441","0","0","39","0","0"
"2026 General Primary","ALLEGHENY","Representative in the General Assembly","20th Legislative District","Democratic","EMILY KINKEAD","7,751","0","0","4,220","0","0","3,504","0","0","27","0","0"
"2026 General Primary","ALLEGHENY","Representative in the General Assembly","21st Legislative District","Democratic","LINDSAY POWELL","8,224","0","0","4,767","0","0","3,434","0","0","23","0","0"
"2026 General Primary","ALLEGHENY","Representative in the General Assembly","23rd Legislative District","Democratic","DAN FRANKEL","9,843","0","0","5,773","0","0","4,012","0","0","58","0","0"
"2026 General Primary","ALLEGHENY","Representative in the General Assembly","24th Legislative District","Democratic","LA'TASHA D MAYES","8,910","0","0","5,968","0","0","2,897","0","0","45","0","0"
"2026 General Primary","ALLEGHENY","Representative in the General Assembly","24th Legislative District","Democratic","WILL ANDERSON","1,209","0","0","777","0","0","426","0","0","6","0","0"
"2026 General Primary","ALLEGHENY","Representative in the General Assembly","25th Legislative District","Democratic","BRANDON J MARKOSEK","6,883","0","0","3,467","0","0","3,405","0","0","11","0","0"
"2026 General Primary","ALLEGHENY","Representative in the General Assembly","25th Legislative District","Republican","AMY NOONE","2,388","0","0","1,719","0","0","664","0","0","5","0","0"
"2026 General Primary","ALLEGHENY","Representative in the General Assembly","27th Legislative District","Democratic","DAN DEASY","7,184","0","0","3,980","0","0","3,191","0","0","13","0","0"
"2026 General Primary","ALLEGHENY","Representative in the General Assembly","28th Legislative District","Democratic","ROBERT BERTHA","1,897","0","0","766","0","0","1,117","0","0","14","0","0"
"2026 General Primary","ALLEGHENY","Representative in the General Assembly","28th Legislative District","Democratic","JEREMY FERDERBER","3,857","0","0","1,755","0","0","2,083","0","0","19","0","0"
"2026 General Primary","ALLEGHENY","Representative in the General Assembly","28th Legislative District","Republican","JEREMY SHAFFER","4,062","0","0","2,864","0","0","1,193","0","0","5","0","0"
"2026 General Primary","ALLEGHENY","Representative in the General Assembly","30th Legislative District","Democratic","ARVIND VENKAT","7,025","0","0","3,167","0","0","3,837","0","0","21","0","0"
"2026 General Primary","ALLEGHENY","Representative in the General Assembly","32nd Legislative District","Democratic","JOE MCANDREW","8,692","0","0","4,518","0","0","4,149","0","0","25","0","0"
"2026 General Primary","ALLEGHENY","Representative in the General Assembly","33rd Legislative District","Democratic","MANDY STEELE","6,332","0","0","3,218","0","0","3,089","0","0","25","0","0"
"2026 General Primary","ALLEGHENY","Representative in the General Assembly","33rd Legislative District","Republican","MIKE HAMMILL","2,446","0","0","1,829","0","0","611","0","0","6","0","0"
"2026 General Primary","ALLEGHENY","Representative in the General Assembly","34th Legislative District","Democratic","ABIGAIL SALISBURY","10,557","0","0","6,466","0","0","4,032","0","0","59","0","0"
"2026 General Primary","ALLEGHENY","Representative in the General Assembly","35th Legislative District","Democratic","DAN GOUGHNOUR","6,541","0","0","3,945","0","0","2,577","0","0","19","0","0"
"2026 General Primary","ALLEGHENY","Representative in the General Assembly","35th Legislative District","Republican","JIM EDWARDS","1,564","0","0","1,260","0","0","303","0","0","1","0","0"
"2026 General Primary","ALLEGHENY","Representative in the General Assembly","36th Legislative District","Democratic","JESSICA BENHAM","6,801","0","0","3,835","0","0","2,950","0","0","16","0","0"
"2026 General Primary","ALLEGHENY","Representative in the General Assembly","36th Legislative District","Republican","TIMOTHY MCCUNE","1,075","0","0","773","0","0","298","0","0","4","0","0"
"2026 General Primary","ALLEGHENY","Representative in the General Assembly","38th Legislative District","Democratic","JOHN INGLIS","7,319","0","0","3,443","0","0","3,860","0","0","16","0","0"
"2026 General Primary","ALLEGHENY","Representative in the General Assembly","39th Legislative District","Democratic","DYLAN  ALTEMARA","3,071","0","0","1,358","0","0","1,704","0","0","9","0","0"
"2026 General Primary","ALLEGHENY","Representative in the General Assembly","39th Legislative District","Democratic","KELLIANNE FRKETIC","1,785","0","0","922","0","0","858","0","0","5","0","0"
"2026 General Primary","ALLEGHENY","Representative in the General Assembly","39th Legislative District","Republican","ANDREW KUZMA","2,750","0","0","2,072","0","0","670","0","0","8","0","0"
"2026 General Primary","ALLEGHENY","Representative in the General Assembly","40th Legislative District","Democratic","JON LLOYD","4,713","0","0","2,133","0","0","2,566","0","0","14","0","0"
"2026 General Primary","ALLEGHENY","Representative in the General Assembly","40th Legislative District","Republican","NATALIE MIHALEK","2,928","0","0","2,115","0","0","805","0","0","8","0","0"
"2026 General Primary","ALLEGHENY","Representative in the General Assembly","42nd Legislative District","Democratic","JEN MAZZOCCO","8,815","0","0","4,862","0","0","3,918","0","0","35","0","0"
"2026 General Primary","ALLEGHENY","Representative in the General Assembly","44th Legislative District","Democratic","HADLEY HAAS","5,879","0","0","2,651","0","0","3,214","0","0","14","0","0"
"2026 General Primary","ALLEGHENY","Representative in the General Assembly","44th Legislative District","Republican","VALERIE GAYDOS","3,431","0","0","2,391","0","0","1,034","0","0","6","0","0"
"2026 General Primary","ALLEGHENY","Representative in the General Assembly","45th Legislative District","Democratic","BRITTANY BLOAM","5,236","0","0","2,976","0","0","2,237","0","0","23","0","0"
"2026 General Primary","ALLEGHENY","Representative in the General Assembly","45th Legislative District","Democratic","PATRICK J CATENA JR","3,034","0","0","1,404","0","0","1,624","0","0","6","0","0"
"2026 General Primary","ALLEGHENY","Representative in the General Assembly","45th Legislative District","Republican","JAMES JULIUS","2,406","0","0","1,708","0","0","693","0","0","5","0","0"
"2026 General Primary","ALLEGHENY","Representative in the General Assembly","46th Legislative District","Democratic","MIKE CROSSEY","1,553","0","0","694","0","0","854","0","0","5","0","0"
"2026 General Primary","ALLEGHENY","Representative in the General Assembly","46th Legislative District","Republican","JASON ORTITAY","766","0","0","544","0","0","222","0","0","0","0","0"
"2026 General Primary","ALLEGHENY","Member of Democratic State Committee","Allegheny County 37th Senatorial District (District 237)","Democratic","NICOLE RUSCITTO","21,978","0","0","10,004","0","0","11,902","0","0","72","0","0"
"2026 General Primary","ALLEGHENY","Member of Democratic State Committee","Allegheny County 37th Senatorial District (District 237)","Democratic","LISA M BALDIS","21,894","0","0","9,966","0","0","11,857","0","0","71","0","0"
"2026 General Primary","ALLEGHENY","Member of Democratic State Committee","Allegheny County 37th Senatorial District (District 237)","Democratic","MIKE CROSSEY","20,279","0","0","8,980","0","0","11,231","0","0","68","0","0"
"2026 General Primary","ALLEGHENY","Member of Democratic State Committee","Allegheny County 37th Senatorial District (District 237)","Democratic","THEODORE TOLLIVER","20,087","0","0","8,937","0","0","11,084","0","0","66","0","0"
"2026 General Primary","ALLEGHENY","Member of Democratic State Committee","Allegheny County 37th Senatorial District (District 237)","Democratic","TOM DUERR","20,146","0","0","8,850","0","0","11,232","0","0","64","0","0"
"2026 General Primary","ALLEGHENY","Member of Democratic State Committee","Allegheny County 38th Senatorial District (District 238)","Democratic","LAUREN HERGERT","26,164","0","0","13,318","0","0","12,746","0","0","100","0","0"
"2026 General Primary","ALLEGHENY","Member of Democratic State Committee","Allegheny County 38th Senatorial District (District 238)","Democratic","BEN FORSTATE","23,828","0","0","11,935","0","0","11,808","0","0","85","0","0"
"2026 General Primary","ALLEGHENY","Member of Democratic State Committee","Allegheny County 38th Senatorial District (District 238)","Democratic","MARTELL COVINGTON","24,634","0","0","12,299","0","0","12,250","0","0","85","0","0"
"2026 General Primary","ALLEGHENY","Member of Democratic State Committee","Allegheny County 38th Senatorial District (District 238)","Democratic","JENNIFER BUCHANAN RAPACH","25,655","0","0","12,949","0","0","12,616","0","0","90","0","0"
"2026 General Primary","ALLEGHENY","Member of Democratic State Committee","Allegheny County 38th Senatorial District (District 238)","Democratic","LAUREN WILLIAMS","25,834","0","0","13,351","0","0","12,389","0","0","94","0","0"
"2026 General Primary","ALLEGHENY","Member of Democratic State Committee","Allegheny County 38th Senatorial District (District 238)","Democratic","CLAYTON MARSHALL","23,642","0","0","11,853","0","0","11,705","0","0","84","0","0"
"2026 General Primary","ALLEGHENY","Member of Democratic State Committee","Allegheny County 42nd Senatorial District (District 242)","Democratic","SAM BIGHAM","22,136","0","0","12,317","0","0","9,754","0","0","65","0","0"
"2026 General Primary","ALLEGHENY","Member of Democratic State Committee","Allegheny County 42nd Senatorial District (District 242)","Democratic","ROB COLLINI","20,346","0","0","11,377","0","0","8,905","0","0","64","0","0"
"2026 General Primary","ALLEGHENY","Member of Democratic State Committee","Allegheny County 42nd Senatorial District (District 242)","Democratic","BRYAN NEFT","15,421","0","0","8,755","0","0","6,606","0","0","60","0","0"
"2026 General Primary","ALLEGHENY","Member of Democratic State Committee","Allegheny County 42nd Senatorial District (District 242)","Democratic","BETHANY HALLAM","26,095","0","0","15,128","0","0","10,873","0","0","94","0","0"
"2026 General Primary","ALLEGHENY","Member of Democratic State Committee","Allegheny County 42nd Senatorial District (District 242)","Democratic","JIMMY BURN","17,216","0","0","9,762","0","0","7,403","0","0","51","0","0"
"2026 General Primary","ALLEGHENY","Member of Democratic State Committee","Allegheny County 42nd Senatorial District (District 242)","Democratic","RON PANZA","17,897","0","0","9,678","0","0","8,173","0","0","46","0","0"
"2026 General Primary","ALLEGHENY","Member of Democratic State Committee","Allegheny County 42nd Senatorial District (District 242)","Democratic","CRIS BEUGER","24,329","0","0","13,682","0","0","10,566","0","0","81","0","0"
"2026 General Primary","ALLEGHENY","Member of Democratic State Committee","Allegheny County 42nd Senatorial District (District 242)","Democratic","TERRI MINOR SPENCER","25,929","0","0","14,976","0","0","10,869","0","0","84","0","0"
"2026 General Primary","ALLEGHENY","Member of Democratic State Committee","Allegheny County 43rd Senatorial District (District 243)","Democratic","IAN PRICE","22,775","0","0","13,512","0","0","9,149","0","0","114","0","0"
"2026 General Primary","ALLEGHENY","Member of Democratic State Committee","Allegheny County 43rd Senatorial District (District 243)","Democratic","BARBARA ERNSBERGER","26,066","0","0","15,311","0","0","10,616","0","0","139","0","0"
"2026 General Primary","ALLEGHENY","Member of Democratic State Committee","Allegheny County 43rd Senatorial District (District 243)","Democratic","TYLER REINTHALER","9,443","0","0","5,373","0","0","4,017","0","0","53","0","0"
"2026 General Primary","ALLEGHENY","Member of Democratic State Committee","Allegheny County 43rd Senatorial District (District 243)","Democratic","TRACEY L HOLST","25,748","0","0","15,343","0","0","10,262","0","0","143","0","0"
"2026 General Primary","ALLEGHENY","Member of Democratic State Committee","Allegheny County 43rd Senatorial District (District 243)","Democratic","ROSS MARCUS TEDDER","11,368","0","0","6,411","0","0","4,912","0","0","45","0","0"
"2026 General Primary","ALLEGHENY","Member of Democratic State Committee","Allegheny County 43rd Senatorial District (District 243)","Democratic","MELANIE PALLONE","23,591","0","0","13,599","0","0","9,866","0","0","126","0","0"
"2026 General Primary","ALLEGHENY","Member of Democratic State Committee","Allegheny County 43rd Senatorial District (District 243)","Democratic","WILL ANDERSON","13,651","0","0","8,202","0","0","5,382","0","0","67","0","0"
"2026 General Primary","ALLEGHENY","Member of Democratic State Committee","Allegheny County 43rd Senatorial District (District 243)","Democratic","RYAN M HERBINKO","18,298","0","0","10,585","0","0","7,611","0","0","102","0","0"
"2026 General Primary","ALLEGHENY","Member of Democratic State Committee","Allegheny County 43rd Senatorial District (District 243)","Democratic","SAM GIBSON","21,086","0","0","12,276","0","0","8,701","0","0","109","0","0"
"2026 General Primary","ALLEGHENY","Member of Democratic State Committee","Allegheny County 43rd Senatorial District (District 243)","Democratic","EILEEN KELLY","25,881","0","0","15,293","0","0","10,458","0","0","130","0","0"
"2026 General Primary","ALLEGHENY","Member of Democratic State Committee","Allegheny County 43rd Senatorial District (District 243)","Democratic","TRACY C BATON","26,940","0","0","15,941","0","0","10,859","0","0","140","0","0"
"2026 General Primary","ALLEGHENY","Member of Democratic State Committee","Allegheny County 43rd Senatorial District (District 243)","Democratic","LYON ANTHONY ZEIBAK","18,222","0","0","10,440","0","0","7,693","0","0","89","0","0"
"2026 General Primary","ALLEGHENY","Member of Democratic State Committee","Allegheny County 45th Senatorial District (District 245)","Democratic","NICK PISCIOTTANO","21,423","0","0","10,769","0","0","10,612","0","0","42","0","0"
"2026 General Primary","ALLEGHENY","Member of Democratic State Committee","Allegheny County 45th Senatorial District (District 245)","Democratic","DARLENE MCCREARY SCHRELLO","11,919","0","0","5,911","0","0","5,980","0","0","28","0","0"
"2026 General Primary","ALLEGHENY","Member of Democratic State Committee","Allegheny County 45th Senatorial District (District 245)","Democratic","JACOB REDFERN","15,091","0","0","7,041","0","0","8,020","0","0","30","0","0"
"2026 General Primary","ALLEGHENY","Member of Democratic State Committee","Allegheny County 45th Senatorial District (District 245)","Democratic","JENNIFER R VERTULLO","12,678","0","0","6,969","0","0","5,681","0","0","28","0","0"
"2026 General Primary","ALLEGHENY","Member of Democratic State Committee","Allegheny County 45th Senatorial District (District 245)","Democratic","JOHN INGLIS","17,522","0","0","8,438","0","0","9,043","0","0","41","0","0"
"2026 General Primary","ALLEGHENY","Member of Democratic State Committee","Allegheny County 45th Senatorial District (District 245)","Democratic","AMY JUDE SCHMOTZER","12,128","0","0","5,899","0","0","6,199","0","0","30","0","0"
"2026 General Primary","ALLEGHENY","Member of Democratic State Committee","Allegheny County 45th Senatorial District (District 245)","Democratic","CHRISTINA PICONE","10,525","0","0","5,538","0","0","4,963","0","0","24","0","0"
"2026 General Primary","ALLEGHENY","Member of Democratic State Committee","Allegheny County 45th Senatorial District (District 245)","Democratic","ERIN M BELITSKUS","10,744","0","0","5,244","0","0","5,475","0","0","25","0","0"
"2026 General Primary","ALLEGHENY","Member of Democratic State Committee","Allegheny County 45th Senatorial District (District 245)","Democratic","JENNIFER HALASZYNSKI","12,675","0","0","6,965","0","0","5,678","0","0","32","0","0"
"2026 General Primary","ALLEGHENY","Member of Republican State Committee","Allegheny County 37th Senatorial District (District 237)","Republican","VERONICA S STEINKIRCHNER","4,049","0","0","2,873","0","0","1,165","0","0","11","0","0"
"2026 General Primary","ALLEGHENY","Member of Republican State Committee","Allegheny County 37th Senatorial District (District 237)","Republican","LYNN SHEAHEN","5,572","0","0","3,831","0","0","1,728","0","0","13","0","0"
"2026 General Primary","ALLEGHENY","Member of Republican State Committee","Allegheny County 37th Senatorial District (District 237)","Republican","SUE MEANS","7,026","0","0","4,969","0","0","2,035","0","0","22","0","0"
"2026 General Primary","ALLEGHENY","Member of Republican State Committee","Allegheny County 37th Senatorial District (District 237)","Republican","NOAH FORMICA","5,435","0","0","4,009","0","0","1,413","0","0","13","0","0"
"2026 General Primary","ALLEGHENY","Member of Republican State Committee","Allegheny County 37th Senatorial District (District 237)","Republican","CAREY SIRIANNI","5,550","0","0","3,930","0","0","1,607","0","0","13","0","0"
"2026 General Primary","ALLEGHENY","Member of Republican State Committee","Allegheny County 37th Senatorial District (District 237)","Republican","JACKIE FORMICA","4,321","0","0","3,098","0","0","1,208","0","0","15","0","0"
"2026 General Primary","ALLEGHENY","Member of Republican State Committee","Allegheny County 37th Senatorial District (District 237)","Republican","JOHN WINK","5,538","0","0","3,915","0","0","1,615","0","0","8","0","0"
"2026 General Primary","ALLEGHENY","Member of Republican State Committee","Allegheny County 37th Senatorial District (District 237)","Republican","AL QUAYE","5,364","0","0","3,927","0","0","1,428","0","0","9","0","0"
"2026 General Primary","ALLEGHENY","Member of Republican State Committee","Allegheny County 37th Senatorial District (District 237)","Republican","SUSAN LUCOT","3,915","0","0","2,636","0","0","1,266","0","0","13","0","0"
"2026 General Primary","ALLEGHENY","Member of Republican State Committee","Allegheny County 37th Senatorial District (District 237)","Republican","JOSEPH V CINELLO","5,079","0","0","3,516","0","0","1,550","0","0","13","0","0"
"2026 General Primary","ALLEGHENY","Member of Republican State Committee","Allegheny County 37th Senatorial District (District 237)","Republican","JIM MEANS","5,437","0","0","3,811","0","0","1,610","0","0","16","0","0"
"2026 General Primary","ALLEGHENY","Member of Republican State Committee","Allegheny County 37th Senatorial District (District 237)","Republican","SAM DEMARCO","7,151","0","0","5,145","0","0","1,990","0","0","16","0","0"
"2026 General Primary","ALLEGHENY","Member of Republican State Committee","Allegheny County 38th Senatorial District (District 238)","Republican","CINDY KIRK","8,695","0","0","6,209","0","0","2,464","0","0","22","0","0"
"2026 General Primary","ALLEGHENY","Member of Republican State Committee","Allegheny County 38th Senatorial District (District 238)","Republican","BOB CRANKOVIC","6,674","0","0","4,902","0","0","1,757","0","0","15","0","0"
"2026 General Primary","ALLEGHENY","Member of Republican State Committee","Allegheny County 38th Senatorial District (District 238)","Republican","KELSEY MERCURI","6,675","0","0","4,690","0","0","1,968","0","0","17","0","0"
"2026 General Primary","ALLEGHENY","Member of Republican State Committee","Allegheny County 38th Senatorial District (District 238)","Republican","LEONARD VERDETTO","4,879","0","0","3,628","0","0","1,242","0","0","9","0","0"
"2026 General Primary","ALLEGHENY","Member of Republican State Committee","Allegheny County 38th Senatorial District (District 238)","Republican","ED KRESS","7,650","0","0","5,680","0","0","1,955","0","0","15","0","0"
"2026 General Primary","ALLEGHENY","Member of Republican State Committee","Allegheny County 38th Senatorial District (District 238)","Republican","BILL KIRK","7,100","0","0","5,120","0","0","1,963","0","0","17","0","0"
"2026 General Primary","ALLEGHENY","Member of Republican State Committee","Allegheny County 38th Senatorial District (District 238)","Republican","KIMBERLY STERN","6,739","0","0","4,623","0","0","2,105","0","0","11","0","0"
"2026 General Primary","ALLEGHENY","Member of Republican State Committee","Allegheny County 38th Senatorial District (District 238)","Republican","MARY ANN MELOY","4,834","0","0","3,496","0","0","1,329","0","0","9","0","0"
"2026 General Primary","ALLEGHENY","Member of Republican State Committee","Allegheny County 38th Senatorial District (District 238)","Republican","MIKE MCMULLEN","6,049","0","0","4,117","0","0","1,921","0","0","11","0","0"
"2026 General Primary","ALLEGHENY","Member of Republican State Committee","Allegheny County 42nd Senatorial District (District 242)","Republican","HERB OHLIGER","4,117","0","0","2,815","0","0","1,293","0","0","9","0","0"
"2026 General Primary","ALLEGHENY","Member of Republican State Committee","Allegheny County 42nd Senatorial District (District 242)","Republican","TODD MCCOLLUM","2,680","0","0","1,929","0","0","748","0","0","3","0","0"
"2026 General Primary","ALLEGHENY","Member of Republican State Committee","Allegheny County 42nd Senatorial District (District 242)","Republican","JOHN SCHNAEDTER","3,221","0","0","2,164","0","0","1,051","0","0","6","0","0"
"2026 General Primary","ALLEGHENY","Member of Republican State Committee","Allegheny County 42nd Senatorial District (District 242)","Republican","DEE SPAHR","2,878","0","0","1,879","0","0","993","0","0","6","0","0"
"2026 General Primary","ALLEGHENY","Member of Republican State Committee","Allegheny County 42nd Senatorial District (District 242)","Republican","KAREN KRALIK","2,475","0","0","1,796","0","0","673","0","0","6","0","0"
"2026 General Primary","ALLEGHENY","Member of Republican State Committee","Allegheny County 42nd Senatorial District (District 242)","Republican","MELISSA SORG","1,923","0","0","1,355","0","0","567","0","0","1","0","0"
"2026 General Primary","ALLEGHENY","Member of Republican State Committee","Allegheny County 42nd Senatorial District (District 242)","Republican","CHARLOTTE STEPHENSON","3,544","0","0","2,360","0","0","1,177","0","0","7","0","0"
"2026 General Primary","ALLEGHENY","Member of Republican State Committee","Allegheny County 43rd Senatorial District (District 243)","Republican","BARBARA RINGLER","1,604","0","0","1,117","0","0","485","0","0","2","0","0"
"2026 General Primary","ALLEGHENY","Member of Republican State Committee","Allegheny County 43rd Senatorial District (District 243)","Republican","EILEEN CUNNINGHAM","1,998","0","0","1,399","0","0","593","0","0","6","0","0"
"2026 General Primary","ALLEGHENY","Member of Republican State Committee","Allegheny County 43rd Senatorial District (District 243)","Republican","MALLORY RUHLING HODGE","2,015","0","0","1,357","0","0","653","0","0","5","0","0"
"2026 General Primary","ALLEGHENY","Member of Republican State Committee","Allegheny County 43rd Senatorial District (District 243)","Republican","RUSSELL DRYER","2,379","0","0","1,623","0","0","750","0","0","6","0","0"
"2026 General Primary","ALLEGHENY","Member of Republican State Committee","Allegheny County 43rd Senatorial District (District 243)","Republican","VINCENT E FUSCA","2,668","0","0","1,786","0","0","877","0","0","5","0","0"
"2026 General Primary","ALLEGHENY","Member of Republican State Committee","Allegheny County 43rd Senatorial District (District 243)","Republican","ISLA ABRAMS","818","0","0","516","0","0","299","0","0","3","0","0"
"2026 General Primary","ALLEGHENY","Member of Republican State Committee","Allegheny County 45th Senatorial District (District 245)","Republican","LEN YOUNG","4,432","0","0","3,169","0","0","1,258","0","0","5","0","0"
"2026 General Primary","ALLEGHENY","Member of Republican State Committee","Allegheny County 45th Senatorial District (District 245)","Republican","DAVE MAJERNIK","5,789","0","0","4,370","0","0","1,409","0","0","10","0","0"
"2026 General Primary","ALLEGHENY","Member of Republican State Committee","Allegheny County 45th Senatorial District (District 245)","Republican","STEVE SCHLAUCH","5,039","0","0","3,776","0","0","1,255","0","0","8","0","0"
"2026 General Primary","ALLEGHENY","Member of Republican State Committee","Allegheny County 45th Senatorial District (District 245)","Republican","SUE MAJERNIK","6,217","0","0","4,554","0","0","1,653","0","0","10","0","0"
"2026 General Primary","ALLEGHENY","Member of Republican State Committee","Allegheny County 45th Senatorial District (District 245)","Republican","MEGAN CHUDEREWICZ","6,002","0","0","4,340","0","0","1,652","0","0","10","0","0"
"2026 General Primary","ARMSTRONG","Governor","Statewide","Democratic","JOSH SHAPIRO","2,819","0","0","1,620","0","0","1,196","0","0","3","0","0"
"2026 General Primary","ARMSTRONG","Governor","Statewide","Republican","STACY GARRITY","5,141","0","0","4,594","0","0","547","0","0","0","0","0"
"2026 General Primary","ARMSTRONG","Lieutenant Governor","Statewide","Democratic","AUSTIN DAVIS","2,847","0","0","1,659","0","0","1,186","0","0","2","0","0"
"2026 General Primary","ARMSTRONG","Lieutenant Governor","Statewide","Republican","JOHN VENTRE","2,578","0","0","2,265","0","0","313","0","0","0","0","0"
"2026 General Primary","ARMSTRONG","Lieutenant Governor","Statewide","Republican","JASON RICHEY","2,706","0","0","2,443","0","0","263","0","0","0","0","0"
"2026 General Primary","ARMSTRONG","Representative in Congress","15th Congressional District","Democratic","RAY BILGER","2,774","0","0","1,606","0","0","1,166","0","0","2","0","0"
"2026 General Primary","ARMSTRONG","Representative in Congress","15th Congressional District","Republican","GLENN GT THOMPSON","5,119","0","0","4,569","0","0","550","0","0","0","0","0"
"2026 General Primary","ARMSTRONG","Representative in the General Assembly","60th Legislative District","Democratic","DUSTYN A DORN","1,891","0","0","1,101","0","0","788","0","0","2","0","0"
"2026 General Primary","ARMSTRONG","Representative in the General Assembly","60th Legislative District","Republican","ABBY MAJOR","2,800","0","0","2,503","0","0","297","0","0","0","0","0"
"2026 General Primary","ARMSTRONG","Representative in the General Assembly","63rd Legislative District","Democratic","ANDREW HARBAUGH","865","0","0","500","0","0","364","0","0","1","0","0"
"2026 General Primary","ARMSTRONG","Representative in the General Assembly","63rd Legislative District","Republican","JOSH BASHLINE","2,440","0","0","2,159","0","0","281","0","0","0","0","0"
"2026 General Primary","ARMSTRONG","Member of Democratic State Committee","Armstrong County (District 3)","Democratic","ANTHONY RAGO","2,847","0","0","1,665","0","0","1,179","0","0","3","0","0"
"2026 General Primary","ARMSTRONG","Member of Republican State Committee","Armstrong County (District 3)","Republican","JACK BOWSER","2,268","0","0","2,025","0","0","242","0","0","1","0","0"
"2026 General Primary","ARMSTRONG","Member of Republican State Committee","Armstrong County (District 3)","Republican","DARLENE SMAIL","3,419","0","0","3,007","0","0","412","0","0","0","0","0"
"2026 General Primary","ARMSTRONG","Member of Republican State Committee","Armstrong County (District 3)","Republican","ANTHONY SHEA","2,832","0","0","2,516","0","0","316","0","0","0","0","0"
"2026 General Primary","ARMSTRONG","Member of Republican State Committee","Armstrong County (District 3)","Republican","SUSAN E BOWSER","1,854","0","0","1,663","0","0","190","0","0","1","0","0"
"2026 General Primary","BEAVER","Governor","Statewide","Democratic","JOSH SHAPIRO","13,435","0","0","6,832","0","0","6,569","0","0","34","0","0"
"2026 General Primary","BEAVER","Governor","Statewide","Republican","STACY GARRITY","9,092","0","0","7,304","0","0","1,783","0","0","5","0","0"
"2026 General Primary","BEAVER","Lieutenant Governor","Statewide","Democratic","AUSTIN DAVIS","13,252","0","0","6,715","0","0","6,504","0","0","33","0","0"
"2026 General Primary","BEAVER","Lieutenant Governor","Statewide","Republican","JOHN VENTRE","2,947","0","0","2,395","0","0","549","0","0","3","0","0"
"2026 General Primary","BEAVER","Lieutenant Governor","Statewide","Republican","JASON RICHEY","6,520","0","0","5,186","0","0","1,331","0","0","3","0","0"
"2026 General Primary","BEAVER","Representative in Congress","17th Congressional District","Democratic","CHRIS DELUZIO","13,361","0","0","6,783","0","0","6,546","0","0","32","0","0"
"2026 General Primary","BEAVER","Representative in Congress","17th Congressional District","Republican","JESSE JAMES VODVARKA","1,125","0","0","909","0","0","216","0","0","0","0","0"
"2026 General Primary","BEAVER","Representative in Congress","17th Congressional District","Republican","TONY GUY","8,735","0","0","6,973","0","0","1,756","0","0","6","0","0"
"2026 General Primary","BEAVER","Senator in the General Assembly","46th Senatorial District","Democratic","EVAN SNYDER","298","0","0","148","0","0","149","0","0","1","0","0"
"2026 General Primary","BEAVER","Senator in the General Assembly","46th Senatorial District","Republican","AL BUCHTAN","256","0","0","234","0","0","22","0","0","0","0","0"
"2026 General Primary","BEAVER","Senator in the General Assembly","46th Senatorial District","Republican","CAMERA BARTOLOTTA","282","0","0","243","0","0","39","0","0","0","0","0"
"2026 General Primary","BEAVER","Representative in the General Assembly","14th Legislative District","Republican","ROMAN KOZAK","4,142","0","0","3,250","0","0","890","0","0","2","0","0"
"2026 General Primary","BEAVER","Representative in the General Assembly","15th Legislative District","Democratic","SYDNEY SPEICHER","2,545","0","0","1,235","0","0","1,304","0","0","6","0","0"
"2026 General Primary","BEAVER","Representative in the General Assembly","15th Legislative District","Republican","JOSHUA D KAIL","2,686","0","0","2,165","0","0","520","0","0","1","0","0"
"2026 General Primary","BEAVER","Representative in the General Assembly","16th Legislative District","Democratic","ROBERT F MATZIE","6,080","0","0","3,268","0","0","2,797","0","0","15","0","0"
"2026 General Primary","BEAVER","Representative in the General Assembly","16th Legislative District","Republican","JOHN COSTANZA","2,753","0","0","2,220","0","0","531","0","0","2","0","0"
"2026 General Primary","BEAVER","Member of Democratic State Committee","Beaver County (District 4)","Democratic","HANNAH BROOKS","9,355","0","0","4,705","0","0","4,624","0","0","26","0","0"
"2026 General Primary","BEAVER","Member of Democratic State Committee","Beaver County (District 4)","Democratic","JOE JANOS","8,751","0","0","4,124","0","0","4,614","0","0","13","0","0"
"2026 General Primary","BEAVER","Member of Democratic State Committee","Beaver County (District 4)","Democratic","MARY JANE JONES-GILLIAM","10,204","0","0","5,074","0","0","5,106","0","0","24","0","0"
"2026 General Primary","BEAVER","Member of Democratic State Committee","Beaver County (District 4)","Democratic","MICHAEL JACKSON","7,011","0","0","3,678","0","0","3,312","0","0","21","0","0"
"2026 General Primary","BEAVER","Member of Republican State Committee","Beaver County (District 4)","Republican","JON C ODATA","7,243","0","0","5,669","0","0","1,571","0","0","3","0","0"
"2026 General Primary","BEAVER","Member of Republican State Committee","Beaver County (District 4)","Republican","TONI SHUPPE","6,916","0","0","5,395","0","0","1,518","0","0","3","0","0"
"2026 General Primary","BEAVER","Member of Republican State Committee","Beaver County (District 4)","Republican","DIANA CAMPBELL","7,152","0","0","5,598","0","0","1,550","0","0","4","0","0"
"2026 General Primary","BEAVER","Member of Republican State Committee","Beaver County (District 4)","Republican","SCOTT PRESLER","7,860","0","0","6,259","0","0","1,596","0","0","5","0","0"
"2026 General Primary","BEAVER","Member of Republican State Committee","Beaver County (District 4)","Republican","ABBY KAIL","7,705","0","0","6,089","0","0","1,612","0","0","4","0","0"
"2026 General Primary","BEDFORD","Governor","Statewide","Democratic","JOSH SHAPIRO","1,542","0","0","671","0","0","870","0","0","1","0","0"
"2026 General Primary","BEDFORD","Governor","Statewide","Republican","STACY GARRITY","4,769","0","0","3,832","0","0","934","0","0","3","0","0"
"2026 General Primary","BEDFORD","Lieutenant Governor","Statewide","Democratic","AUSTIN DAVIS","1,532","0","0","673","0","0","858","0","0","1","0","0"
"2026 General Primary","BEDFORD","Lieutenant Governor","Statewide","Republican","JOHN VENTRE","1,748","0","0","1,375","0","0","373","0","0","0","0","0"
"2026 General Primary","BEDFORD","Lieutenant Governor","Statewide","Republican","JASON RICHEY","3,151","0","0","2,578","0","0","571","0","0","2","0","0"
"2026 General Primary","BEDFORD","Representative in Congress","13th Congressional District","Democratic","BETH FARNHAM","1,504","0","0","656","0","0","847","0","0","1","0","0"
"2026 General Primary","BEDFORD","Representative in Congress","13th Congressional District","Republican","JOHN JOYCE","5,046","0","0","4,069","0","0","974","0","0","3","0","0"
"2026 General Primary","BEDFORD","Senator in the General Assembly","32nd Senatorial District","Republican","PAT STEFANO","3,975","0","0","3,181","0","0","791","0","0","3","0","0"
"2026 General Primary","BEDFORD","Senator in the General Assembly","32nd Senatorial District","Republican","HARRY YOUNG COCHRAN","1,095","0","0","890","0","0","205","0","0","0","0","0"
"2026 General Primary","BEDFORD","Representative in the General Assembly","78th Legislative District","Republican","JESSE TOPPER","5,139","0","0","4,125","0","0","1,011","0","0","3","0","0"
"2026 General Primary","BEDFORD","Member of Democratic State Committee","Bedford County (District 5)","Democratic","DAVE POPP","1,520","0","0","665","0","0","854","0","0","1","0","0"
"2026 General Primary","BEDFORD","Member of Republican State Committee","Bedford County (District 5)","Republican","ASHLAN J CLARK","3,762","0","0","2,888","0","0","873","0","0","1","0","0"
"2026 General Primary","BEDFORD","Member of Republican State Committee","Bedford County (District 5)","Republican","BARRY DALLARA","2,401","0","0","1,852","0","0","546","0","0","3","0","0"
"2026 General Primary","BEDFORD","Member of Republican State Committee","Bedford County (District 5)","Republican","JORDAN TEETERS","2,586","0","0","2,178","0","0","407","0","0","1","0","0"
"2026 General Primary","BERKS","Governor","Statewide","Democratic","JOSH SHAPIRO","24,973","0","0","13,641","0","0","11,236","0","0","96","0","0"
"2026 General Primary","BERKS","Governor","Statewide","Republican","STACY GARRITY","21,808","0","0","17,576","0","0","4,194","0","0","38","0","0"
"2026 General Primary","BERKS","Lieutenant Governor","Statewide","Democratic","AUSTIN DAVIS","23,744","0","0","12,681","0","0","10,971","0","0","92","0","0"
"2026 General Primary","BERKS","Lieutenant Governor","Statewide","Republican","JOHN VENTRE","7,543","0","0","6,057","0","0","1,477","0","0","9","0","0"
"2026 General Primary","BERKS","Lieutenant Governor","Statewide","Republican","JASON RICHEY","13,766","0","0","10,936","0","0","2,801","0","0","29","0","0"
"2026 General Primary","BERKS","Representative in Congress","4th Congressional District","Democratic","MADELEINE DEAN","9,025","0","0","4,955","0","0","4,049","0","0","21","0","0"
"2026 General Primary","BERKS","Representative in Congress","4th Congressional District","Republican","AURORA STUSKI","8,089","0","0","6,542","0","0","1,536","0","0","11","0","0"
"2026 General Primary","BERKS","Representative in Congress","6th Congressional District","Democratic","CHRISSY HOULAHAN","12,334","0","0","6,811","0","0","5,460","0","0","63","0","0"
"2026 General Primary","BERKS","Representative in Congress","6th Congressional District","Republican","MARTY YOUNG","7,268","0","0","5,456","0","0","1,797","0","0","15","0","0"
"2026 General Primary","BERKS","Representative in Congress","9th Congressional District","Democratic","RACHEL WALLACE","2,968","0","0","1,396","0","0","1,568","0","0","4","0","0"
"2026 General Primary","BERKS","Representative in Congress","9th Congressional District","Republican","DAN MEUSER","5,056","0","0","4,184","0","0","863","0","0","9","0","0"
"2026 General Primary","BERKS","Senator in the General Assembly","24th Senatorial District","Democratic","CHRIS THOMAS","3,449","0","0","1,886","0","0","1,552","0","0","11","0","0"
"2026 General Primary","BERKS","Senator in the General Assembly","24th Senatorial District","Republican","TRACY E PENNYCUICK","3,974","0","0","3,345","0","0","624","0","0","5","0","0"
"2026 General Primary","BERKS","Senator in the General Assembly","44th Senatorial District","Democratic","KATIE MUTH","543","0","0","280","0","0","261","0","0","2","0","0"
"2026 General Primary","BERKS","Senator in the General Assembly","44th Senatorial District","Republican","MELISSA DICRANIAN","469","0","0","374","0","0","94","0","0","1","0","0"
"2026 General Primary","BERKS","Senator in the General Assembly","48th Senatorial District","Republican","CLOVIS CRANE","2,693","0","0","2,274","0","0","414","0","0","5","0","0"
"2026 General Primary","BERKS","Senator in the General Assembly","48th Senatorial District","Republican","CHRIS GEBHARD","5,343","0","0","4,398","0","0","938","0","0","7","0","0"
"2026 General Primary","BERKS","Representative in the General Assembly","5th Legislative District","Democratic","ANDRES R F SANTIAGO","3,649","0","0","1,761","0","0","1,880","0","0","8","0","0"
"2026 General Primary","BERKS","Representative in the General Assembly","5th Legislative District","Republican","ERIC WEAKNECHT","5,502","0","0","4,404","0","0","1,089","0","0","9","0","0"
"2026 General Primary","BERKS","Representative in the General Assembly","99th Legislative District","Democratic","ETHAN GABRICK","1,015","0","0","524","0","0","490","0","0","1","0","0"
"2026 General Primary","BERKS","Representative in the General Assembly","99th Legislative District","Republican","DAVE ZIMMERMAN","1,040","0","0","784","0","0","256","0","0","0","0","0"
"2026 General Primary","BERKS","Representative in the General Assembly","124th Legislative District","Democratic","TINA BURNS","1,599","0","0","859","0","0","738","0","0","2","0","0"
"2026 General Primary","BERKS","Representative in the General Assembly","124th Legislative District","Republican","JAMIE BARTON","2,265","0","0","1,906","0","0","356","0","0","3","0","0"
"2026 General Primary","BERKS","Representative in the General Assembly","126th Legislative District","Democratic","JACKLYN RUSNOCK","3,292","0","0","1,967","0","0","1,319","0","0","6","0","0"
"2026 General Primary","BERKS","Representative in the General Assembly","126th Legislative District","Democratic","JOSHUA CALTAGIRONE","567","0","0","342","0","0","219","0","0","6","0","0"
"2026 General Primary","BERKS","Representative in the General Assembly","126th Legislative District","Republican","MIGUEL VASQUEZ","1,570","0","0","1,183","0","0","383","0","0","4","0","0"
"2026 General Primary","BERKS","Representative in the General Assembly","127th Legislative District","Democratic","MANNY GUZMAN","1,988","0","0","1,176","0","0","805","0","0","7","0","0"
"2026 General Primary","BERKS","Representative in the General Assembly","128th Legislative District","Democratic","ANDY WAGNER","4,141","0","0","2,153","0","0","1,977","0","0","11","0","0"
"2026 General Primary","BERKS","Representative in the General Assembly","128th Legislative District","Republican","MARK M GILLEN","3,499","0","0","2,801","0","0","692","0","0","6","0","0"
"2026 General Primary","BERKS","Representative in the General Assembly","128th Legislative District","Republican","DAVID HUGHES","1,366","0","0","1,132","0","0","234","0","0","0","0","0"
"2026 General Primary","BERKS","Representative in the General Assembly","129th Legislative District","Democratic","JOHANNY CEPEDA-FREYTIZ","3,768","0","0","2,179","0","0","1,572","0","0","17","0","0"
"2026 General Primary","BERKS","Representative in the General Assembly","130th Legislative District","Democratic","ERIK BONNETT","4,101","0","0","2,162","0","0","1,927","0","0","12","0","0"
"2026 General Primary","BERKS","Representative in the General Assembly","130th Legislative District","Republican","MITCH MICALE","2,110","0","0","1,763","0","0","345","0","0","2","0","0"
"2026 General Primary","BERKS","Representative in the General Assembly","130th Legislative District","Republican","MELISSA BREWER","3,668","0","0","3,105","0","0","560","0","0","3","0","0"
"2026 General Primary","BERKS","Member of Democratic State Committee","Berks County (District 6)","Democratic","CRYSTAL L HARRIS","21,224","0","0","11,283","0","0","9,865","0","0","76","0","0"
"2026 General Primary","BERKS","Member of Democratic State Committee","Berks County (District 6)","Democratic","CANDACE FAYE STITZMAN","20,264","0","0","10,586","0","0","9,609","0","0","69","0","0"
"2026 General Primary","BERKS","Member of Democratic State Committee","Berks County (District 6)","Democratic","PAUL DAVID STENGLE","9,579","0","0","5,002","0","0","4,543","0","0","34","0","0"
"2026 General Primary","BERKS","Member of Democratic State Committee","Berks County (District 6)","Democratic","JAIME BAEZ","15,802","0","0","8,756","0","0","6,981","0","0","65","0","0"
"2026 General Primary","BERKS","Member of Democratic State Committee","Berks County (District 6)","Democratic","LINDA M WOLESLAGLE","19,229","0","0","9,946","0","0","9,223","0","0","60","0","0"
"2026 General Primary","BERKS","Member of Democratic State Committee","Berks County (District 6)","Democratic","JESS ROYER","15,449","0","0","8,119","0","0","7,285","0","0","45","0","0"
"2026 General Primary","BERKS","Member of Democratic State Committee","Berks County (District 6)","Democratic","KEVIN D BOUGHTER","9,489","0","0","5,031","0","0","4,434","0","0","24","0","0"
"2026 General Primary","BERKS","Member of Democratic State Committee","Berks County (District 6)","Democratic","ANTHONY F FIORE","14,246","0","0","7,487","0","0","6,704","0","0","55","0","0"
"2026 General Primary","BERKS","Member of Democratic State Committee","Berks County (District 6)","Democratic","TOM HERMAN","11,447","0","0","5,453","0","0","5,961","0","0","33","0","0"
"2026 General Primary","BERKS","Member of Republican State Committee","Berks County (District 6)","Republican","LAURA JANE MILLER","11,910","0","0","10,191","0","0","1,696","0","0","23","0","0"
"2026 General Primary","BERKS","Member of Republican State Committee","Berks County (District 6)","Republican","MICHAEL CUOZZO","13,098","0","0","10,868","0","0","2,203","0","0","27","0","0"
"2026 General Primary","BERKS","Member of Republican State Committee","Berks County (District 6)","Republican","TAMMY DELUCIA","12,134","0","0","10,294","0","0","1,814","0","0","26","0","0"
"2026 General Primary","BERKS","Member of Republican State Committee","Berks County (District 6)","Republican","JOSHUA WILSON","9,523","0","0","7,567","0","0","1,945","0","0","11","0","0"
"2026 General Primary","BERKS","Member of Republican State Committee","Berks County (District 6)","Republican","SHAWN GAMBLE","12,040","0","0","10,000","0","0","2,019","0","0","21","0","0"
"2026 General Primary","BERKS","Member of Republican State Committee","Berks County (District 6)","Republican","VICTORIA BENTLEY","12,669","0","0","10,277","0","0","2,367","0","0","25","0","0"
"2026 General Primary","BERKS","Member of Republican State Committee","Berks County (District 6)","Republican","STEPHEN GOODLING","9,248","0","0","7,228","0","0","2,005","0","0","15","0","0"
"2026 General Primary","BERKS","Member of Republican State Committee","Berks County (District 6)","Republican","SORANGEL RESTO","5,371","0","0","4,426","0","0","938","0","0","7","0","0"
"2026 General Primary","BERKS","Member of Republican State Committee","Berks County (District 6)","Republican","JOHN A WOJCIK","11,094","0","0","9,553","0","0","1,522","0","0","19","0","0"
"2026 General Primary","BERKS","Member of Republican State Committee","Berks County (District 6)","Republican","SUSAN LARKIN","10,625","0","0","7,951","0","0","2,660","0","0","14","0","0"
"2026 General Primary","BERKS","Member of Republican State Committee","Berks County (District 6)","Republican","BRIAN DORITY","10,357","0","0","8,231","0","0","2,116","0","0","10","0","0"
"2026 General Primary","BERKS","Member of Republican State Committee","Berks County (District 6)","Republican","ROXANN CURRAN","5,562","0","0","4,331","0","0","1,214","0","0","17","0","0"
"2026 General Primary","BERKS","Member of Republican State Committee","Berks County (District 6)","Republican","EUGENIA PAPST","3,710","0","0","2,951","0","0","755","0","0","4","0","0"
"2026 General Primary","BERKS","Member of Republican State Committee","Berks County (District 6)","Republican","LINDA BRANCADORA","10,046","0","0","7,803","0","0","2,221","0","0","22","0","0"
"2026 General Primary","BERKS","Member of Republican State Committee","Berks County (District 6)","Republican","JAMIE KYLE","5,880","0","0","4,364","0","0","1,504","0","0","12","0","0"
"2026 General Primary","BERKS","Member of Republican State Committee","Berks County (District 6)","Republican","BODE BREWER","7,735","0","0","5,785","0","0","1,936","0","0","14","0","0"
"2026 General Primary","BERKS","Member of Republican State Committee","Berks County (District 6)","Republican","LISHA L ROWE","9,705","0","0","7,374","0","0","2,310","0","0","21","0","0"
"2026 General Primary","BERKS","Member of Republican State Committee","Berks County (District 6)","Republican","JOHN FIELDING","9,678","0","0","7,497","0","0","2,159","0","0","22","0","0"
"2026 General Primary","BERKS","Member of Republican State Committee","Berks County (District 6)","Republican","DEAN KLOPP","9,400","0","0","7,532","0","0","1,848","0","0","20","0","0"
"2026 General Primary","BLAIR","Governor","Statewide","Democratic","JOSH SHAPIRO","4,933","0","0","2,258","0","0","2,665","0","0","10","0","0"
"2026 General Primary","BLAIR","Governor","Statewide","Republican","STACY GARRITY","8,720","0","0","6,691","0","0","2,016","0","0","13","0","0"
"2026 General Primary","BLAIR","Lieutenant Governor","Statewide","Democratic","AUSTIN DAVIS","4,843","0","0","2,228","0","0","2,605","0","0","10","0","0"
"2026 General Primary","BLAIR","Lieutenant Governor","Statewide","Republican","JOHN VENTRE","3,038","0","0","2,271","0","0","765","0","0","2","0","0"
"2026 General Primary","BLAIR","Lieutenant Governor","Statewide","Republican","JASON RICHEY","5,828","0","0","4,523","0","0","1,294","0","0","11","0","0"
"2026 General Primary","BLAIR","Representative in Congress","13th Congressional District","Democratic","BETH FARNHAM","4,793","0","0","2,199","0","0","2,585","0","0","9","0","0"
"2026 General Primary","BLAIR","Representative in Congress","13th Congressional District","Republican","JOHN JOYCE","8,945","0","0","6,832","0","0","2,100","0","0","13","0","0"
"2026 General Primary","BLAIR","Senator in the General Assembly","30th Senatorial District","Democratic","SEAN STEEG","4,769","0","0","2,190","0","0","2,569","0","0","10","0","0"
"2026 General Primary","BLAIR","Senator in the General Assembly","30th Senatorial District","Republican","JUDY WARD","9,139","0","0","6,919","0","0","2,207","0","0","13","0","0"
"2026 General Primary","BLAIR","Representative in the General Assembly","79th Legislative District","Democratic","CALEB MCCOY","2,787","0","0","1,386","0","0","1,393","0","0","8","0","0"
"2026 General Primary","BLAIR","Representative in the General Assembly","79th Legislative District","Republican","ANDREA C VEROBISH","3,779","0","0","2,927","0","0","846","0","0","6","0","0"
"2026 General Primary","BLAIR","Representative in the General Assembly","80th Legislative District","Democratic","SARAH HOLLAND","2,018","0","0","851","0","0","1,165","0","0","2","0","0"
"2026 General Primary","BLAIR","Representative in the General Assembly","80th Legislative District","Republican","SCOTT BARGER","5,116","0","0","3,852","0","0","1,257","0","0","7","0","0"
"2026 General Primary","BLAIR","Member of Democratic State Committee","Blair County (District 7)","Democratic","GILLIAN KRATZER","4,827","0","0","2,224","0","0","2,593","0","0","10","0","0"
"2026 General Primary","BLAIR","Member of Republican State Committee","Blair County (District 7)","Republican","KATHY GASSLER","7,384","0","0","5,566","0","0","1,811","0","0","7","0","0"
"2026 General Primary","BLAIR","Member of Republican State Committee","Blair County (District 7)","Republican","DEVON HENNINGER","6,336","0","0","4,757","0","0","1,573","0","0","6","0","0"
"2026 General Primary","BLAIR","Member of Republican State Committee","Blair County (District 7)","Republican","SHELLEY CLINICH","6,980","0","0","5,209","0","0","1,762","0","0","9","0","0"
"2026 General Primary","BLAIR","Member of Republican State Committee","Blair County (District 7)","Republican","AUGUST C STICKEL IV","6,692","0","0","4,972","0","0","1,712","0","0","8","0","0"
"2026 General Primary","BLAIR","Member of Republican State Committee","Blair County (District 7)","Republican","BILL WARD JR","7,964","0","0","5,942","0","0","2,013","0","0","9","0","0"
"2026 General Primary","BRADFORD","Governor","Statewide","Democratic","JOSH SHAPIRO","2,137","0","0","1,090","0","0","1,044","0","0","3","0","0"
"2026 General Primary","BRADFORD","Governor","Statewide","Republican","STACY GARRITY","4,915","0","0","4,056","0","0","851","0","0","8","0","0"
"2026 General Primary","BRADFORD","Lieutenant Governor","Statewide","Democratic","AUSTIN DAVIS","2,068","0","0","1,056","0","0","1,009","0","0","3","0","0"
"2026 General Primary","BRADFORD","Lieutenant Governor","Statewide","Republican","JOHN VENTRE","1,330","0","0","1,080","0","0","248","0","0","2","0","0"
"2026 General Primary","BRADFORD","Lieutenant Governor","Statewide","Republican","JASON RICHEY","3,377","0","0","2,806","0","0","565","0","0","6","0","0"
"2026 General Primary","BRADFORD","Representative in Congress","9th Congressional District","Democratic","RACHEL WALLACE","2,019","0","0","1,025","0","0","991","0","0","3","0","0"
"2026 General Primary","BRADFORD","Representative in Congress","9th Congressional District","Republican","DAN MEUSER","4,818","0","0","3,968","0","0","842","0","0","8","0","0"
"2026 General Primary","BRADFORD","Representative in the General Assembly","68th Legislative District","Democratic","QUENTIN GEE","652","0","0","339","0","0","313","0","0","0","0","0"
"2026 General Primary","BRADFORD","Representative in the General Assembly","68th Legislative District","Republican","CLINT OWLETT","2,041","0","0","1,673","0","0","366","0","0","2","0","0"
"2026 General Primary","BRADFORD","Representative in the General Assembly","110th Legislative District","Democratic","PAMELA J HEMANN","1,368","0","0","687","0","0","679","0","0","2","0","0"
"2026 General Primary","BRADFORD","Representative in the General Assembly","110th Legislative District","Republican","TINA PICKETT","3,003","0","0","2,459","0","0","538","0","0","6","0","0"
"2026 General Primary","BRADFORD","Member of Republican State Committee","Bradford County (District 8)","Republican","WENDE MCLINKO","3,876","0","0","3,131","0","0","739","0","0","6","0","0"
"2026 General Primary","BRADFORD","Member of Republican State Committee","Bradford County (District 8)","Republican","ERIC MATTHEWS","4,140","0","0","3,345","0","0","786","0","0","9","0","0"
"2026 General Primary","BUCKS","Governor","Statewide","Democratic","JOSH SHAPIRO","68,429","0","0","31,038","0","0","37,208","0","0","183","0","0"
"2026 General Primary","BUCKS","Governor","Statewide","Republican","STACY GARRITY","38,887","0","0","25,881","0","0","12,929","0","0","77","0","0"
"2026 General Primary","BUCKS","Lieutenant Governor","Statewide","Democratic","AUSTIN DAVIS","67,044","0","0","30,437","0","0","36,430","0","0","177","0","0"
"2026 General Primary","BUCKS","Lieutenant Governor","Statewide","Republican","JOHN VENTRE","11,375","0","0","6,583","0","0","4,771","0","0","21","0","0"
"2026 General Primary","BUCKS","Lieutenant Governor","Statewide","Republican","JASON RICHEY","27,889","0","0","19,770","0","0","8,064","0","0","55","0","0"
"2026 General Primary","BUCKS","Representative in Congress","1st Congressional District","Democratic","BOB HARVIE","45,029","0","0","21,056","0","0","23,829","0","0","144","0","0"
"2026 General Primary","BUCKS","Representative in Congress","1st Congressional District","Democratic","LUCIA SIMONELLI","23,272","0","0","10,434","0","0","12,798","0","0","40","0","0"
"2026 General Primary","BUCKS","Representative in Congress","1st Congressional District","Republican","BRIAN FITZPATRICK","37,635","0","0","24,302","0","0","13,259","0","0","74","0","0"
"2026 General Primary","BUCKS","Senator in the General Assembly","6th Senatorial District","Democratic","EILEEN HARTNETT ALBILLAR","25,476","0","0","11,110","0","0","14,303","0","0","63","0","0"
"2026 General Primary","BUCKS","Senator in the General Assembly","6th Senatorial District","Republican","FRANK FARRY","17,823","0","0","11,717","0","0","6,066","0","0","40","0","0"
"2026 General Primary","BUCKS","Senator in the General Assembly","10th Senatorial District","Democratic","STEVE SANTARSIERO","31,715","0","0","14,752","0","0","16,875","0","0","88","0","0"
"2026 General Primary","BUCKS","Senator in the General Assembly","10th Senatorial District","Republican","GREG BANKOS","13,860","0","0","8,726","0","0","5,110","0","0","24","0","0"
"2026 General Primary","BUCKS","Senator in the General Assembly","16th Senatorial District","Democratic","MARK PINSLEY","2,993","0","0","1,590","0","0","1,397","0","0","6","0","0"
"2026 General Primary","BUCKS","Senator in the General Assembly","16th Senatorial District","Democratic","BRADLEY MERKL-GUMP","7,071","0","0","3,251","0","0","3,800","0","0","20","0","0"
"2026 General Primary","BUCKS","Senator in the General Assembly","16th Senatorial District","Republican","JARRETT COLEMAN","8,214","0","0","5,950","0","0","2,253","0","0","11","0","0"
"2026 General Primary","BUCKS","Representative in the General Assembly","18th Legislative District","Democratic","BRYAN ALLEN","4,690","0","0","2,242","0","0","2,435","0","0","13","0","0"
"2026 General Primary","BUCKS","Representative in the General Assembly","18th Legislative District","Republican","KATHLEEN KC TOMLINSON","3,308","0","0","2,281","0","0","1,024","0","0","3","0","0"
"2026 General Primary","BUCKS","Representative in the General Assembly","29th Legislative District","Democratic","TIM BRENNAN","9,510","0","0","4,327","0","0","5,156","0","0","27","0","0"
"2026 General Primary","BUCKS","Representative in the General Assembly","29th Legislative District","Republican","SEAN DUFFY","4,253","0","0","2,397","0","0","1,846","0","0","10","0","0"
"2026 General Primary","BUCKS","Representative in the General Assembly","31st Legislative District","Democratic","PERRY WARREN","9,209","0","0","3,752","0","0","5,428","0","0","29","0","0"
"2026 General Primary","BUCKS","Representative in the General Assembly","140th Legislative District","Democratic","JIM PROKOPIAK","5,892","0","0","3,133","0","0","2,740","0","0","19","0","0"
"2026 General Primary","BUCKS","Representative in the General Assembly","140th Legislative District","Republican","MICHAEL J GETTIS","2,426","0","0","1,773","0","0","649","0","0","4","0","0"
"2026 General Primary","BUCKS","Representative in the General Assembly","141st Legislative District","Democratic","TINA DAVIS","5,790","0","0","3,074","0","0","2,702","0","0","14","0","0"
"2026 General Primary","BUCKS","Representative in the General Assembly","141st Legislative District","Republican","KEN VELEZ","2,100","0","0","1,568","0","0","530","0","0","2","0","0"
"2026 General Primary","BUCKS","Representative in the General Assembly","142nd Legislative District","Democratic","KRISTIN EGAN","6,552","0","0","2,905","0","0","3,635","0","0","12","0","0"
"2026 General Primary","BUCKS","Representative in the General Assembly","142nd Legislative District","Republican","JOE HOGAN","4,413","0","0","3,039","0","0","1,369","0","0","5","0","0"
"2026 General Primary","BUCKS","Representative in the General Assembly","143rd Legislative District","Democratic","TIM HAYES","6,692","0","0","3,199","0","0","3,484","0","0","9","0","0"
"2026 General Primary","BUCKS","Representative in the General Assembly","143rd Legislative District","Republican","SHELBY LABS","4,830","0","0","3,307","0","0","1,519","0","0","4","0","0"
"2026 General Primary","BUCKS","Representative in the General Assembly","144th Legislative District","Democratic","BRIAN MUNROE","7,081","0","0","2,757","0","0","4,311","0","0","13","0","0"
"2026 General Primary","BUCKS","Representative in the General Assembly","144th Legislative District","Republican","MIKE MURPHY","4,282","0","0","2,535","0","0","1,727","0","0","20","0","0"
"2026 General Primary","BUCKS","Representative in the General Assembly","145th Legislative District","Democratic","LES MAVUS","5,354","0","0","2,534","0","0","2,804","0","0","16","0","0"
"2026 General Primary","BUCKS","Representative in the General Assembly","145th Legislative District","Republican","CRAIG STAATS","5,081","0","0","3,720","0","0","1,352","0","0","9","0","0"
"2026 General Primary","BUCKS","Representative in the General Assembly","178th Legislative District","Democratic","MONICA WENINGER","6,339","0","0","2,627","0","0","3,691","0","0","21","0","0"
"2026 General Primary","BUCKS","Representative in the General Assembly","178th Legislative District","Republican","KRISTIN MARCELL","5,356","0","0","3,417","0","0","1,927","0","0","12","0","0"
"2026 General Primary","BUCKS","Member of Democratic State Committee","Bucks County (District 9)","Democratic","STEVE WOJCIECHOWSKI","49,311","0","0","23,011","0","0","26,171","0","0","129","0","0"
"2026 General Primary","BUCKS","Member of Democratic State Committee","Bucks County (District 9)","Democratic","PAUL ROBERT RODEN","46,182","0","0","21,276","0","0","24,790","0","0","116","0","0"
"2026 General Primary","BUCKS","Member of Democratic State Committee","Bucks County (District 9)","Democratic","NASTASHA RAISLEY","51,669","0","0","24,481","0","0","27,055","0","0","133","0","0"
"2026 General Primary","BUCKS","Member of Democratic State Committee","Bucks County (District 9)","Democratic","IJAZ MANZOOR CHAUDHRY","40,151","0","0","19,784","0","0","20,263","0","0","104","0","0"
"2026 General Primary","BUCKS","Member of Democratic State Committee","Bucks County (District 9)","Democratic","UMAR FAROOQ","42,862","0","0","21,139","0","0","21,614","0","0","109","0","0"
"2026 General Primary","BUCKS","Member of Democratic State Committee","Bucks County (District 9)","Democratic","ELEANOR BRESLIN","49,901","0","0","23,375","0","0","26,396","0","0","130","0","0"
"2026 General Primary","BUCKS","Member of Democratic State Committee","Bucks County (District 9)","Democratic","EMILY GOBLE SMITH","47,297","0","0","22,261","0","0","24,920","0","0","116","0","0"
"2026 General Primary","BUCKS","Member of Democratic State Committee","Bucks County (District 9)","Democratic","MARLENE KATZ","51,296","0","0","23,714","0","0","27,455","0","0","127","0","0"
"2026 General Primary","BUCKS","Member of Democratic State Committee","Bucks County (District 9)","Democratic","LEANN HART","52,316","0","0","24,404","0","0","27,789","0","0","123","0","0"
"2026 General Primary","BUCKS","Member of Democratic State Committee","Bucks County (District 9)","Democratic","JOHN B LEWIS","46,187","0","0","21,209","0","0","24,862","0","0","116","0","0"
"2026 General Primary","BUCKS","Member of Democratic State Committee","Bucks County (District 9)","Democratic","JESSICA J MALOBISKY","48,709","0","0","22,709","0","0","25,880","0","0","120","0","0"
"2026 General Primary","BUCKS","Member of Democratic State Committee","Bucks County (District 9)","Democratic","CONNOR O'HANLON","50,280","0","0","22,914","0","0","27,243","0","0","123","0","0"
"2026 General Primary","BUCKS","Member of Democratic State Committee","Bucks County (District 9)","Democratic","SEEMA KAZMI","28,306","0","0","12,752","0","0","15,485","0","0","69","0","0"
"2026 General Primary","BUCKS","Member of Democratic State Committee","Bucks County (District 9)","Democratic","LIZ WARREN","54,947","0","0","25,212","0","0","29,605","0","0","130","0","0"
"2026 General Primary","BUCKS","Member of Democratic State Committee","Bucks County (District 9)","Democratic","KYLE ESPOSITO","20,495","0","0","8,315","0","0","12,137","0","0","43","0","0"
"2026 General Primary","BUCKS","Member of Republican State Committee","Bucks County (District 9)","Republican","MEGHAN SCHROEDER","27,934","0","0","18,091","0","0","9,789","0","0","54","0","0"
"2026 General Primary","BUCKS","Member of Republican State Committee","Bucks County (District 9)","Republican","DON PETRILLE","24,638","0","0","16,399","0","0","8,192","0","0","47","0","0"
"2026 General Primary","BUCKS","Member of Republican State Committee","Bucks County (District 9)","Republican","SHARON CLANCY","12,466","0","0","8,640","0","0","3,802","0","0","24","0","0"
"2026 General Primary","BUCKS","Member of Republican State Committee","Bucks County (District 9)","Republican","DIANE DOWLER","24,212","0","0","15,630","0","0","8,534","0","0","48","0","0"
"2026 General Primary","BUCKS","Member of Republican State Committee","Bucks County (District 9)","Republican","MIKE DOMANICO","13,775","0","0","9,277","0","0","4,466","0","0","32","0","0"
"2026 General Primary","BUCKS","Member of Republican State Committee","Bucks County (District 9)","Republican","RAYMOND GOODNOE","24,218","0","0","16,131","0","0","8,036","0","0","51","0","0"
"2026 General Primary","BUCKS","Member of Republican State Committee","Bucks County (District 9)","Republican","RICHARD ARNOTT","13,715","0","0","9,077","0","0","4,616","0","0","22","0","0"
"2026 General Primary","BUCKS","Member of Republican State Committee","Bucks County (District 9)","Republican","CARIBE CC GISCOMBE","8,425","0","0","6,361","0","0","2,046","0","0","18","0","0"
"2026 General Primary","BUCKS","Member of Republican State Committee","Bucks County (District 9)","Republican","HENRY E VAN BLUNK","26,401","0","0","17,099","0","0","9,256","0","0","46","0","0"
"2026 General Primary","BUCKS","Member of Republican State Committee","Bucks County (District 9)","Republican","ROBERT SELLERS","22,632","0","0","15,199","0","0","7,389","0","0","44","0","0"
"2026 General Primary","BUCKS","Member of Republican State Committee","Bucks County (District 9)","Republican","JOSEPH SROKA","21,567","0","0","14,499","0","0","7,025","0","0","43","0","0"
"2026 General Primary","BUCKS","Member of Republican State Committee","Bucks County (District 9)","Republican","ANDY MEEHAN","12,054","0","0","8,583","0","0","3,450","0","0","21","0","0"
"2026 General Primary","BUCKS","Member of Republican State Committee","Bucks County (District 9)","Republican","COLLEEN STRUNK","24,953","0","0","16,211","0","0","8,695","0","0","47","0","0"
"2026 General Primary","BUCKS","Member of Republican State Committee","Bucks County (District 9)","Republican","BARBARA GARWOOD","10,726","0","0","7,606","0","0","3,100","0","0","20","0","0"
"2026 General Primary","BUCKS","Member of Republican State Committee","Bucks County (District 9)","Republican","LISA VON DEYLEN","10,153","0","0","7,292","0","0","2,841","0","0","20","0","0"
"2026 General Primary","BUCKS","Member of Republican State Committee","Bucks County (District 9)","Republican","NICK BORDNER","24,055","0","0","15,783","0","0","8,227","0","0","45","0","0"
"2026 General Primary","BUCKS","Member of Republican State Committee","Bucks County (District 9)","Republican","MARY E VIGNA","11,187","0","0","7,674","0","0","3,493","0","0","20","0","0"
"2026 General Primary","BUCKS","Member of Republican State Committee","Bucks County (District 9)","Republican","TOM PANZER","25,542","0","0","16,576","0","0","8,921","0","0","45","0","0"
"2026 General Primary","BUCKS","Member of Republican State Committee","Bucks County (District 9)","Republican","DAVID BREIDINGER","23,122","0","0","15,360","0","0","7,717","0","0","45","0","0"
"2026 General Primary","BUCKS","Member of Republican State Committee","Bucks County (District 9)","Republican","SAVANNAH MCCLOSKEY","23,889","0","0","15,842","0","0","8,002","0","0","45","0","0"
"2026 General Primary","BUCKS","Member of Republican State Committee","Bucks County (District 9)","Republican","ELLEN COX","26,202","0","0","16,813","0","0","9,344","0","0","45","0","0"
"2026 General Primary","BUCKS","Member of Republican State Committee","Bucks County (District 9)","Republican","FRAN GROUS","9,219","0","0","6,792","0","0","2,414","0","0","13","0","0"
"2026 General Primary","BUCKS","Member of Republican State Committee","Bucks County (District 9)","Republican","KEITH HOFFMAN","12,750","0","0","8,620","0","0","4,108","0","0","22","0","0"
"2026 General Primary","BUCKS","Member of Republican State Committee","Bucks County (District 9)","Republican","RENEE FAGAN","11,482","0","0","8,041","0","0","3,421","0","0","20","0","0"
"2026 General Primary","BUCKS","Member of Republican State Committee","Bucks County (District 9)","Republican","FRANK BARNHARDT","10,719","0","0","7,699","0","0","2,999","0","0","21","0","0"
"2026 General Primary","BUCKS","Member of Republican State Committee","Bucks County (District 9)","Republican","RON AROOJ","9,473","0","0","6,827","0","0","2,633","0","0","13","0","0"
"2026 General Primary","BUCKS","Member of Republican State Committee","Bucks County (District 9)","Republican","CANDACE CABANAS","22,805","0","0","15,032","0","0","7,728","0","0","45","0","0"
"2026 General Primary","BUCKS","Member of Republican State Committee","Bucks County (District 9)","Republican","SEAN RADOMSKI","22,697","0","0","14,728","0","0","7,925","0","0","44","0","0"
"2026 General Primary","BUCKS","Member of Republican State Committee","Bucks County (District 9)","Republican","AMALIA RITTER","22,492","0","0","14,643","0","0","7,815","0","0","34","0","0"
"2026 General Primary","BUCKS","Member of Republican State Committee","Bucks County (District 9)","Republican","MICHELLE BENITEZ","22,385","0","0","14,522","0","0","7,821","0","0","42","0","0"
"2026 General Primary","BUCKS","Member of Republican State Committee","Bucks County (District 9)","Republican","KEVIN LEE","11,015","0","0","7,415","0","0","3,585","0","0","15","0","0"
"2026 General Primary","BUCKS","Member of Republican State Committee","Bucks County (District 9)","Republican","LIZ DIEHL","10,914","0","0","7,571","0","0","3,329","0","0","14","0","0"
"2026 General Primary","BUCKS","Member of Republican State Committee","Bucks County (District 9)","Republican","STEPHANIE SHORTALL","22,959","0","0","14,716","0","0","8,205","0","0","38","0","0"
"2026 General Primary","BUTLER","Governor","Statewide","Democratic","JOSH SHAPIRO","12,033","0","0","5,427","0","0","6,579","0","0","27","0","0"
"2026 General Primary","BUTLER","Governor","Statewide","Republican","STACY GARRITY","15,608","0","0","12,497","0","0","3,093","0","0","18","0","0"
"2026 General Primary","BUTLER","Lieutenant Governor","Statewide","Democratic","AUSTIN DAVIS","11,837","0","0","5,348","0","0","6,463","0","0","26","0","0"
"2026 General Primary","BUTLER","Lieutenant Governor","Statewide","Republican","JOHN VENTRE","6,542","0","0","5,321","0","0","1,214","0","0","7","0","0"
"2026 General Primary","BUTLER","Lieutenant Governor","Statewide","Republican","JASON RICHEY","9,341","0","0","7,298","0","0","2,032","0","0","11","0","0"
"2026 General Primary","BUTLER","Representative in Congress","16th Congressional District","Democratic","JUSTIN WAGNER","11,642","0","0","5,321","0","0","6,295","0","0","26","0","0"
"2026 General Primary","BUTLER","Representative in Congress","16th Congressional District","Republican","MIKE KELLY","15,888","0","0","12,637","0","0","3,232","0","0","19","0","0"
"2026 General Primary","BUTLER","Representative in the General Assembly","8th Legislative District","Democratic","RICK TELESZ","2,534","0","0","1,081","0","0","1,445","0","0","8","0","0"
"2026 General Primary","BUTLER","Representative in the General Assembly","8th Legislative District","Republican","AARON BERNSTINE","4,002","0","0","3,235","0","0","766","0","0","1","0","0"
"2026 General Primary","BUTLER","Representative in the General Assembly","11th Legislative District","Republican","MARCI MUSTELLO","4,843","0","0","3,881","0","0","957","0","0","5","0","0"
"2026 General Primary","BUTLER","Representative in the General Assembly","12th Legislative District","Democratic","BRANDON DUKES","4,641","0","0","2,071","0","0","2,554","0","0","16","0","0"
"2026 General Primary","BUTLER","Representative in the General Assembly","12th Legislative District","Republican","ETHAN NICHOLAS","2,988","0","0","2,269","0","0","715","0","0","4","0","0"
"2026 General Primary","BUTLER","Representative in the General Assembly","12th Legislative District","Republican","SCOTT TIMKO","3,207","0","0","2,429","0","0","772","0","0","6","0","0"
"2026 General Primary","BUTLER","Representative in the General Assembly","17th Legislative District","Republican","TIM BONNER","1,381","0","0","1,180","0","0","200","0","0","1","0","0"
"2026 General Primary","BUTLER","Member of Democratic State Committee","Butler County (District 10)","Democratic","KAREN BARBATI","6,785","0","0","3,181","0","0","3,587","0","0","17","0","0"
"2026 General Primary","BUTLER","Member of Democratic State Committee","Butler County (District 10)","Democratic","KEVIN E BOOZEL","6,921","0","0","3,113","0","0","3,794","0","0","14","0","0"
"2026 General Primary","BUTLER","Member of Democratic State Committee","Butler County (District 10)","Democratic","HEIDI PRIEST","7,753","0","0","3,668","0","0","4,068","0","0","17","0","0"
"2026 General Primary","BUTLER","Member of Democratic State Committee","Butler County (District 10)","Democratic","LOU HANCHERICK","3,021","0","0","1,390","0","0","1,623","0","0","8","0","0"
"2026 General Primary","BUTLER","Member of Democratic State Committee","Butler County (District 10)","Democratic","ROBERT L VIGUE","3,549","0","0","1,489","0","0","2,053","0","0","7","0","0"
"2026 General Primary","BUTLER","Member of Democratic State Committee","Butler County (District 10)","Democratic","PHIL C HEASLEY","4,205","0","0","1,988","0","0","2,213","0","0","4","0","0"
"2026 General Primary","BUTLER","Member of Republican State Committee","Butler County (District 10)","Republican","ED NATALI","9,246","0","0","7,234","0","0","2,001","0","0","11","0","0"
"2026 General Primary","BUTLER","Member of Republican State Committee","Butler County (District 10)","Republican","MARCI MUSTELLO","11,232","0","0","8,696","0","0","2,523","0","0","13","0","0"
"2026 General Primary","BUTLER","Member of Republican State Committee","Butler County (District 10)","Republican","MICHELE MUSTELLO","7,156","0","0","5,776","0","0","1,374","0","0","6","0","0"
"2026 General Primary","BUTLER","Member of Republican State Committee","Butler County (District 10)","Republican","SYLVIA MAXWELL","4,919","0","0","3,942","0","0","970","0","0","7","0","0"
"2026 General Primary","BUTLER","Member of Republican State Committee","Butler County (District 10)","Republican","SHANA J REINHART","7,476","0","0","5,890","0","0","1,577","0","0","9","0","0"
"2026 General Primary","BUTLER","Member of Republican State Committee","Butler County (District 10)","Republican","RYAN B MARTIN","6,836","0","0","5,424","0","0","1,401","0","0","11","0","0"
"2026 General Primary","BUTLER","Member of Republican State Committee","Butler County (District 10)","Republican","FREDERICK W HENSEL","5,791","0","0","4,842","0","0","941","0","0","8","0","0"
"2026 General Primary","BUTLER","Member of Republican State Committee","Butler County (District 10)","Republican","MIKE SLUPE","11,096","0","0","8,849","0","0","2,235","0","0","12","0","0"
"2026 General Primary","BUTLER","Member of Republican State Committee","Butler County (District 10)","Republican","CHESTER JACK","6,170","0","0","4,969","0","0","1,194","0","0","7","0","0"
"2026 General Primary","BUTLER","Member of Republican State Committee","Butler County (District 10)","Republican","AARON ROSE","6,789","0","0","5,350","0","0","1,430","0","0","9","0","0"
"2026 General Primary","BUTLER","Member of Republican State Committee","Butler County (District 10)","Republican","THOMAS E BRETH","6,389","0","0","5,116","0","0","1,270","0","0","3","0","0"
"2026 General Primary","BUTLER","Member of Republican State Committee","Butler County (District 10)","Republican","DONNA M HENSEL","8,548","0","0","6,855","0","0","1,681","0","0","12","0","0"
"2026 General Primary","BUTLER","Member of Republican State Committee","Butler County (District 10)","Republican","DENISE TABACCHI","6,231","0","0","5,084","0","0","1,141","0","0","6","0","0"
"2026 General Primary","CAMBRIA","Governor","Statewide","Democratic","JOSH SHAPIRO","7,921","0","0","4,288","0","0","3,619","0","0","14","0","0"
"2026 General Primary","CAMBRIA","Governor","Statewide","Republican","STACY GARRITY","7,993","0","0","6,552","0","0","1,434","0","0","7","0","0"
"2026 General Primary","CAMBRIA","Lieutenant Governor","Statewide","Democratic","AUSTIN DAVIS","7,813","0","0","4,238","0","0","3,560","0","0","15","0","0"
"2026 General Primary","CAMBRIA","Lieutenant Governor","Statewide","Republican","JOHN VENTRE","3,517","0","0","2,935","0","0","580","0","0","2","0","0"
"2026 General Primary","CAMBRIA","Lieutenant Governor","Statewide","Republican","JASON RICHEY","4,621","0","0","3,720","0","0","896","0","0","5","0","0"
"2026 General Primary","CAMBRIA","Representative in Congress","13th Congressional District","Democratic","BETH FARNHAM","7,633","0","0","4,160","0","0","3,459","0","0","14","0","0"
"2026 General Primary","CAMBRIA","Representative in Congress","13th Congressional District","Republican","JOHN JOYCE","8,215","0","0","6,729","0","0","1,479","0","0","7","0","0"
"2026 General Primary","CAMBRIA","Representative in the General Assembly","71st Legislative District","Republican","JIM RIGBY","3,632","0","0","2,997","0","0","631","0","0","4","0","0"
"2026 General Primary","CAMBRIA","Representative in the General Assembly","72nd Legislative District","Democratic","FRANK BURNS","3,990","0","0","2,162","0","0","1,824","0","0","4","0","0"
"2026 General Primary","CAMBRIA","Representative in the General Assembly","72nd Legislative District","Republican","PHIL RICE","3,508","0","0","2,777","0","0","729","0","0","2","0","0"
"2026 General Primary","CAMBRIA","Representative in the General Assembly","73rd Legislative District","Republican","DALLAS KEPHART","1,105","0","0","963","0","0","141","0","0","1","0","0"
"2026 General Primary","CAMBRIA","Member of Democratic State Committee","Cambria County (District 11)","Democratic","TODD HOLSOPPLE","3,935","0","0","2,206","0","0","1,724","0","0","5","0","0"
"2026 General Primary","CAMBRIA","Member of Democratic State Committee","Cambria County (District 11)","Democratic","FAYLYNN R KASSANDER","3,874","0","0","2,079","0","0","1,787","0","0","8","0","0"
"2026 General Primary","CAMBRIA","Member of Democratic State Committee","Cambria County (District 11)","Democratic","NICHOLAS MOLNAR","3,576","0","0","1,912","0","0","1,657","0","0","7","0","0"
"2026 General Primary","CAMBRIA","Member of Democratic State Committee","Cambria County (District 11)","Democratic","SHARON BURK","3,961","0","0","2,194","0","0","1,759","0","0","8","0","0"
"2026 General Primary","CAMBRIA","Member of Republican State Committee","Cambria County (District 11)","Republican","LOREEN BENCIE","5,858","0","0","4,610","0","0","1,245","0","0","3","0","0"
"2026 General Primary","CAMBRIA","Member of Republican State Committee","Cambria County (District 11)","Republican","JIM VASILKO","6,559","0","0","5,248","0","0","1,304","0","0","7","0","0"
"2026 General Primary","CAMBRIA","Member of Republican State Committee","Cambria County (District 11)","Republican","JACQUELINE KULBACK","6,276","0","0","4,952","0","0","1,317","0","0","7","0","0"
"2026 General Primary","CAMBRIA","Member of Republican State Committee","Cambria County (District 11)","Republican","ROB GLEASON","5,590","0","0","4,359","0","0","1,227","0","0","4","0","0"
"2026 General Primary","CAMERON","Governor","Statewide","Democratic","JOSH SHAPIRO","182","0","0","90","0","0","92","0","0","0","0","0"
"2026 General Primary","CAMERON","Governor","Statewide","Republican","STACY GARRITY","451","0","0","338","0","0","113","0","0","0","0","0"
"2026 General Primary","CAMERON","Lieutenant Governor","Statewide","Democratic","AUSTIN DAVIS","179","0","0","86","0","0","93","0","0","0","0","0"
"2026 General Primary","CAMERON","Lieutenant Governor","Statewide","Republican","JOHN VENTRE","163","0","0","129","0","0","34","0","0","0","0","0"
"2026 General Primary","CAMERON","Lieutenant Governor","Statewide","Republican","JASON RICHEY","277","0","0","199","0","0","78","0","0","0","0","0"
"2026 General Primary","CAMERON","Representative in Congress","15th Congressional District","Democratic","RAY BILGER","176","0","0","84","0","0","92","0","0","0","0","0"
"2026 General Primary","CAMERON","Representative in Congress","15th Congressional District","Republican","GLENN GT THOMPSON","453","0","0","336","0","0","117","0","0","0","0","0"
"2026 General Primary","CAMERON","Representative in the General Assembly","67th Legislative District","Democratic","ZACHARY WARE","173","0","0","84","0","0","89","0","0","0","0","0"
"2026 General Primary","CAMERON","Representative in the General Assembly","67th Legislative District","Republican","MARTIN T CAUSER","467","0","0","347","0","0","120","0","0","0","0","0"
"2026 General Primary","CARBON","Governor","Statewide","Democratic","JOSH SHAPIRO","4,151","0","0","2,436","0","0","1,704","0","0","11","0","0"
"2026 General Primary","CARBON","Governor","Statewide","Republican","STACY GARRITY","4,397","0","0","3,783","0","0","607","0","0","7","0","0"
"2026 General Primary","CARBON","Lieutenant Governor","Statewide","Democratic","AUSTIN DAVIS","3,779","0","0","2,211","0","0","1,558","0","0","10","0","0"
"2026 General Primary","CARBON","Lieutenant Governor","Statewide","Republican","JOHN VENTRE","1,517","0","0","1,302","0","0","214","0","0","1","0","0"
"2026 General Primary","CARBON","Lieutenant Governor","Statewide","Republican","JASON RICHEY","2,744","0","0","2,346","0","0","392","0","0","6","0","0"
"2026 General Primary","CARBON","Representative in Congress","7th Congressional District","Democratic","CAROL OBANDO-DERSTINE","807","0","0","449","0","0","356","0","0","2","0","0"
"2026 General Primary","CARBON","Representative in Congress","7th Congressional District","Democratic","BOB BROOKS","1,600","0","0","1,095","0","0","500","0","0","5","0","0"
"2026 General Primary","CARBON","Representative in Congress","7th Congressional District","Democratic","LAMONT G MCCLURE","905","0","0","492","0","0","411","0","0","2","0","0"
"2026 General Primary","CARBON","Representative in Congress","7th Congressional District","Democratic","RYAN CROSSWELL","849","0","0","446","0","0","401","0","0","2","0","0"
"2026 General Primary","CARBON","Representative in Congress","7th Congressional District","Republican","RYAN MACKENZIE","4,491","0","0","3,865","0","0","618","0","0","8","0","0"
"2026 General Primary","CARBON","Representative in the General Assembly","122nd Legislative District","Republican","DOYLE HEFFLEY","4,374","0","0","3,706","0","0","660","0","0","8","0","0"
"2026 General Primary","CARBON","Member of Republican State Committee","Carbon County (District 13)","Republican","ROCHELLE PASQUARIELLO","2,685","0","0","2,337","0","0","341","0","0","7","0","0"
"2026 General Primary","CARBON","Member of Republican State Committee","Carbon County (District 13)","Republican","DARIN DOTTER","3,266","0","0","2,738","0","0","523","0","0","5","0","0"
"2026 General Primary","CARBON","Member of Republican State Committee","Carbon County (District 13)","Republican","REBECCA HASSENBEIN","1,889","0","0","1,596","0","0","291","0","0","2","0","0"
"2026 General Primary","CENTRE","Governor","Statewide","Democratic","JOSH SHAPIRO","11,492","0","0","5,595","0","0","5,880","0","0","17","0","0"
"2026 General Primary","CENTRE","Governor","Statewide","Republican","STACY GARRITY","7,224","0","0","5,330","0","0","1,887","0","0","7","0","0"
"2026 General Primary","CENTRE","Lieutenant Governor","Statewide","Democratic","AUSTIN DAVIS","11,362","0","0","5,539","0","0","5,806","0","0","17","0","0"
"2026 General Primary","CENTRE","Lieutenant Governor","Statewide","Republican","JOHN VENTRE","2,475","0","0","1,716","0","0","758","0","0","1","0","0"
"2026 General Primary","CENTRE","Lieutenant Governor","Statewide","Republican","JASON RICHEY","5,201","0","0","3,974","0","0","1,221","0","0","6","0","0"
"2026 General Primary","CENTRE","Representative in Congress","15th Congressional District","Democratic","RAY BILGER","11,472","0","0","5,616","0","0","5,840","0","0","16","0","0"
"2026 General Primary","CENTRE","Representative in Congress","15th Congressional District","Republican","GLENN GT THOMPSON","7,779","0","0","5,778","0","0","1,994","0","0","7","0","0"
"2026 General Primary","CENTRE","Representative in the General Assembly","77th Legislative District","Democratic","H SCOTT CONKLIN","4,673","0","0","2,352","0","0","2,317","0","0","4","0","0"
"2026 General Primary","CENTRE","Representative in the General Assembly","77th Legislative District","Republican","MICHELLE SCHELLBERG","2,507","0","0","1,815","0","0","689","0","0","3","0","0"
"2026 General Primary","CENTRE","Representative in the General Assembly","82nd Legislative District","Democratic","PAUL TAKAC","4,518","0","0","2,136","0","0","2,374","0","0","8","0","0"
"2026 General Primary","CENTRE","Representative in the General Assembly","82nd Legislative District","Republican","KIRSTEN MCTERNAN","2,652","0","0","1,876","0","0","774","0","0","2","0","0"
"2026 General Primary","CENTRE","Representative in the General Assembly","171st Legislative District","Democratic","JOHN ZANGARI","2,227","0","0","1,083","0","0","1,140","0","0","4","0","0"
"2026 General Primary","CENTRE","Representative in the General Assembly","171st Legislative District","Republican","KERRY A BENNINGHOFF","2,527","0","0","1,982","0","0","545","0","0","0","0","0"
"2026 General Primary","CENTRE","Member of Democratic State Committee","Centre County (District 14)","Democratic","LAURA SHADLE","10,044","0","0","4,783","0","0","5,247","0","0","14","0","0"
"2026 General Primary","CENTRE","Member of Democratic State Committee","Centre County (District 14)","Democratic","JOANNE TOSTI-VASEY","9,835","0","0","4,657","0","0","5,162","0","0","16","0","0"
"2026 General Primary","CENTRE","Member of Democratic State Committee","Centre County (District 14)","Democratic","JEREMY S BREON","10,042","0","0","4,773","0","0","5,257","0","0","12","0","0"
"2026 General Primary","CENTRE","Member of Republican State Committee","Centre County (District 14)","Republican","MONICA OAKES","5,808","0","0","4,144","0","0","1,658","0","0","6","0","0"
"2026 General Primary","CENTRE","Member of Republican State Committee","Centre County (District 14)","Republican","RICHARD E SMEAD","6,772","0","0","4,949","0","0","1,817","0","0","6","0","0"
"2026 General Primary","CENTRE","Member of Republican State Committee","Centre County (District 14)","Republican","DEB FLAVIN","5,467","0","0","3,846","0","0","1,616","0","0","5","0","0"
"2026 General Primary","CHESTER","Governor","Statewide","Democratic","JOSH SHAPIRO","50,405","0","0","26,624","0","0","23,620","0","0","161","0","0"
"2026 General Primary","CHESTER","Governor","Statewide","Republican","STACY GARRITY","25,398","0","0","18,494","0","0","6,868","0","0","36","0","0"
"2026 General Primary","CHESTER","Lieutenant Governor","Statewide","Democratic","AUSTIN DAVIS","50,273","0","0","26,604","0","0","23,511","0","0","158","0","0"
"2026 General Primary","CHESTER","Lieutenant Governor","Statewide","Republican","JOHN VENTRE","6,774","0","0","4,369","0","0","2,395","0","0","10","0","0"
"2026 General Primary","CHESTER","Lieutenant Governor","Statewide","Republican","JASON RICHEY","19,311","0","0","14,579","0","0","4,704","0","0","28","0","0"
"2026 General Primary","CHESTER","Representative in Congress","6th Congressional District","Democratic","CHRISSY HOULAHAN","50,688","0","0","26,874","0","0","23,653","0","0","161","0","0"
"2026 General Primary","CHESTER","Representative in Congress","6th Congressional District","Republican","MARTY YOUNG","26,108","0","0","18,869","0","0","7,202","0","0","37","0","0"
"2026 General Primary","CHESTER","Senator in the General Assembly","44th Senatorial District","Democratic","KATIE MUTH","18,953","0","0","9,774","0","0","9,120","0","0","59","0","0"
"2026 General Primary","CHESTER","Senator in the General Assembly","44th Senatorial District","Republican","MELISSA DICRANIAN","10,656","0","0","7,908","0","0","2,737","0","0","11","0","0"
"2026 General Primary","CHESTER","Representative in the General Assembly","13th Legislative District","Democratic","MADELYN ALVARINO","4,474","0","0","2,373","0","0","2,091","0","0","10","0","0"
"2026 General Primary","CHESTER","Representative in the General Assembly","13th Legislative District","Republican","JOHN LAWRENCE","3,627","0","0","2,809","0","0","813","0","0","5","0","0"
"2026 General Primary","CHESTER","Representative in the General Assembly","26th Legislative District","Democratic","PAUL FRIEL","6,300","0","0","3,621","0","0","2,661","0","0","18","0","0"
"2026 General Primary","CHESTER","Representative in the General Assembly","74th Legislative District","Democratic","DAN WILLIAMS","5,097","0","0","2,754","0","0","2,324","0","0","19","0","0"
"2026 General Primary","CHESTER","Representative in the General Assembly","74th Legislative District","Republican","LORENZO KELLEY","2,878","0","0","2,160","0","0","715","0","0","3","0","0"
"2026 General Primary","CHESTER","Representative in the General Assembly","155th Legislative District","Democratic","DANIELLE FRIEL OTTEN","6,391","0","0","3,113","0","0","3,261","0","0","17","0","0"
"2026 General Primary","CHESTER","Representative in the General Assembly","156th Legislative District","Democratic","CHRIS PIELLI","6,533","0","0","3,735","0","0","2,783","0","0","15","0","0"
"2026 General Primary","CHESTER","Representative in the General Assembly","156th Legislative District","Republican","KRIS R VOLLRATH","2,789","0","0","1,897","0","0","888","0","0","4","0","0"
"2026 General Primary","CHESTER","Representative in the General Assembly","157th Legislative District","Democratic","MELISSA SHUSTERMAN","6,846","0","0","3,597","0","0","3,226","0","0","23","0","0"
"2026 General Primary","CHESTER","Representative in the General Assembly","157th Legislative District","Republican","JUSTIN J PAK","2,724","0","0","1,880","0","0","842","0","0","2","0","0"
"2026 General Primary","CHESTER","Representative in the General Assembly","158th Legislative District","Democratic","CHRISTINA D SAPPEY","6,027","0","0","3,143","0","0","2,863","0","0","21","0","0"
"2026 General Primary","CHESTER","Representative in the General Assembly","160th Legislative District","Democratic","ELIZABETH MORO","2,304","0","0","1,167","0","0","1,128","0","0","9","0","0"
"2026 General Primary","CHESTER","Representative in the General Assembly","160th Legislative District","Republican","CRAIG WILLIAMS","1,411","0","0","1,033","0","0","375","0","0","3","0","0"
"2026 General Primary","CHESTER","Representative in the General Assembly","167th Legislative District","Democratic","KRISTINE HOWARD","6,354","0","0","3,264","0","0","3,072","0","0","18","0","0"
"2026 General Primary","CHESTER","Representative in the General Assembly","167th Legislative District","Republican","JOE LEWIS","2,843","0","0","1,908","0","0","930","0","0","5","0","0"
"2026 General Primary","CHESTER","Member of Democratic State Committee","Chester County (District 15)","Democratic","CARLOTTA D JOHNSTON PUGH","41,083","0","0","22,415","0","0","18,540","0","0","128","0","0"
"2026 General Primary","CHESTER","Member of Democratic State Committee","Chester County (District 15)","Democratic","MICHELLE SMITH","40,857","0","0","22,278","0","0","18,459","0","0","120","0","0"
"2026 General Primary","CHESTER","Member of Democratic State Committee","Chester County (District 15)","Democratic","CHARLOTTE VALYO","22,821","0","0","12,622","0","0","10,126","0","0","73","0","0"
"2026 General Primary","CHESTER","Member of Democratic State Committee","Chester County (District 15)","Democratic","PAUL LAHM","40,010","0","0","21,297","0","0","18,592","0","0","121","0","0"
"2026 General Primary","CHESTER","Member of Democratic State Committee","Chester County (District 15)","Democratic","KIERAN FRANCKE","33,353","0","0","18,341","0","0","14,908","0","0","104","0","0"
"2026 General Primary","CHESTER","Member of Democratic State Committee","Chester County (District 15)","Democratic","JENN FENN","39,922","0","0","21,707","0","0","18,086","0","0","129","0","0"
"2026 General Primary","CHESTER","Member of Democratic State Committee","Chester County (District 15)","Democratic","BRIAN J MCGINNIS","24,127","0","0","11,937","0","0","12,117","0","0","73","0","0"
"2026 General Primary","CHESTER","Member of Democratic State Committee","Chester County (District 15)","Democratic","KRISTIN GERLING","44,015","0","0","23,424","0","0","20,458","0","0","133","0","0"
"2026 General Primary","CHESTER","Member of Democratic State Committee","Chester County (District 15)","Democratic","CHRISTOPHER KOWERDOVICH","38,306","0","0","20,070","0","0","18,122","0","0","114","0","0"
"2026 General Primary","CHESTER","Member of Democratic State Committee","Chester County (District 15)","Democratic","DIANE O'DWYER","25,157","0","0","12,687","0","0","12,393","0","0","77","0","0"
"2026 General Primary","CHESTER","Member of Democratic State Committee","Chester County (District 15)","Democratic","RUSS PHIFER","34,386","0","0","18,235","0","0","16,058","0","0","93","0","0"
"2026 General Primary","CHESTER","Member of Democratic State Committee","Chester County (District 15)","Democratic","LANI FRANK","21,933","0","0","11,921","0","0","9,945","0","0","67","0","0"
"2026 General Primary","CHESTER","Member of Democratic State Committee","Chester County (District 15)","Democratic","ASHLEY LAHM","23,726","0","0","12,324","0","0","11,312","0","0","90","0","0"
"2026 General Primary","CHESTER","Member of Democratic State Committee","Chester County (District 15)","Democratic","ABDUL MUGHEES CHAUDHRI","35,541","0","0","19,475","0","0","15,950","0","0","116","0","0"
"2026 General Primary","CHESTER","Member of Republican State Committee","Chester County District 1","Republican","CHRISTOPHER GLOVER","2,616","0","0","1,809","0","0","805","0","0","2","0","0"
"2026 General Primary","CHESTER","Member of Republican State Committee","Chester County District 1","Republican","DEANA WANG","2,666","0","0","1,800","0","0","865","0","0","1","0","0"
"2026 General Primary","CHESTER","Member of Republican State Committee","Chester County District 2","Republican","DANA YOUNG","3,954","0","0","2,964","0","0","984","0","0","6","0","0"
"2026 General Primary","CHESTER","Member of Republican State Committee","Chester County District 2","Republican","MATT THOMPSON","4,006","0","0","3,008","0","0","991","0","0","7","0","0"
"2026 General Primary","CHESTER","Member of Republican State Committee","Chester County District 3","Republican","ANDREA GOSSELIN","3,318","0","0","2,410","0","0","903","0","0","5","0","0"
"2026 General Primary","CHESTER","Member of Republican State Committee","Chester County District 3","Republican","JONATHAN MCGRATH","3,347","0","0","2,440","0","0","901","0","0","6","0","0"
"2026 General Primary","CHESTER","Member of Republican State Committee","Chester County District 4","Republican","FELICE FEIN","3,371","0","0","2,362","0","0","1,003","0","0","6","0","0"
"2026 General Primary","CHESTER","Member of Republican State Committee","Chester County District 4","Republican","CODY BRIGHT","3,363","0","0","2,353","0","0","1,005","0","0","5","0","0"
"2026 General Primary","CHESTER","Member of Republican State Committee","Chester County District 5","Republican","SANDRA L COOPER","4,146","0","0","3,232","0","0","909","0","0","5","0","0"
"2026 General Primary","CHESTER","Member of Republican State Committee","Chester County District 5","Republican","BRIAN D YANOVIAK","4,038","0","0","3,157","0","0","878","0","0","3","0","0"
"2026 General Primary","CHESTER","Member of Republican State Committee","Chester County District 6","Republican","BECKY CORBIN","3,640","0","0","2,508","0","0","1,127","0","0","5","0","0"
"2026 General Primary","CHESTER","Member of Republican State Committee","Chester County District 6","Republican","MICHAEL MELESKY","3,451","0","0","2,411","0","0","1,035","0","0","5","0","0"
"2026 General Primary","CHESTER","Member of Republican State Committee","Chester County District 7","Republican","BEVERLY BUCKTA","3,069","0","0","2,195","0","0","870","0","0","4","0","0"
"2026 General Primary","CHESTER","Member of Republican State Committee","Chester County District 7","Republican","JAMES K OVERSTREET","3,012","0","0","2,192","0","0","817","0","0","3","0","0"
"2026 General Primary","CLARION","Governor","Statewide","Democratic","JOSH SHAPIRO","1,536","0","0","873","0","0","661","0","0","2","0","0"
"2026 General Primary","CLARION","Governor","Statewide","Republican","STACY GARRITY","3,109","0","0","2,656","0","0","452","0","0","1","0","0"
"2026 General Primary","CLARION","Lieutenant Governor","Statewide","Democratic","AUSTIN DAVIS","1,495","0","0","852","0","0","641","0","0","2","0","0"
"2026 General Primary","CLARION","Lieutenant Governor","Statewide","Republican","JOHN VENTRE","945","0","0","763","0","0","181","0","0","1","0","0"
"2026 General Primary","CLARION","Lieutenant Governor","Statewide","Republican","JASON RICHEY","2,258","0","0","1,968","0","0","290","0","0","0","0","0"
"2026 General Primary","CLARION","Representative in Congress","15th Congressional District","Democratic","RAY BILGER","1,463","0","0","841","0","0","620","0","0","2","0","0"
"2026 General Primary","CLARION","Representative in Congress","15th Congressional District","Republican","GLENN GT THOMPSON","3,183","0","0","2,710","0","0","472","0","0","1","0","0"
"2026 General Primary","CLARION","Representative in the General Assembly","63rd Legislative District","Democratic","ANDREW HARBAUGH","1,512","0","0","873","0","0","637","0","0","2","0","0"
"2026 General Primary","CLARION","Representative in the General Assembly","63rd Legislative District","Republican","JOSH BASHLINE","3,243","0","0","2,749","0","0","493","0","0","1","0","0"
"2026 General Primary","CLARION","Member of Democratic State Committee","Clarion County (District 16)","Democratic","SKYANNE FISHER","1,521","0","0","873","0","0","646","0","0","2","0","0"
"2026 General Primary","CLARION","Member of Republican State Committee","Clarion County (District 16)","Republican","NANCY BANNER","2,258","0","0","1,884","0","0","373","0","0","1","0","0"
"2026 General Primary","CLARION","Member of Republican State Committee","Clarion County (District 16)","Republican","JOHN R STROUP","2,888","0","0","2,433","0","0","454","0","0","1","0","0"
"2026 General Primary","CLEARFIELD","Governor","Statewide","Democratic","JOSH SHAPIRO","3,212","0","0","1,649","0","0","1,562","0","0","1","0","0"
"2026 General Primary","CLEARFIELD","Governor","Statewide","Republican","STACY GARRITY","5,482","0","0","4,659","0","0","821","0","0","2","0","0"
"2026 General Primary","CLEARFIELD","Lieutenant Governor","Statewide","Democratic","AUSTIN DAVIS","3,195","0","0","1,651","0","0","1,543","0","0","1","0","0"
"2026 General Primary","CLEARFIELD","Lieutenant Governor","Statewide","Republican","JOHN VENTRE","2,071","0","0","1,760","0","0","310","0","0","1","0","0"
"2026 General Primary","CLEARFIELD","Lieutenant Governor","Statewide","Republican","JASON RICHEY","3,451","0","0","2,925","0","0","525","0","0","1","0","0"
"2026 General Primary","CLEARFIELD","Representative in Congress","15th Congressional District","Democratic","RAY BILGER","3,158","0","0","1,653","0","0","1,504","0","0","1","0","0"
"2026 General Primary","CLEARFIELD","Representative in Congress","15th Congressional District","Republican","GLENN GT THOMPSON","5,688","0","0","4,800","0","0","886","0","0","2","0","0"
"2026 General Primary","CLEARFIELD","Representative in the General Assembly","73rd Legislative District","Republican","DALLAS KEPHART","3,519","0","0","2,987","0","0","531","0","0","1","0","0"
"2026 General Primary","CLEARFIELD","Representative in the General Assembly","75th Legislative District","Democratic","KIM KOHLHEPP","1,350","0","0","644","0","0","706","0","0","0","0","0"
"2026 General Primary","CLEARFIELD","Representative in the General Assembly","75th Legislative District","Republican","MIKE ARMANINI","2,316","0","0","1,917","0","0","398","0","0","1","0","0"
"2026 General Primary","CLEARFIELD","Member of Democratic State Committee","Clearfield County (District 17)","Democratic","CHRISTINA JOY FULTON","3,103","0","0","1,623","0","0","1,479","0","0","1","0","0"
"2026 General Primary","CLEARFIELD","Member of Republican State Committee","Clearfield County (District 17)","Republican","JAMES F MULTHAUF","3,715","0","0","3,095","0","0","619","0","0","1","0","0"
"2026 General Primary","CLEARFIELD","Member of Republican State Committee","Clearfield County (District 17)","Republican","JOHN A SOBEL","4,502","0","0","3,715","0","0","787","0","0","0","0","0"
"2026 General Primary","CLEARFIELD","Member of Republican State Committee","Clearfield County (District 17)","Republican","ARLEEN P MULTHAUF","4,166","0","0","3,458","0","0","707","0","0","1","0","0"
"2026 General Primary","CLINTON","Governor","Statewide","Democratic","JOSH SHAPIRO","1,745","0","0","927","0","0","817","0","0","1","0","0"
"2026 General Primary","CLINTON","Governor","Statewide","Republican","STACY GARRITY","2,355","0","0","1,963","0","0","387","0","0","5","0","0"
"2026 General Primary","CLINTON","Lieutenant Governor","Statewide","Democratic","AUSTIN DAVIS","1,715","0","0","904","0","0","810","0","0","1","0","0"
"2026 General Primary","CLINTON","Lieutenant Governor","Statewide","Republican","JOHN VENTRE","733","0","0","607","0","0","124","0","0","2","0","0"
"2026 General Primary","CLINTON","Lieutenant Governor","Statewide","Republican","JASON RICHEY","1,675","0","0","1,409","0","0","263","0","0","3","0","0"
"2026 General Primary","CLINTON","Representative in Congress","15th Congressional District","Democratic","RAY BILGER","1,706","0","0","905","0","0","800","0","0","1","0","0"
"2026 General Primary","CLINTON","Representative in Congress","15th Congressional District","Republican","GLENN GT THOMPSON","2,468","0","0","2,051","0","0","412","0","0","5","0","0"
"2026 General Primary","CLINTON","Representative in the General Assembly","76th Legislative District","Democratic","SARA EGGLER","1,751","0","0","934","0","0","816","0","0","1","0","0"
"2026 General Primary","CLINTON","Representative in the General Assembly","76th Legislative District","Republican","STEPHANIE BOROWICZ","2,448","0","0","2,045","0","0","399","0","0","4","0","0"
"2026 General Primary","CLINTON","Member of Democratic State Committee","Clinton County (District 18)","Democratic","RICHARD D FITZGERALD","1,717","0","0","918","0","0","798","0","0","1","0","0"
"2026 General Primary","CLINTON","Member of Republican State Committee","Clinton County (District 18)","Republican","JEFF BRINKER","2,486","0","0","2,062","0","0","419","0","0","5","0","0"
"2026 General Primary","COLUMBIA","Governor","Statewide","Democratic","JOSH SHAPIRO","3,390","0","0","1,894","0","0","1,490","0","0","6","0","0"
"2026 General Primary","COLUMBIA","Governor","Statewide","Republican","STACY GARRITY","3,754","0","0","3,163","0","0","588","0","0","3","0","0"
"2026 General Primary","COLUMBIA","Lieutenant Governor","Statewide","Democratic","AUSTIN DAVIS","3,349","0","0","1,882","0","0","1,461","0","0","6","0","0"
"2026 General Primary","COLUMBIA","Lieutenant Governor","Statewide","Republican","JOHN VENTRE","1,382","0","0","1,152","0","0","226","0","0","4","0","0"
"2026 General Primary","COLUMBIA","Lieutenant Governor","Statewide","Republican","JASON RICHEY","2,380","0","0","2,006","0","0","372","0","0","2","0","0"
"2026 General Primary","COLUMBIA","Representative in Congress","9th Congressional District","Democratic","RACHEL WALLACE","3,333","0","0","1,888","0","0","1,439","0","0","6","0","0"
"2026 General Primary","COLUMBIA","Representative in Congress","9th Congressional District","Republican","DAN MEUSER","3,934","0","0","3,303","0","0","625","0","0","6","0","0"
"2026 General Primary","COLUMBIA","Representative in the General Assembly","109th Legislative District","Democratic","JUSTIN C HUMMEL","3,163","0","0","1,797","0","0","1,360","0","0","6","0","0"
"2026 General Primary","COLUMBIA","Representative in the General Assembly","109th Legislative District","Republican","ROBERT LEADBETER","3,917","0","0","3,286","0","0","625","0","0","6","0","0"
"2026 General Primary","COLUMBIA","Member of Democratic State Committee","Columbia County (District 19)","Democratic","JESSICA BRITTAIN","3,356","0","0","1,895","0","0","1,455","0","0","6","0","0"
"2026 General Primary","CRAWFORD","Governor","Statewide","Democratic","JOSH SHAPIRO","4,112","0","0","1,955","0","0","2,152","0","0","5","0","0"
"2026 General Primary","CRAWFORD","Governor","Statewide","Republican","STACY GARRITY","5,078","0","0","4,059","0","0","1,013","0","0","6","0","0"
"2026 General Primary","CRAWFORD","Lieutenant Governor","Statewide","Democratic","AUSTIN DAVIS","4,052","0","0","1,942","0","0","2,105","0","0","5","0","0"
"2026 General Primary","CRAWFORD","Lieutenant Governor","Statewide","Republican","JOHN VENTRE","1,666","0","0","1,344","0","0","319","0","0","3","0","0"
"2026 General Primary","CRAWFORD","Lieutenant Governor","Statewide","Republican","JASON RICHEY","3,556","0","0","2,866","0","0","687","0","0","3","0","0"
"2026 General Primary","CRAWFORD","Representative in Congress","16th Congressional District","Democratic","JUSTIN WAGNER","4,010","0","0","1,917","0","0","2,088","0","0","5","0","0"
"2026 General Primary","CRAWFORD","Representative in Congress","16th Congressional District","Republican","MIKE KELLY","5,181","0","0","4,157","0","0","1,019","0","0","5","0","0"
"2026 General Primary","CRAWFORD","Senator in the General Assembly","50th Senatorial District","Republican","MICHELE BROOKS","5,437","0","0","4,332","0","0","1,099","0","0","6","0","0"
"2026 General Primary","CRAWFORD","Representative in the General Assembly","6th Legislative District","Democratic","MICHAEL WALKER","2,926","0","0","1,356","0","0","1,567","0","0","3","0","0"
"2026 General Primary","CRAWFORD","Representative in the General Assembly","6th Legislative District","Republican","BRAD ROAE","3,516","0","0","2,742","0","0","771","0","0","3","0","0"
"2026 General Primary","CRAWFORD","Representative in the General Assembly","64th Legislative District","Democratic","AMANDA SHAFFER","383","0","0","189","0","0","194","0","0","0","0","0"
"2026 General Primary","CRAWFORD","Representative in the General Assembly","64th Legislative District","Republican","R LEE JAMES","622","0","0","528","0","0","92","0","0","2","0","0"
"2026 General Primary","CRAWFORD","Representative in the General Assembly","65th Legislative District","Democratic","DESTINY HOWARD","723","0","0","356","0","0","366","0","0","1","0","0"
"2026 General Primary","CRAWFORD","Representative in the General Assembly","65th Legislative District","Republican","KATHY L RAPP","1,163","0","0","968","0","0","194","0","0","1","0","0"
"2026 General Primary","CRAWFORD","Member of Democratic State Committee","Crawford County (District 20)","Democratic","DAN WALK","4,074","0","0","1,946","0","0","2,124","0","0","4","0","0"
"2026 General Primary","CUMBERLAND","Governor","Statewide","Democratic","JOSH SHAPIRO","21,476","0","0","11,879","0","0","9,538","0","0","59","0","0"
"2026 General Primary","CUMBERLAND","Governor","Statewide","Republican","STACY GARRITY","18,668","0","0","14,347","0","0","4,304","0","0","17","0","0"
"2026 General Primary","CUMBERLAND","Lieutenant Governor","Statewide","Democratic","AUSTIN DAVIS","21,097","0","0","11,628","0","0","9,410","0","0","59","0","0"
"2026 General Primary","CUMBERLAND","Lieutenant Governor","Statewide","Republican","JOHN VENTRE","6,763","0","0","5,391","0","0","1,366","0","0","6","0","0"
"2026 General Primary","CUMBERLAND","Lieutenant Governor","Statewide","Republican","JASON RICHEY","12,397","0","0","9,328","0","0","3,056","0","0","13","0","0"
"2026 General Primary","CUMBERLAND","Representative in Congress","10th Congressional District","Democratic","JUSTIN DOUGLAS","5,917","0","0","4,077","0","0","1,815","0","0","25","0","0"
"2026 General Primary","CUMBERLAND","Representative in Congress","10th Congressional District","Democratic","JANELLE STELSON","15,123","0","0","7,689","0","0","7,398","0","0","36","0","0"
"2026 General Primary","CUMBERLAND","Representative in Congress","10th Congressional District","Republican","SCOTT PERRY","16,982","0","0","13,099","0","0","3,863","0","0","20","0","0"
"2026 General Primary","CUMBERLAND","Representative in Congress","13th Congressional District","Democratic","BETH FARNHAM","903","0","0","468","0","0","433","0","0","2","0","0"
"2026 General Primary","CUMBERLAND","Representative in Congress","13th Congressional District","Republican","JOHN JOYCE","1,463","0","0","1,206","0","0","257","0","0","0","0","0"
"2026 General Primary","CUMBERLAND","Senator in the General Assembly","34th Senatorial District","Democratic","RICH FORSMAN","6,594","0","0","3,427","0","0","3,146","0","0","21","0","0"
"2026 General Primary","CUMBERLAND","Senator in the General Assembly","34th Senatorial District","Democratic","NATHAN WOOD","8,209","0","0","4,570","0","0","3,622","0","0","17","0","0"
"2026 General Primary","CUMBERLAND","Senator in the General Assembly","34th Senatorial District","Republican","GREG ROTHMAN","14,939","0","0","11,332","0","0","3,592","0","0","15","0","0"
"2026 General Primary","CUMBERLAND","Representative in the General Assembly","87th Legislative District","Democratic","JESSICA ST CLAIR","5,447","0","0","2,743","0","0","2,689","0","0","15","0","0"
"2026 General Primary","CUMBERLAND","Representative in the General Assembly","87th Legislative District","Republican","THOMAS KUTZ","5,610","0","0","4,127","0","0","1,477","0","0","6","0","0"
"2026 General Primary","CUMBERLAND","Representative in the General Assembly","88th Legislative District","Democratic","SARA AGERTON","6,017","0","0","3,533","0","0","2,462","0","0","22","0","0"
"2026 General Primary","CUMBERLAND","Representative in the General Assembly","88th Legislative District","Republican","JEFF CLARK","2,791","0","0","2,124","0","0","663","0","0","4","0","0"
"2026 General Primary","CUMBERLAND","Representative in the General Assembly","88th Legislative District","Republican","SAVANNAH MARTIN","2,719","0","0","2,197","0","0","518","0","0","4","0","0"
"2026 General Primary","CUMBERLAND","Representative in the General Assembly","103rd Legislative District","Democratic","NATE DAVIDSON","3,658","0","0","2,236","0","0","1,413","0","0","9","0","0"
"2026 General Primary","CUMBERLAND","Representative in the General Assembly","193rd Legislative District","Republican","CATHERINE WALLEN","1,617","0","0","1,268","0","0","348","0","0","1","0","0"
"2026 General Primary","CUMBERLAND","Representative in the General Assembly","199th Legislative District","Democratic","TAWANDA HUNTER STALLWORTH","3,087","0","0","1,753","0","0","1,328","0","0","6","0","0"
"2026 General Primary","CUMBERLAND","Representative in the General Assembly","199th Legislative District","Democratic","RICK CHRISTIE","1,780","0","0","874","0","0","903","0","0","3","0","0"
"2026 General Primary","CUMBERLAND","Representative in the General Assembly","199th Legislative District","Republican","BARB GLEIM","4,793","0","0","3,665","0","0","1,127","0","0","1","0","0"
"2026 General Primary","CUMBERLAND","Member of Democratic State Committee","Cumberland County (District 21)","Democratic","JACQUELINE SMITH-BENNETT","13,149","0","0","7,233","0","0","5,878","0","0","38","0","0"
"2026 General Primary","CUMBERLAND","Member of Democratic State Committee","Cumberland County (District 21)","Democratic","TOM FINK","11,181","0","0","6,206","0","0","4,944","0","0","31","0","0"
"2026 General Primary","CUMBERLAND","Member of Democratic State Committee","Cumberland County (District 21)","Democratic","MATT ROAN","8,516","0","0","4,591","0","0","3,904","0","0","21","0","0"
"2026 General Primary","CUMBERLAND","Member of Democratic State Committee","Cumberland County (District 21)","Democratic","JOHN FLOOD","9,604","0","0","6,090","0","0","3,496","0","0","18","0","0"
"2026 General Primary","CUMBERLAND","Member of Democratic State Committee","Cumberland County (District 21)","Democratic","COLLEEN GRAY NGUYEN","12,392","0","0","6,955","0","0","5,398","0","0","39","0","0"
"2026 General Primary","CUMBERLAND","Member of Democratic State Committee","Cumberland County (District 21)","Democratic","JOHN MATTHEW SMITH","8,040","0","0","4,480","0","0","3,537","0","0","23","0","0"
"2026 General Primary","CUMBERLAND","Member of Democratic State Committee","Cumberland County (District 21)","Democratic","SANDY WOLFE","14,387","0","0","7,859","0","0","6,498","0","0","30","0","0"
"2026 General Primary","CUMBERLAND","Member of Republican State Committee","Cumberland County (District 21)","Republican","TONI CHASE","11,903","0","0","9,589","0","0","2,303","0","0","11","0","0"
"2026 General Primary","CUMBERLAND","Member of Republican State Committee","Cumberland County (District 21)","Republican","ROBERT ZAMBUTO","10,318","0","0","7,790","0","0","2,517","0","0","11","0","0"
"2026 General Primary","CUMBERLAND","Member of Republican State Committee","Cumberland County (District 21)","Republican","KELLY POTTEIGER","12,058","0","0","9,692","0","0","2,352","0","0","14","0","0"
"2026 General Primary","CUMBERLAND","Member of Republican State Committee","Cumberland County (District 21)","Republican","ALLIE KUTZ","9,134","0","0","6,968","0","0","2,156","0","0","10","0","0"
"2026 General Primary","CUMBERLAND","Member of Republican State Committee","Cumberland County (District 21)","Republican","MATTHEW MARTIN","13,156","0","0","10,007","0","0","3,141","0","0","8","0","0"
"2026 General Primary","CUMBERLAND","Member of Republican State Committee","Cumberland County (District 21)","Republican","JOHN ZAPOTOCKY","9,252","0","0","7,271","0","0","1,974","0","0","7","0","0"
"2026 General Primary","CUMBERLAND","Member of Republican State Committee","Cumberland County (District 21)","Republican","JOHN COBB","11,778","0","0","9,312","0","0","2,458","0","0","8","0","0"
"2026 General Primary","CUMBERLAND","Member of Republican State Committee","Cumberland County (District 21)","Republican","KAYTEE ISLEY","10,552","0","0","8,413","0","0","2,133","0","0","6","0","0"
"2026 General Primary","CUMBERLAND","Member of Republican State Committee","Cumberland County (District 21)","Republican","LASZLO PASZTOR JR","6,176","0","0","4,786","0","0","1,385","0","0","5","0","0"
"2026 General Primary","CUMBERLAND","Member of Republican State Committee","Cumberland County (District 21)","Republican","TAMMY SHEARER","10,751","0","0","7,929","0","0","2,815","0","0","7","0","0"
"2026 General Primary","CUMBERLAND","Member of Republican State Committee","Cumberland County (District 21)","Republican","ATREIA SINDIRI","3,958","0","0","3,163","0","0","792","0","0","3","0","0"
"2026 General Primary","CUMBERLAND","Member of Republican State Committee","Cumberland County (District 21)","Republican","MICHELLE NESTOR","9,475","0","0","7,175","0","0","2,294","0","0","6","0","0"
"2026 General Primary","CUMBERLAND","Member of Republican State Committee","Cumberland County (District 21)","Republican","SAM HERBERT","7,937","0","0","5,508","0","0","2,418","0","0","11","0","0"
"2026 General Primary","CUMBERLAND","Member of Republican State Committee","Cumberland County (District 21)","Republican","JOAN HERBERT","7,331","0","0","5,429","0","0","1,895","0","0","7","0","0"
"2026 General Primary","DAUPHIN","Governor","Statewide","Democratic","JOSH SHAPIRO","25,718","0","0","15,381","0","0","10,263","0","0","74","0","0"
"2026 General Primary","DAUPHIN","Governor","Statewide","Republican","STACY GARRITY","14,882","0","0","11,938","0","0","2,924","0","0","20","0","0"
"2026 General Primary","DAUPHIN","Lieutenant Governor","Statewide","Democratic","AUSTIN DAVIS","24,773","0","0","14,723","0","0","9,979","0","0","71","0","0"
"2026 General Primary","DAUPHIN","Lieutenant Governor","Statewide","Republican","JOHN VENTRE","4,849","0","0","3,842","0","0","1,000","0","0","7","0","0"
"2026 General Primary","DAUPHIN","Lieutenant Governor","Statewide","Republican","JASON RICHEY","10,661","0","0","8,549","0","0","2,099","0","0","13","0","0"
"2026 General Primary","DAUPHIN","Representative in Congress","10th Congressional District","Democratic","JUSTIN DOUGLAS","11,477","0","0","7,547","0","0","3,889","0","0","41","0","0"
"2026 General Primary","DAUPHIN","Representative in Congress","10th Congressional District","Democratic","JANELLE STELSON","14,897","0","0","8,314","0","0","6,549","0","0","34","0","0"
"2026 General Primary","DAUPHIN","Representative in Congress","10th Congressional District","Republican","SCOTT PERRY","14,913","0","0","12,090","0","0","2,801","0","0","22","0","0"
"2026 General Primary","DAUPHIN","Senator in the General Assembly","34th Senatorial District","Democratic","RICH FORSMAN","392","0","0","199","0","0","193","0","0","0","0","0"
"2026 General Primary","DAUPHIN","Senator in the General Assembly","34th Senatorial District","Democratic","NATHAN WOOD","637","0","0","393","0","0","244","0","0","0","0","0"
"2026 General Primary","DAUPHIN","Senator in the General Assembly","34th Senatorial District","Republican","GREG ROTHMAN","2,628","0","0","2,250","0","0","375","0","0","3","0","0"
"2026 General Primary","DAUPHIN","Representative in the General Assembly","103rd Legislative District","Democratic","NATE DAVIDSON","2,934","0","0","2,005","0","0","920","0","0","9","0","0"
"2026 General Primary","DAUPHIN","Representative in the General Assembly","104th Legislative District","Democratic","SHANE STEELE","2,008","0","0","1,388","0","0","613","0","0","7","0","0"
"2026 General Primary","DAUPHIN","Representative in the General Assembly","104th Legislative District","Democratic","DAVE MADSEN","2,959","0","0","1,908","0","0","1,043","0","0","8","0","0"
"2026 General Primary","DAUPHIN","Representative in the General Assembly","105th Legislative District","Democratic","JUSTIN FLEMING","7,333","0","0","4,183","0","0","3,130","0","0","20","0","0"
"2026 General Primary","DAUPHIN","Representative in the General Assembly","106th Legislative District","Democratic","RYAN HAZEL","2,609","0","0","1,445","0","0","1,158","0","0","6","0","0"
"2026 General Primary","DAUPHIN","Representative in the General Assembly","106th Legislative District","Democratic","ANJU SINGH","2,809","0","0","1,634","0","0","1,171","0","0","4","0","0"
"2026 General Primary","DAUPHIN","Representative in the General Assembly","106th Legislative District","Republican","TOM MEHAFFIE","4,650","0","0","3,690","0","0","953","0","0","7","0","0"
"2026 General Primary","DAUPHIN","Representative in the General Assembly","125th Legislative District","Democratic","KATHRYN WATERS","4,853","0","0","2,736","0","0","2,108","0","0","9","0","0"
"2026 General Primary","DAUPHIN","Representative in the General Assembly","125th Legislative District","Republican","JOE KERWIN","6,230","0","0","5,085","0","0","1,136","0","0","9","0","0"
"2026 General Primary","DAUPHIN","Member of Democratic State Committee","Dauphin County (District 22)","Democratic","ROGETTE HARRIS","14,153","0","0","8,343","0","0","5,771","0","0","39","0","0"
"2026 General Primary","DAUPHIN","Member of Democratic State Committee","Dauphin County (District 22)","Democratic","COLE GOODMAN","11,864","0","0","7,283","0","0","4,542","0","0","39","0","0"
"2026 General Primary","DAUPHIN","Member of Democratic State Committee","Dauphin County (District 22)","Democratic","ALEX REBER","10,856","0","0","6,386","0","0","4,446","0","0","24","0","0"
"2026 General Primary","DAUPHIN","Member of Democratic State Committee","Dauphin County (District 22)","Democratic","KELLY D SUMMERFORD","10,076","0","0","6,331","0","0","3,710","0","0","35","0","0"
"2026 General Primary","DAUPHIN","Member of Democratic State Committee","Dauphin County (District 22)","Democratic","KIMEKA CAMPBELL","14,669","0","0","9,397","0","0","5,219","0","0","53","0","0"
"2026 General Primary","DAUPHIN","Member of Democratic State Committee","Dauphin County (District 22)","Democratic","PEGGY A GROVE","14,289","0","0","8,383","0","0","5,870","0","0","36","0","0"
"2026 General Primary","DAUPHIN","Member of Democratic State Committee","Dauphin County (District 22)","Democratic","RYAN HAZEL","9,203","0","0","5,243","0","0","3,941","0","0","19","0","0"
"2026 General Primary","DAUPHIN","Member of Democratic State Committee","Dauphin County (District 22)","Democratic","REILLY JOHNSON","11,250","0","0","6,704","0","0","4,518","0","0","28","0","0"
"2026 General Primary","DAUPHIN","Member of Democratic State Committee","Dauphin County (District 22)","Democratic","PHYLLIS I BENNETT","14,953","0","0","8,668","0","0","6,246","0","0","39","0","0"
"2026 General Primary","DAUPHIN","Member of Democratic State Committee","Dauphin County (District 22)","Democratic","TRACY BROWN","14,174","0","0","8,664","0","0","5,468","0","0","42","0","0"
"2026 General Primary","DAUPHIN","Member of Democratic State Committee","Dauphin County (District 22)","Democratic","FRED FAYLONA","11,539","0","0","6,426","0","0","5,087","0","0","26","0","0"
"2026 General Primary","DAUPHIN","Member of Republican State Committee","Dauphin County (District 22)","Republican","LAURA KURTZ","12,072","0","0","9,453","0","0","2,605","0","0","14","0","0"
"2026 General Primary","DAUPHIN","Member of Republican State Committee","Dauphin County (District 22)","Republican","RONALD L RAKER","11,398","0","0","9,076","0","0","2,311","0","0","11","0","0"
"2026 General Primary","DAUPHIN","Member of Republican State Committee","Dauphin County (District 22)","Republican","LOWMAN S HENRY","11,721","0","0","9,168","0","0","2,540","0","0","13","0","0"
"2026 General Primary","DAUPHIN","Member of Republican State Committee","Dauphin County (District 22)","Republican","JILL S VECCHIO","11,219","0","0","8,754","0","0","2,453","0","0","12","0","0"
"2026 General Primary","DAUPHIN","Member of Republican State Committee","Dauphin County (District 22)","Republican","CHRISTINE L ZUBECK","11,142","0","0","8,754","0","0","2,377","0","0","11","0","0"
"2026 General Primary","DAUPHIN","Member of Republican State Committee","Dauphin County (District 22)","Republican","JOSEPH D KERWIN","12,453","0","0","9,901","0","0","2,539","0","0","13","0","0"
"2026 General Primary","DAUPHIN","Member of Republican State Committee","Dauphin County (District 22)","Republican","MARY BATEMAN","10,989","0","0","8,599","0","0","2,382","0","0","8","0","0"
"2026 General Primary","DELAWARE","Governor","Statewide","Democratic","JOSH SHAPIRO","56,174","0","0","33,948","0","0","22,047","0","0","179","0","0"
"2026 General Primary","DELAWARE","Governor","Statewide","Republican","STACY GARRITY","22,317","0","0","16,460","0","0","5,817","0","0","40","0","0"
"2026 General Primary","DELAWARE","Lieutenant Governor","Statewide","Democratic","AUSTIN DAVIS","53,195","0","0","31,873","0","0","21,149","0","0","173","0","0"
"2026 General Primary","DELAWARE","Lieutenant Governor","Statewide","Republican","JOHN VENTRE","6,952","0","0","4,604","0","0","2,334","0","0","14","0","0"
"2026 General Primary","DELAWARE","Lieutenant Governor","Statewide","Republican","JASON RICHEY","15,566","0","0","11,994","0","0","3,545","0","0","27","0","0"
"2026 General Primary","DELAWARE","Representative in Congress","5th Congressional District","Democratic","MARY GAY SCANLON","55,601","0","0","33,437","0","0","21,985","0","0","179","0","0"
"2026 General Primary","DELAWARE","Representative in Congress","5th Congressional District","Republican","NICK MANGANARO","22,225","0","0","16,353","0","0","5,831","0","0","41","0","0"
"2026 General Primary","DELAWARE","Senator in the General Assembly","8th Senatorial District","Democratic","ANTHONY HARDY WILLIAMS","4,526","0","0","3,314","0","0","1,201","0","0","11","0","0"
"2026 General Primary","DELAWARE","Senator in the General Assembly","8th Senatorial District","Democratic","DAVID GOLDSMITH JR","1,942","0","0","1,268","0","0","668","0","0","6","0","0"
"2026 General Primary","DELAWARE","Senator in the General Assembly","26th Senatorial District","Democratic","TIM KEARNEY","22,863","0","0","13,899","0","0","8,894","0","0","70","0","0"
"2026 General Primary","DELAWARE","Senator in the General Assembly","26th Senatorial District","Republican","ALFE GOODWIN","10,128","0","0","7,597","0","0","2,513","0","0","18","0","0"
"2026 General Primary","DELAWARE","Representative in the General Assembly","159th Legislative District","Democratic","BRIAN KIRKLAND","1,012","0","0","721","0","0","289","0","0","2","0","0"
"2026 General Primary","DELAWARE","Representative in the General Assembly","159th Legislative District","Democratic","CAROL KAZEEM","3,569","0","0","2,410","0","0","1,145","0","0","14","0","0"
"2026 General Primary","DELAWARE","Representative in the General Assembly","160th Legislative District","Democratic","ELIZABETH MORO","3,404","0","0","1,648","0","0","1,742","0","0","14","0","0"
"2026 General Primary","DELAWARE","Representative in the General Assembly","160th Legislative District","Republican","CRAIG WILLIAMS","2,792","0","0","1,950","0","0","840","0","0","2","0","0"
"2026 General Primary","DELAWARE","Representative in the General Assembly","161st Legislative District","Democratic","LEANNE KRUEGER","5,789","0","0","3,170","0","0","2,600","0","0","19","0","0"
"2026 General Primary","DELAWARE","Representative in the General Assembly","162nd Legislative District","Democratic","DAVE DELLOSO","4,793","0","0","3,196","0","0","1,582","0","0","15","0","0"
"2026 General Primary","DELAWARE","Representative in the General Assembly","162nd Legislative District","Republican","MIKE MURPHY","2,698","0","0","2,149","0","0","545","0","0","4","0","0"
"2026 General Primary","DELAWARE","Representative in the General Assembly","163rd Legislative District","Democratic","HEATHER BOYD","5,816","0","0","3,868","0","0","1,934","0","0","14","0","0"
"2026 General Primary","DELAWARE","Representative in the General Assembly","164th Legislative District","Democratic","GINA H CURRY","5,349","0","0","3,803","0","0","1,522","0","0","24","0","0"
"2026 General Primary","DELAWARE","Representative in the General Assembly","165th Legislative District","Democratic","JENNIFER O'MARA","7,124","0","0","3,913","0","0","3,192","0","0","19","0","0"
"2026 General Primary","DELAWARE","Representative in the General Assembly","165th Legislative District","Republican","DEIRDRE MCCLEARY","3,459","0","0","2,572","0","0","881","0","0","6","0","0"
"2026 General Primary","DELAWARE","Representative in the General Assembly","166th Legislative District","Democratic","GREG VITALI","3,627","0","0","2,085","0","0","1,531","0","0","11","0","0"
"2026 General Primary","DELAWARE","Representative in the General Assembly","166th Legislative District","Democratic","JUDY TROMBETTA","5,867","0","0","4,005","0","0","1,850","0","0","12","0","0"
"2026 General Primary","DELAWARE","Representative in the General Assembly","166th Legislative District","Republican","JOE WALKER","3,198","0","0","2,445","0","0","748","0","0","5","0","0"
"2026 General Primary","DELAWARE","Representative in the General Assembly","168th Legislative District","Democratic","LISA A BOROWSKI","6,090","0","0","2,638","0","0","3,432","0","0","20","0","0"
"2026 General Primary","DELAWARE","Representative in the General Assembly","168th Legislative District","Republican","KATHRYN BUCKLEY","2,889","0","0","1,775","0","0","1,106","0","0","8","0","0"
"2026 General Primary","DELAWARE","Representative in the General Assembly","185th Legislative District","Democratic","REGINA YOUNG","319","0","0","242","0","0","74","0","0","3","0","0"
"2026 General Primary","DELAWARE","Representative in the General Assembly","185th Legislative District","Democratic","JOE SACKOR","122","0","0","99","0","0","23","0","0","0","0","0"
"2026 General Primary","DELAWARE","Representative in the General Assembly","191st Legislative District","Democratic","JOANNA E MCCLINTON","2,831","0","0","1,934","0","0","891","0","0","6","0","0"
"2026 General Primary","DELAWARE","Member of Democratic State Committee","DelawareCounty (District 23)","Democratic","MALCOLM J YATES","38,977","0","0","25,030","0","0","13,819","0","0","128","0","0"
"2026 General Primary","DELAWARE","Member of Democratic State Committee","DelawareCounty (District 23)","Democratic","VICTORIA PERRONE","22,884","0","0","12,145","0","0","10,653","0","0","86","0","0"
"2026 General Primary","DELAWARE","Member of Democratic State Committee","DelawareCounty (District 23)","Democratic","COLLEEN KENNEDY","28,383","0","0","16,477","0","0","11,808","0","0","98","0","0"
"2026 General Primary","DELAWARE","Member of Democratic State Committee","DelawareCounty (District 23)","Democratic","MARIO L CIMINO","18,158","0","0","9,373","0","0","8,720","0","0","65","0","0"
"2026 General Primary","DELAWARE","Member of Democratic State Committee","DelawareCounty (District 23)","Democratic","LISA GOLDSTEIN","39,851","0","0","24,470","0","0","15,243","0","0","138","0","0"
"2026 General Primary","DELAWARE","Member of Democratic State Committee","DelawareCounty (District 23)","Democratic","ASHLEY DOLCEAMORE","21,373","0","0","12,535","0","0","8,762","0","0","76","0","0"
"2026 General Primary","DELAWARE","Member of Democratic State Committee","DelawareCounty (District 23)","Democratic","VINCENT RONGIONE","37,728","0","0","23,490","0","0","14,117","0","0","121","0","0"
"2026 General Primary","DELAWARE","Member of Democratic State Committee","DelawareCounty (District 23)","Democratic","JESSICA M POINTER","35,882","0","0","21,829","0","0","13,940","0","0","113","0","0"
"2026 General Primary","DELAWARE","Member of Democratic State Committee","DelawareCounty (District 23)","Democratic","THOMAS J DELUCA JR","41,129","0","0","24,653","0","0","16,345","0","0","131","0","0"
"2026 General Primary","DELAWARE","Member of Democratic State Committee","DelawareCounty (District 23)","Democratic","PAUL K JOHNSON","34,745","0","0","21,256","0","0","13,381","0","0","108","0","0"
"2026 General Primary","DELAWARE","Member of Democratic State Committee","DelawareCounty (District 23)","Democratic","CATHERINE COLL","22,645","0","0","12,584","0","0","9,976","0","0","85","0","0"
"2026 General Primary","DELAWARE","Member of Democratic State Committee","DelawareCounty (District 23)","Democratic","TANYA ALLEN","37,215","0","0","23,984","0","0","13,106","0","0","125","0","0"
"2026 General Primary","DELAWARE","Member of Democratic State Committee","DelawareCounty (District 23)","Democratic","JON LARSEN","38,628","0","0","23,162","0","0","15,360","0","0","106","0","0"
"2026 General Primary","DELAWARE","Member of Democratic State Committee","DelawareCounty (District 23)","Democratic","SHARON J BOOKER","30,894","0","0","19,215","0","0","11,582","0","0","97","0","0"
"2026 General Primary","DELAWARE","Member of Democratic State Committee","DelawareCounty (District 23)","Democratic","ROB YANNUZZI","35,492","0","0","21,520","0","0","13,865","0","0","107","0","0"
"2026 General Primary","DELAWARE","Member of Democratic State Committee","DelawareCounty (District 23)","Democratic","BRIAN EURY","22,324","0","0","12,393","0","0","9,867","0","0","64","0","0"
"2026 General Primary","DELAWARE","Member of Democratic State Committee","DelawareCounty (District 23)","Democratic","AMANDA HAMMOCK","29,085","0","0","17,389","0","0","11,606","0","0","90","0","0"
"2026 General Primary","DELAWARE","Member of Democratic State Committee","DelawareCounty (District 23)","Democratic","GWENDOLYN MCCULLOUGH","37,801","0","0","23,055","0","0","14,638","0","0","108","0","0"
"2026 General Primary","DELAWARE","Member of Republican State Committee","Delaware County District 1","Republican","LIBBY SALVUCCI","2,896","0","0","2,019","0","0","873","0","0","4","0","0"
"2026 General Primary","DELAWARE","Member of Republican State Committee","Delaware County District 1","Republican","LAURENCE SMITH","2,842","0","0","1,985","0","0","854","0","0","3","0","0"
"2026 General Primary","DELAWARE","Member of Republican State Committee","Delaware County District 2","Republican","GERALYN PATERSON","2,499","0","0","1,997","0","0","498","0","0","4","0","0"
"2026 General Primary","DELAWARE","Member of Republican State Committee","Delaware County District 2","Republican","WENDY  ANN WILLAUER","1,824","0","0","1,279","0","0","544","0","0","1","0","0"
"2026 General Primary","DELAWARE","Member of Republican State Committee","Delaware County District 2","Republican","DAVID HACKETT","3,392","0","0","2,537","0","0","849","0","0","6","0","0"
"2026 General Primary","DELAWARE","Member of Republican State Committee","Delaware County District 3","Republican","AMANDA MCNAMEE","2,755","0","0","2,216","0","0","535","0","0","4","0","0"
"2026 General Primary","DELAWARE","Member of Republican State Committee","Delaware County District 3","Republican","PAT MCMENAMIN","2,876","0","0","2,309","0","0","563","0","0","4","0","0"
"2026 General Primary","DELAWARE","Member of Republican State Committee","Delaware County District 4","Republican","JEFF JONES","2,688","0","0","1,925","0","0","759","0","0","4","0","0"
"2026 General Primary","DELAWARE","Member of Republican State Committee","Delaware County District 4","Republican","ILONA C EBBERT","2,365","0","0","1,649","0","0","711","0","0","5","0","0"
"2026 General Primary","DELAWARE","Member of Republican State Committee","Delaware County District 5","Republican","VALLERIE BIANCANIELLO","3,321","0","0","2,449","0","0","866","0","0","6","0","0"
"2026 General Primary","DELAWARE","Member of Republican State Committee","Delaware County District 5","Republican","MICHAEL STRAW","3,306","0","0","2,427","0","0","873","0","0","6","0","0"
"2026 General Primary","DELAWARE","Member of Republican State Committee","Delaware County District 6","Republican","JIM KNAPP","2,966","0","0","2,274","0","0","687","0","0","5","0","0"
"2026 General Primary","DELAWARE","Member of Republican State Committee","Delaware County District 6","Republican","KAY DUGERY","2,931","0","0","2,228","0","0","698","0","0","5","0","0"
"2026 General Primary","DELAWARE","Member of Republican State Committee","Delaware County District 7","Republican","LINDSEY CONAN","3,090","0","0","1,966","0","0","1,118","0","0","6","0","0"
"2026 General Primary","DELAWARE","Member of Republican State Committee","Delaware County District 7","Republican","DAVID GALLUCH","3,012","0","0","1,913","0","0","1,091","0","0","8","0","0"
"2026 General Primary","ELK","Governor","Statewide","Democratic","JOSH SHAPIRO","1,735","0","0","904","0","0","831","0","0","0","0","0"
"2026 General Primary","ELK","Governor","Statewide","Republican","STACY GARRITY","2,303","0","0","1,881","0","0","422","0","0","0","0","0"
"2026 General Primary","ELK","Lieutenant Governor","Statewide","Democratic","AUSTIN DAVIS","1,731","0","0","917","0","0","814","0","0","0","0","0"
"2026 General Primary","ELK","Lieutenant Governor","Statewide","Republican","JOHN VENTRE","721","0","0","564","0","0","157","0","0","0","0","0"
"2026 General Primary","ELK","Lieutenant Governor","Statewide","Republican","JASON RICHEY","1,615","0","0","1,346","0","0","269","0","0","0","0","0"
"2026 General Primary","ELK","Representative in Congress","15th Congressional District","Democratic","RAY BILGER","1,704","0","0","910","0","0","794","0","0","0","0","0"
"2026 General Primary","ELK","Representative in Congress","15th Congressional District","Republican","GLENN GT THOMPSON","2,345","0","0","1,909","0","0","436","0","0","0","0","0"
"2026 General Primary","ELK","Representative in the General Assembly","75th Legislative District","Democratic","KIM KOHLHEPP","1,695","0","0","909","0","0","786","0","0","0","0","0"
"2026 General Primary","ELK","Representative in the General Assembly","75th Legislative District","Republican","MIKE ARMANINI","2,397","0","0","1,943","0","0","454","0","0","0","0","0"
"2026 General Primary","ELK","Member of Democratic State Committee","Elk County (District 24)","Democratic","RYAN GRIMM","1,755","0","0","945","0","0","810","0","0","0","0","0"
"2026 General Primary","ELK","Member of Republican State Committee","Elk County (District 24)","Republican","C MARCIE LYNCH ASSETTA","2,337","0","0","1,902","0","0","435","0","0","0","0","0"
"2026 General Primary","ERIE","Governor","Statewide","Democratic","JOSH SHAPIRO","23,082","0","0","11,024","0","0","11,978","0","0","80","0","0"
"2026 General Primary","ERIE","Governor","Statewide","Republican","STACY GARRITY","11,129","0","0","8,416","0","0","2,675","0","0","38","0","0"
"2026 General Primary","ERIE","Lieutenant Governor","Statewide","Democratic","AUSTIN DAVIS","22,285","0","0","10,634","0","0","11,577","0","0","74","0","0"
"2026 General Primary","ERIE","Lieutenant Governor","Statewide","Republican","JOHN VENTRE","3,008","0","0","2,364","0","0","632","0","0","12","0","0"
"2026 General Primary","ERIE","Lieutenant Governor","Statewide","Republican","JASON RICHEY","8,286","0","0","6,109","0","0","2,150","0","0","27","0","0"
"2026 General Primary","ERIE","Representative in Congress","16th Congressional District","Democratic","JUSTIN WAGNER","21,425","0","0","10,135","0","0","11,219","0","0","71","0","0"
"2026 General Primary","ERIE","Representative in Congress","16th Congressional District","Republican","MIKE KELLY","10,967","0","0","8,329","0","0","2,602","0","0","36","0","0"
"2026 General Primary","ERIE","Representative in the General Assembly","1st Legislative District","Democratic","PATRICK J HARKINS","5,035","0","0","2,753","0","0","2,259","0","0","23","0","0"
"2026 General Primary","ERIE","Representative in the General Assembly","2nd Legislative District","Democratic","BOB MERSKI","6,506","0","0","3,140","0","0","3,348","0","0","18","0","0"
"2026 General Primary","ERIE","Representative in the General Assembly","3rd Legislative District","Democratic","RYAN A BIZZARRO","6,752","0","0","2,838","0","0","3,892","0","0","22","0","0"
"2026 General Primary","ERIE","Representative in the General Assembly","3rd Legislative District","Republican","DONNA REESE","3,151","0","0","2,153","0","0","987","0","0","11","0","0"
"2026 General Primary","ERIE","Representative in the General Assembly","4th Legislative District","Democratic","KATHRYN DIVITTORIO","3,727","0","0","1,800","0","0","1,919","0","0","8","0","0"
"2026 General Primary","ERIE","Representative in the General Assembly","4th Legislative District","Republican","JAKE BANTA","3,836","0","0","3,077","0","0","751","0","0","8","0","0"
"2026 General Primary","ERIE","Representative in the General Assembly","6th Legislative District","Democratic","MICHAEL WALKER","477","0","0","241","0","0","234","0","0","2","0","0"
"2026 General Primary","ERIE","Representative in the General Assembly","6th Legislative District","Republican","BRAD ROAE","549","0","0","438","0","0","109","0","0","2","0","0"
"2026 General Primary","ERIE","Member of Democratic State Committee","Erie County (District 25)","Democratic","MICHAEL KEYS","8,913","0","0","4,750","0","0","4,135","0","0","28","0","0"
"2026 General Primary","ERIE","Member of Democratic State Committee","Erie County (District 25)","Democratic","CHELCIE ALCORN","8,773","0","0","4,450","0","0","4,288","0","0","35","0","0"
"2026 General Primary","ERIE","Member of Democratic State Committee","Erie County (District 25)","Democratic","DOMINIC CHAVES GARDUNIO","3,729","0","0","1,865","0","0","1,846","0","0","18","0","0"
"2026 General Primary","ERIE","Member of Democratic State Committee","Erie County (District 25)","Democratic","ROCK COPELAND","6,268","0","0","3,108","0","0","3,139","0","0","21","0","0"
"2026 General Primary","ERIE","Member of Democratic State Committee","Erie County (District 25)","Democratic","VALERIE PERKINS","9,507","0","0","5,108","0","0","4,359","0","0","40","0","0"
"2026 General Primary","ERIE","Member of Democratic State Committee","Erie County (District 25)","Democratic","JIM WERTZ","13,558","0","0","6,390","0","0","7,122","0","0","46","0","0"
"2026 General Primary","ERIE","Member of Democratic State Committee","Erie County (District 25)","Democratic","RYAN A BIZZARRO","16,042","0","0","7,362","0","0","8,628","0","0","52","0","0"
"2026 General Primary","ERIE","Member of Democratic State Committee","Erie County (District 25)","Democratic","SETH TROTT","4,636","0","0","2,120","0","0","2,503","0","0","13","0","0"
"2026 General Primary","ERIE","Member of Democratic State Committee","Erie County (District 25)","Democratic","KRISTY GNIBUS","10,028","0","0","4,005","0","0","5,996","0","0","27","0","0"
"2026 General Primary","ERIE","Member of Democratic State Committee","Erie County (District 25)","Democratic","CHRISTINE MITCHELL","7,081","0","0","2,900","0","0","4,159","0","0","22","0","0"
"2026 General Primary","ERIE","Member of Democratic State Committee","Erie County (District 25)","Democratic","CINDY PURVIS","7,785","0","0","3,337","0","0","4,418","0","0","30","0","0"
"2026 General Primary","ERIE","Member of Democratic State Committee","Erie County (District 25)","Democratic","DARIN MASRI","4,780","0","0","2,511","0","0","2,249","0","0","20","0","0"
"2026 General Primary","ERIE","Member of Republican State Committee","Erie County (District 25)","Republican","MICHELLE PREVITE","5,061","0","0","3,810","0","0","1,235","0","0","16","0","0"
"2026 General Primary","ERIE","Member of Republican State Committee","Erie County (District 25)","Republican","DONNA REESE","8,100","0","0","6,006","0","0","2,071","0","0","23","0","0"
"2026 General Primary","ERIE","Member of Republican State Committee","Erie County (District 25)","Republican","SHEILA FITZGERALD STERRETT","6,416","0","0","4,778","0","0","1,622","0","0","16","0","0"
"2026 General Primary","ERIE","Member of Republican State Committee","Erie County (District 25)","Republican","MATT STRUPCZEWSKI","7,630","0","0","5,465","0","0","2,137","0","0","28","0","0"
"2026 General Primary","ERIE","Member of Republican State Committee","Erie County (District 25)","Republican","KIMBERLY A HUNTER","4,310","0","0","3,112","0","0","1,185","0","0","13","0","0"
"2026 General Primary","ERIE","Member of Republican State Committee","Erie County (District 25)","Republican","TIM KUZMA","9,145","0","0","6,630","0","0","2,486","0","0","29","0","0"
"2026 General Primary","ERIE","Member of Republican State Committee","Erie County (District 25)","Republican","BRIAN SHANK","9,402","0","0","6,975","0","0","2,394","0","0","33","0","0"
"2026 General Primary","ERIE","Member of Republican State Committee","Erie County (District 25)","Republican","KOLLEEN SWEENEY","6,421","0","0","4,726","0","0","1,678","0","0","17","0","0"
"2026 General Primary","FAYETTE","Governor","Statewide","Democratic","JOSH SHAPIRO","8,237","0","0","3,736","0","0","4,482","0","0","19","0","0"
"2026 General Primary","FAYETTE","Governor","Statewide","Republican","STACY GARRITY","7,149","0","0","5,822","0","0","1,317","0","0","10","0","0"
"2026 General Primary","FAYETTE","Lieutenant Governor","Statewide","Democratic","AUSTIN DAVIS","7,924","0","0","3,581","0","0","4,328","0","0","15","0","0"
"2026 General Primary","FAYETTE","Lieutenant Governor","Statewide","Republican","JOHN VENTRE","4,882","0","0","3,927","0","0","948","0","0","7","0","0"
"2026 General Primary","FAYETTE","Lieutenant Governor","Statewide","Republican","JASON RICHEY","2,389","0","0","1,977","0","0","407","0","0","5","0","0"
"2026 General Primary","FAYETTE","Representative in Congress","14th Congressional District","Democratic","ALAN BRADSTOCK","7,942","0","0","3,634","0","0","4,290","0","0","18","0","0"
"2026 General Primary","FAYETTE","Representative in Congress","14th Congressional District","Republican","GUY RESCHENTHALER","7,216","0","0","5,878","0","0","1,330","0","0","8","0","0"
"2026 General Primary","FAYETTE","Senator in the General Assembly","32nd Senatorial District","Republican","PAT STEFANO","5,324","0","0","4,222","0","0","1,094","0","0","8","0","0"
"2026 General Primary","FAYETTE","Senator in the General Assembly","32nd Senatorial District","Republican","HARRY YOUNG COCHRAN","2,689","0","0","2,286","0","0","399","0","0","4","0","0"
"2026 General Primary","FAYETTE","Representative in the General Assembly","51st Legislative District","Republican","CHARITY GRIMM KRUPA","3,497","0","0","2,714","0","0","777","0","0","6","0","0"
"2026 General Primary","FAYETTE","Representative in the General Assembly","52nd Legislative District","Republican","RYAN WARNER","4,056","0","0","3,436","0","0","616","0","0","4","0","0"
"2026 General Primary","FAYETTE","Member of Democratic State Committee","Fayette County (District 26)","Democratic","TRINETTE SCHMIDT CUNNINGHAM","6,736","0","0","2,955","0","0","3,766","0","0","15","0","0"
"2026 General Primary","FAYETTE","Member of Democratic State Committee","Fayette County (District 26)","Democratic","VINCENT A VICITES","6,619","0","0","2,935","0","0","3,672","0","0","12","0","0"
"2026 General Primary","FAYETTE","Member of Republican State Committee","Fayette County (District 26)","Republican","DALE CUSTER","2,214","0","0","1,841","0","0","369","0","0","4","0","0"
"2026 General Primary","FAYETTE","Member of Republican State Committee","Fayette County (District 26)","Republican","SCOTT DUNN","3,133","0","0","2,487","0","0","642","0","0","4","0","0"
"2026 General Primary","FAYETTE","Member of Republican State Committee","Fayette County (District 26)","Republican","JESSICA LYN ZELE","2,165","0","0","1,610","0","0","555","0","0","0","0","0"
"2026 General Primary","FAYETTE","Member of Republican State Committee","Fayette County (District 26)","Republican","LARRY C DAUGHERTY","1,788","0","0","1,471","0","0","313","0","0","4","0","0"
"2026 General Primary","FAYETTE","Member of Republican State Committee","Fayette County (District 26)","Republican","MATTHEW D DOWLING","2,143","0","0","1,723","0","0","419","0","0","1","0","0"
"2026 General Primary","FAYETTE","Member of Republican State Committee","Fayette County (District 26)","Republican","MELANY CHRASH","2,424","0","0","1,956","0","0","465","0","0","3","0","0"
"2026 General Primary","FAYETTE","Member of Republican State Committee","Fayette County (District 26)","Republican","GREGORY CHRASH","1,491","0","0","1,241","0","0","247","0","0","3","0","0"
"2026 General Primary","FAYETTE","Member of Republican State Committee","Fayette County (District 26)","Republican","TODD MINER","2,331","0","0","1,876","0","0","454","0","0","1","0","0"
"2026 General Primary","FAYETTE","Member of Republican State Committee","Fayette County (District 26)","Republican","MELANIE STRINGHILL PATTERSON","2,797","0","0","2,361","0","0","431","0","0","5","0","0"
"2026 General Primary","FOREST","Governor","Statewide","Democratic","JOSH SHAPIRO","228","0","0","127","0","0","101","0","0","0","0","0"
"2026 General Primary","FOREST","Governor","Statewide","Republican","STACY GARRITY","407","0","0","360","0","0","47","0","0","0","0","0"
"2026 General Primary","FOREST","Lieutenant Governor","Statewide","Democratic","AUSTIN DAVIS","223","0","0","127","0","0","96","0","0","0","0","0"
"2026 General Primary","FOREST","Lieutenant Governor","Statewide","Republican","JOHN VENTRE","174","0","0","149","0","0","24","0","0","1","0","0"
"2026 General Primary","FOREST","Lieutenant Governor","Statewide","Republican","JASON RICHEY","260","0","0","233","0","0","27","0","0","0","0","0"
"2026 General Primary","FOREST","Representative in Congress","15th Congressional District","Democratic","RAY BILGER","217","0","0","122","0","0","95","0","0","0","0","0"
"2026 General Primary","FOREST","Representative in Congress","15th Congressional District","Republican","GLENN GT THOMPSON","422","0","0","369","0","0","52","0","0","1","0","0"
"2026 General Primary","FOREST","Representative in the General Assembly","65th Legislative District","Democratic","DESTINY HOWARD","221","0","0","127","0","0","94","0","0","0","0","0"
"2026 General Primary","FOREST","Representative in the General Assembly","65th Legislative District","Republican","KATHY L RAPP","432","0","0","375","0","0","56","0","0","1","0","0"
"2026 General Primary","FRANKLIN","Governor","Statewide","Democratic","JOSH SHAPIRO","5,746","0","0","2,690","0","0","3,047","0","0","9","0","0"
"2026 General Primary","FRANKLIN","Governor","Statewide","Republican","STACY GARRITY","9,465","0","0","7,671","0","0","1,791","0","0","3","0","0"
"2026 General Primary","FRANKLIN","Lieutenant Governor","Statewide","Democratic","AUSTIN DAVIS","5,613","0","0","2,609","0","0","2,994","0","0","10","0","0"
"2026 General Primary","FRANKLIN","Lieutenant Governor","Statewide","Republican","JOHN VENTRE","2,816","0","0","2,232","0","0","584","0","0","0","0","0"
"2026 General Primary","FRANKLIN","Lieutenant Governor","Statewide","Republican","JASON RICHEY","7,524","0","0","6,198","0","0","1,323","0","0","3","0","0"
"2026 General Primary","FRANKLIN","Representative in Congress","13th Congressional District","Democratic","BETH FARNHAM","5,584","0","0","2,603","0","0","2,970","0","0","11","0","0"
"2026 General Primary","FRANKLIN","Representative in Congress","13th Congressional District","Republican","JOHN JOYCE","10,681","0","0","8,711","0","0","1,967","0","0","3","0","0"
"2026 General Primary","FRANKLIN","Representative in the General Assembly","81st Legislative District","Democratic","CALEB J DONAHUE","677","0","0","358","0","0","318","0","0","1","0","0"
"2026 General Primary","FRANKLIN","Representative in the General Assembly","81st Legislative District","Republican","RICH IRVIN","1,832","0","0","1,618","0","0","212","0","0","2","0","0"
"2026 General Primary","FRANKLIN","Representative in the General Assembly","89th Legislative District","Democratic","SHANNON MICHAEL JACKSON","2,907","0","0","1,259","0","0","1,638","0","0","10","0","0"
"2026 General Primary","FRANKLIN","Representative in the General Assembly","89th Legislative District","Republican","ROB KAUFFMAN","4,523","0","0","3,462","0","0","1,060","0","0","1","0","0"
"2026 General Primary","FRANKLIN","Representative in the General Assembly","90th Legislative District","Republican","CHAD G REICHARD","4,401","0","0","3,639","0","0","762","0","0","0","0","0"
"2026 General Primary","FRANKLIN","Member of Democratic State Committee","Franklin County (District 28)","Democratic","JOHN J PATTERSON","2,973","0","0","1,359","0","0","1,607","0","0","7","0","0"
"2026 General Primary","FRANKLIN","Member of Democratic State Committee","Franklin County (District 28)","Democratic","DELMAR DAVID BURRIDGE","2,190","0","0","955","0","0","1,234","0","0","1","0","0"
"2026 General Primary","FRANKLIN","Member of Democratic State Committee","Franklin County (District 28)","Democratic","AVRIL WILLIAMS","4,727","0","0","2,171","0","0","2,548","0","0","8","0","0"
"2026 General Primary","FRANKLIN","Member of Republican State Committee","Franklin County (District 28)","Republican","KATHY MAHON","7,688","0","0","6,169","0","0","1,518","0","0","1","0","0"
"2026 General Primary","FRANKLIN","Member of Republican State Committee","Franklin County (District 28)","Republican","DOUG DOBBS","7,148","0","0","5,842","0","0","1,305","0","0","1","0","0"
"2026 General Primary","FRANKLIN","Member of Republican State Committee","Franklin County (District 28)","Republican","CAROL FIX DILLER","8,191","0","0","6,513","0","0","1,677","0","0","1","0","0"
"2026 General Primary","FRANKLIN","Member of Republican State Committee","Franklin County (District 28)","Republican","DEBBIE TAYLOR","7,472","0","0","5,923","0","0","1,548","0","0","1","0","0"
"2026 General Primary","FRANKLIN","Member of Republican State Committee","Franklin County (District 28)","Republican","NICHOLAS A HAINES","6,328","0","0","5,104","0","0","1,221","0","0","3","0","0"
"2026 General Primary","FRANKLIN","Member of Republican State Committee","Franklin County (District 28)","Republican","JOSHUA G PETERS","7,039","0","0","5,672","0","0","1,365","0","0","2","0","0"
"2026 General Primary","FRANKLIN","Member of Republican State Committee","Franklin County (District 28)","Republican","ROBERT TERNES","6,754","0","0","5,351","0","0","1,402","0","0","1","0","0"
"2026 General Primary","FULTON","Governor","Statewide","Democratic","JOSH SHAPIRO","298","0","0","185","0","0","113","0","0","0","0","0"
"2026 General Primary","FULTON","Governor","Statewide","Republican","STACY GARRITY","1,054","0","0","905","0","0","149","0","0","0","0","0"
"2026 General Primary","FULTON","Lieutenant Governor","Statewide","Democratic","AUSTIN DAVIS","292","0","0","183","0","0","109","0","0","0","0","0"
"2026 General Primary","FULTON","Lieutenant Governor","Statewide","Republican","JOHN VENTRE","287","0","0","243","0","0","44","0","0","0","0","0"
"2026 General Primary","FULTON","Lieutenant Governor","Statewide","Republican","JASON RICHEY","812","0","0","711","0","0","101","0","0","0","0","0"
"2026 General Primary","FULTON","Representative in Congress","13th Congressional District","Democratic","BETH FARNHAM","290","0","0","182","0","0","108","0","0","0","0","0"
"2026 General Primary","FULTON","Representative in Congress","13th Congressional District","Republican","JOHN JOYCE","1,156","0","0","994","0","0","162","0","0","0","0","0"
"2026 General Primary","FULTON","Senator in the General Assembly","30th Senatorial District","Democratic","SEAN STEEG","285","0","0","180","0","0","105","0","0","0","0","0"
"2026 General Primary","FULTON","Senator in the General Assembly","30th Senatorial District","Republican","JUDY WARD","1,159","0","0","1,000","0","0","159","0","0","0","0","0"
"2026 General Primary","FULTON","Representative in the General Assembly","78th Legislative District","Republican","JESSE TOPPER","1,183","0","0","1,020","0","0","163","0","0","0","0","0"
"2026 General Primary","FULTON","Member of Republican State Committee","Fulton County (District 29)","Republican","STANLEY J KERLIN","1,117","0","0","960","0","0","157","0","0","0","0","0"
"2026 General Primary","GREENE","Governor","Statewide","Democratic","JOSH SHAPIRO","2,342","0","0","1,360","0","0","978","0","0","4","0","0"
"2026 General Primary","GREENE","Governor","Statewide","Republican","STACY GARRITY","3,206","0","0","2,856","0","0","346","0","0","4","0","0"
"2026 General Primary","GREENE","Lieutenant Governor","Statewide","Democratic","AUSTIN DAVIS","2,220","0","0","1,279","0","0","937","0","0","4","0","0"
"2026 General Primary","GREENE","Lieutenant Governor","Statewide","Republican","JOHN VENTRE","1,630","0","0","1,444","0","0","185","0","0","1","0","0"
"2026 General Primary","GREENE","Lieutenant Governor","Statewide","Republican","JASON RICHEY","1,547","0","0","1,366","0","0","178","0","0","3","0","0"
"2026 General Primary","GREENE","Representative in Congress","14th Congressional District","Democratic","ALAN BRADSTOCK","2,140","0","0","1,236","0","0","901","0","0","3","0","0"
"2026 General Primary","GREENE","Representative in Congress","14th Congressional District","Republican","GUY RESCHENTHALER","3,313","0","0","2,925","0","0","384","0","0","4","0","0"
"2026 General Primary","GREENE","Senator in the General Assembly","46th Senatorial District","Democratic","EVAN SNYDER","2,086","0","0","1,199","0","0","884","0","0","3","0","0"
"2026 General Primary","GREENE","Senator in the General Assembly","46th Senatorial District","Republican","AL BUCHTAN","2,049","0","0","1,827","0","0","220","0","0","2","0","0"
"2026 General Primary","GREENE","Senator in the General Assembly","46th Senatorial District","Republican","CAMERA BARTOLOTTA","1,604","0","0","1,390","0","0","210","0","0","4","0","0"
"2026 General Primary","GREENE","Representative in the General Assembly","50th Legislative District","Democratic","LOIS BOWER-BJORNSON","2,026","0","0","1,154","0","0","868","0","0","4","0","0"
"2026 General Primary","GREENE","Representative in the General Assembly","50th Legislative District","Republican","BUD COOK","1,332","0","0","1,172","0","0","159","0","0","1","0","0"
"2026 General Primary","GREENE","Representative in the General Assembly","50th Legislative District","Republican","BEN HUMBLE","2,434","0","0","2,150","0","0","279","0","0","5","0","0"
"2026 General Primary","GREENE","Member of Democratic State Committee","Greene County (District 30)","Democratic","DAVE CODER","2,272","0","0","1,341","0","0","927","0","0","4","0","0"
"2026 General Primary","GREENE","Member of Republican State Committee","Green County (District 30)","Republican","ELIZABETH BETSY ROHANNA MCCLURE","3,124","0","0","2,755","0","0","364","0","0","5","0","0"
"2026 General Primary","HUNTINGDON","Governor","Statewide","Democratic","JOSH SHAPIRO","1,649","0","0","867","0","0","780","0","0","2","0","0"
"2026 General Primary","HUNTINGDON","Governor","Statewide","Republican","STACY GARRITY","3,441","0","0","2,973","0","0","467","0","0","1","0","0"
"2026 General Primary","HUNTINGDON","Lieutenant Governor","Statewide","Democratic","AUSTIN DAVIS","1,620","0","0","851","0","0","767","0","0","2","0","0"
"2026 General Primary","HUNTINGDON","Lieutenant Governor","Statewide","Republican","JOHN VENTRE","895","0","0","753","0","0","141","0","0","1","0","0"
"2026 General Primary","HUNTINGDON","Lieutenant Governor","Statewide","Republican","JASON RICHEY","2,567","0","0","2,226","0","0","341","0","0","0","0","0"
"2026 General Primary","HUNTINGDON","Representative in Congress","13th Congressional District","Democratic","BETH FARNHAM","1,602","0","0","847","0","0","753","0","0","2","0","0"
"2026 General Primary","HUNTINGDON","Representative in Congress","13th Congressional District","Republican","JOHN JOYCE","3,596","0","0","3,096","0","0","499","0","0","1","0","0"
"2026 General Primary","HUNTINGDON","Senator in the General Assembly","30th Senatorial District","Democratic","SEAN STEEG","1,596","0","0","849","0","0","745","0","0","2","0","0"
"2026 General Primary","HUNTINGDON","Senator in the General Assembly","30th Senatorial District","Republican","JUDY WARD","3,594","0","0","3,087","0","0","506","0","0","1","0","0"
"2026 General Primary","HUNTINGDON","Representative in the General Assembly","80th Legislative District","Democratic","SARAH HOLLAND","100","0","0","57","0","0","43","0","0","0","0","0"
"2026 General Primary","HUNTINGDON","Representative in the General Assembly","80th Legislative District","Republican","SCOTT BARGER","269","0","0","237","0","0","32","0","0","0","0","0"
"2026 General Primary","HUNTINGDON","Representative in the General Assembly","81st Legislative District","Democratic","CALEB J DONAHUE","1,484","0","0","784","0","0","698","0","0","2","0","0"
"2026 General Primary","HUNTINGDON","Representative in the General Assembly","81st Legislative District","Republican","RICH IRVIN","3,355","0","0","2,874","0","0","480","0","0","1","0","0"
"2026 General Primary","HUNTINGDON","Member of Democratic State Committee","Huntingdon County (District 31)","Democratic","DENNIS PLANE","1,622","0","0","864","0","0","756","0","0","2","0","0"
"2026 General Primary","HUNTINGDON","Member of Republican State Committee","Huntingdon County (District 31)","Republican","JULIA B WILT","3,000","0","0","2,512","0","0","487","0","0","1","0","0"
"2026 General Primary","HUNTINGDON","Member of Republican State Committee","Huntingdon County (District 31)","Republican","STEVEN CAROWICK JR","2,930","0","0","2,491","0","0","439","0","0","0","0","0"
"2026 General Primary","INDIANA","Governor","Statewide","Democratic","JOSH SHAPIRO","4,205","0","0","2,041","0","0","2,159","0","0","5","0","0"
"2026 General Primary","INDIANA","Governor","Statewide","Republican","STACY GARRITY","4,973","0","0","4,009","0","0","962","0","0","2","0","0"
"2026 General Primary","INDIANA","Lieutenant Governor","Statewide","Democratic","AUSTIN DAVIS","4,185","0","0","2,045","0","0","2,135","0","0","5","0","0"
"2026 General Primary","INDIANA","Lieutenant Governor","Statewide","Republican","JOHN VENTRE","3,160","0","0","2,484","0","0","674","0","0","2","0","0"
"2026 General Primary","INDIANA","Lieutenant Governor","Statewide","Republican","JASON RICHEY","2,049","0","0","1,705","0","0","344","0","0","0","0","0"
"2026 General Primary","INDIANA","Representative in Congress","14th Congressional District","Democratic","ALAN BRADSTOCK","3,828","0","0","1,862","0","0","1,961","0","0","5","0","0"
"2026 General Primary","INDIANA","Representative in Congress","14th Congressional District","Republican","GUY RESCHENTHALER","4,553","0","0","3,641","0","0","912","0","0","0","0","0"
"2026 General Primary","INDIANA","Representative in Congress","15th Congressional District","Democratic","RAY BILGER","255","0","0","136","0","0","119","0","0","0","0","0"
"2026 General Primary","INDIANA","Representative in Congress","15th Congressional District","Republican","GLENN GT THOMPSON","650","0","0","540","0","0","108","0","0","2","0","0"
"2026 General Primary","INDIANA","Representative in the General Assembly","62nd Legislative District","Democratic","TRAJAN JONES","3,566","0","0","1,748","0","0","1,814","0","0","4","0","0"
"2026 General Primary","INDIANA","Representative in the General Assembly","62nd Legislative District","Republican","JIM STRUZZI","4,040","0","0","3,179","0","0","861","0","0","0","0","0"
"2026 General Primary","INDIANA","Representative in the General Assembly","66th Legislative District","Democratic","LISA GOURLEY","561","0","0","277","0","0","283","0","0","1","0","0"
"2026 General Primary","INDIANA","Representative in the General Assembly","66th Legislative District","Republican","BRIAN SMITH","1,345","0","0","1,109","0","0","234","0","0","2","0","0"
"2026 General Primary","INDIANA","Member of Democratic State Committee","Indiana County (District 32)","Democratic","RONALD J FAIRMAN","4,191","0","0","2,065","0","0","2,121","0","0","5","0","0"
"2026 General Primary","INDIANA","Member of Republican State Committee","Indiana County (District 32)","Republican","JAMES ZERFOSS","3,942","0","0","3,045","0","0","895","0","0","2","0","0"
"2026 General Primary","INDIANA","Member of Republican State Committee","Indiana County (District 32)","Republican","DARLENE BRACKEN","2,127","0","0","1,762","0","0","364","0","0","1","0","0"
"2026 General Primary","INDIANA","Member of Republican State Committee","Indiana County (District 32)","Republican","KIMBERLY MCCULLOUGH","3,329","0","0","2,584","0","0","744","0","0","1","0","0"
"2026 General Primary","JEFFERSON","Governor","Statewide","Democratic","JOSH SHAPIRO","1,457","0","0","767","0","0","688","0","0","2","0","0"
"2026 General Primary","JEFFERSON","Governor","Statewide","Republican","STACY GARRITY","3,319","0","0","2,803","0","0","515","0","0","1","0","0"
"2026 General Primary","JEFFERSON","Lieutenant Governor","Statewide","Democratic","AUSTIN DAVIS","1,418","0","0","749","0","0","667","0","0","2","0","0"
"2026 General Primary","JEFFERSON","Lieutenant Governor","Statewide","Republican","JOHN VENTRE","1,345","0","0","1,104","0","0","241","0","0","0","0","0"
"2026 General Primary","JEFFERSON","Lieutenant Governor","Statewide","Republican","JASON RICHEY","2,054","0","0","1,766","0","0","287","0","0","1","0","0"
"2026 General Primary","JEFFERSON","Representative in Congress","15th Congressional District","Democratic","RAY BILGER","1,404","0","0","740","0","0","662","0","0","2","0","0"
"2026 General Primary","JEFFERSON","Representative in Congress","15th Congressional District","Republican","GLENN GT THOMPSON","3,337","0","0","2,814","0","0","522","0","0","1","0","0"
"2026 General Primary","JEFFERSON","Representative in the General Assembly","66th Legislative District","Democratic","LISA GOURLEY","1,440","0","0","766","0","0","672","0","0","2","0","0"
"2026 General Primary","JEFFERSON","Representative in the General Assembly","66th Legislative District","Republican","BRIAN SMITH","3,429","0","0","2,878","0","0","550","0","0","1","0","0"
"2026 General Primary","JEFFERSON","Representative in the General Assembly","75th Legislative District","Democratic","KIM KOHLHEPP","1","0","0","1","0","0","0","0","0","0","0","0"
"2026 General Primary","JEFFERSON","Representative in the General Assembly","75th Legislative District","Republican","MIKE ARMANINI","2","0","0","1","0","0","1","0","0","0","0","0"
"2026 General Primary","JEFFERSON","Member of Democratic State Committee","Jefferson County (District 33)","Democratic","JOHN ADDUCI","1,446","0","0","763","0","0","681","0","0","2","0","0"
"2026 General Primary","JEFFERSON","Member of Republican State Committee","Jefferson County (District 33)","Republican","PAUL BISHOP","2,769","0","0","2,317","0","0","452","0","0","0","0","0"
"2026 General Primary","JEFFERSON","Member of Republican State Committee","Jefferson County (District 33)","Republican","KAREN MCNUTT","2,895","0","0","2,408","0","0","486","0","0","1","0","0"
"2026 General Primary","JUNIATA","Governor","Statewide","Democratic","JOSH SHAPIRO","764","0","0","434","0","0","328","0","0","2","0","0"
"2026 General Primary","JUNIATA","Governor","Statewide","Republican","STACY GARRITY","2,174","0","0","1,917","0","0","256","0","0","1","0","0"
"2026 General Primary","JUNIATA","Lieutenant Governor","Statewide","Democratic","AUSTIN DAVIS","738","0","0","414","0","0","322","0","0","2","0","0"
"2026 General Primary","JUNIATA","Lieutenant Governor","Statewide","Republican","JOHN VENTRE","737","0","0","654","0","0","83","0","0","0","0","0"
"2026 General Primary","JUNIATA","Lieutenant Governor","Statewide","Republican","JASON RICHEY","1,436","0","0","1,260","0","0","175","0","0","1","0","0"
"2026 General Primary","JUNIATA","Representative in Congress","13th Congressional District","Democratic","BETH FARNHAM","738","0","0","415","0","0","321","0","0","2","0","0"
"2026 General Primary","JUNIATA","Representative in Congress","13th Congressional District","Republican","JOHN JOYCE","2,234","0","0","1,964","0","0","269","0","0","1","0","0"
"2026 General Primary","JUNIATA","Senator in the General Assembly","30th Senatorial District","Democratic","SEAN STEEG","730","0","0","413","0","0","315","0","0","2","0","0"
"2026 General Primary","JUNIATA","Senator in the General Assembly","30th Senatorial District","Republican","JUDY WARD","2,229","0","0","1,955","0","0","273","0","0","1","0","0"
"2026 General Primary","JUNIATA","Representative in the General Assembly","85th Legislative District","Republican","DAVID H ROWE","510","0","0","447","0","0","63","0","0","0","0","0"
"2026 General Primary","JUNIATA","Representative in the General Assembly","86th Legislative District","Democratic","WENDY MORGAN","599","0","0","344","0","0","253","0","0","2","0","0"
"2026 General Primary","JUNIATA","Representative in the General Assembly","86th Legislative District","Republican","PERRY STAMBAUGH","1,717","0","0","1,513","0","0","203","0","0","1","0","0"
"2026 General Primary","JUNIATA","Member of Republican State Committee","Juniata County (District 34)","Republican","RONNIE BROWN","2,099","0","0","1,843","0","0","255","0","0","1","0","0"
"2026 General Primary","LACKAWANNA","Governor","Statewide","Democratic","JOSH SHAPIRO","23,406","0","0","13,703","0","0","9,657","0","0","46","0","0"
"2026 General Primary","LACKAWANNA","Governor","Statewide","Republican","STACY GARRITY","7,549","0","0","6,001","0","0","1,536","0","0","12","0","0"
"2026 General Primary","LACKAWANNA","Lieutenant Governor","Statewide","Democratic","AUSTIN DAVIS","22,137","0","0","12,811","0","0","9,281","0","0","45","0","0"
"2026 General Primary","LACKAWANNA","Lieutenant Governor","Statewide","Republican","JOHN VENTRE","2,963","0","0","2,320","0","0","638","0","0","5","0","0"
"2026 General Primary","LACKAWANNA","Lieutenant Governor","Statewide","Republican","JASON RICHEY","4,779","0","0","3,860","0","0","910","0","0","9","0","0"
"2026 General Primary","LACKAWANNA","Representative in Congress","8th Congressional District","Democratic","PAIGE COGNETTI","22,743","0","0","13,409","0","0","9,290","0","0","44","0","0"
"2026 General Primary","LACKAWANNA","Representative in Congress","8th Congressional District","Republican","ROB BRESNAHAN JR","7,901","0","0","6,364","0","0","1,526","0","0","11","0","0"
"2026 General Primary","LACKAWANNA","Senator in the General Assembly","22nd Senatorial District","Democratic","MARTY FLYNN","11,334","0","0","6,304","0","0","5,003","0","0","27","0","0"
"2026 General Primary","LACKAWANNA","Senator in the General Assembly","22nd Senatorial District","Democratic","JEFFREY LAKE","6,608","0","0","4,487","0","0","2,109","0","0","12","0","0"
"2026 General Primary","LACKAWANNA","Senator in the General Assembly","22nd Senatorial District","Republican","SHARON SOLTIS SPARANO","5,075","0","0","3,957","0","0","1,109","0","0","9","0","0"
"2026 General Primary","LACKAWANNA","Senator in the General Assembly","40th Senatorial District","Democratic","BRIAN WRIGHTSON","6,240","0","0","3,712","0","0","2,518","0","0","10","0","0"
"2026 General Primary","LACKAWANNA","Senator in the General Assembly","40th Senatorial District","Republican","ROSEMARY BROWN","2,712","0","0","2,225","0","0","485","0","0","2","0","0"
"2026 General Primary","LACKAWANNA","Representative in the General Assembly","112th Legislative District","Democratic","KYLE J MULLINS","7,640","0","0","4,629","0","0","3,001","0","0","10","0","0"
"2026 General Primary","LACKAWANNA","Representative in the General Assembly","112th Legislative District","Republican","JOSEPH J SABIA JR","2,101","0","0","1,694","0","0","403","0","0","4","0","0"
"2026 General Primary","LACKAWANNA","Representative in the General Assembly","113th Legislative District","Democratic","KYLE T DONAHUE","5,385","0","0","3,074","0","0","2,300","0","0","11","0","0"
"2026 General Primary","LACKAWANNA","Representative in the General Assembly","113th Legislative District","Republican","LUCAS O'BRIEN","1,774","0","0","1,349","0","0","424","0","0","1","0","0"
"2026 General Primary","LACKAWANNA","Representative in the General Assembly","114th Legislative District","Democratic","BRIDGET MALLOY KOSIEROWSKI","7,010","0","0","4,181","0","0","2,814","0","0","15","0","0"
"2026 General Primary","LACKAWANNA","Representative in the General Assembly","114th Legislative District","Republican","DAVID BURGERHOFF","861","0","0","686","0","0","174","0","0","1","0","0"
"2026 General Primary","LACKAWANNA","Representative in the General Assembly","114th Legislative District","Republican","LOGAN LOMBARDO","1,674","0","0","1,324","0","0","349","0","0","1","0","0"
"2026 General Primary","LACKAWANNA","Representative in the General Assembly","118th Legislative District","Democratic","JIM HADDOCK","3,027","0","0","1,707","0","0","1,312","0","0","8","0","0"
"2026 General Primary","LACKAWANNA","Representative in the General Assembly","118th Legislative District","Republican","JOHN LOMBARDO","1,368","0","0","1,092","0","0","272","0","0","4","0","0"
"2026 General Primary","LACKAWANNA","Member of Democratic State Committee","Lackawanna County (District 35)","Democratic","PAUL MCNALLY","14,826","0","0","8,522","0","0","6,276","0","0","28","0","0"
"2026 General Primary","LACKAWANNA","Member of Democratic State Committee","Lackawanna County (District 35)","Democratic","JESSICA J MCGUIGAN","18,804","0","0","10,923","0","0","7,844","0","0","37","0","0"
"2026 General Primary","LACKAWANNA","Member of Democratic State Committee","Lackawanna County (District 35)","Democratic","CHRIS GAIDOS","10,368","0","0","5,830","0","0","4,520","0","0","18","0","0"
"2026 General Primary","LACKAWANNA","Member of Democratic State Committee","Lackawanna County (District 35)","Democratic","DWAYNE J HEISLER","8,911","0","0","4,878","0","0","4,022","0","0","11","0","0"
"2026 General Primary","LACKAWANNA","Member of Democratic State Committee","Lackawanna County (District 35)","Democratic","JESSICA ROTHCHILD","18,560","0","0","10,649","0","0","7,877","0","0","34","0","0"
"2026 General Primary","LACKAWANNA","Member of Democratic State Committee","Lackawanna County (District 35)","Democratic","JOSH CASTELLANI","13,846","0","0","8,021","0","0","5,795","0","0","30","0","0"
"2026 General Primary","LACKAWANNA","Member of Republican State Committee","Lackawanna County (District 35)","Republican","FRANK SCAVO","5,353","0","0","4,286","0","0","1,057","0","0","10","0","0"
"2026 General Primary","LACKAWANNA","Member of Republican State Committee","Lackawanna County (District 35)","Republican","LAUREEN A CUMMINGS","4,656","0","0","3,643","0","0","1,005","0","0","8","0","0"
"2026 General Primary","LACKAWANNA","Member of Republican State Committee","Lackawanna County (District 35)","Republican","MICHAEL A GIANNETTA","5,560","0","0","4,325","0","0","1,226","0","0","9","0","0"
"2026 General Primary","LACKAWANNA","Member of Republican State Committee","Lackawanna County (District 35)","Republican","SUSANNE PREAMBO GREEN","3,593","0","0","2,841","0","0","745","0","0","7","0","0"
"2026 General Primary","LACKAWANNA","Member of Republican State Committee","Lackawanna County (District 35)","Republican","MARC PANE","4,835","0","0","3,712","0","0","1,116","0","0","7","0","0"
"2026 General Primary","LACKAWANNA","Member of Republican State Committee","Lackawanna County (District 35)","Republican","ROBIN LEE MEDEIROS","3,634","0","0","2,843","0","0","784","0","0","7","0","0"
"2026 General Primary","LACKAWANNA","Member of Republican State Committee","Lackawanna County (District 35)","Republican","LYNN G KOKINDA","4,239","0","0","3,233","0","0","1,002","0","0","4","0","0"
"2026 General Primary","LANCASTER","Governor","Statewide","Democratic","JOSH SHAPIRO","31,032","0","0","17,444","0","0","13,492","0","0","96","0","0"
"2026 General Primary","LANCASTER","Governor","Statewide","Republican","STACY GARRITY","37,683","0","0","31,675","0","0","5,957","0","0","51","0","0"
"2026 General Primary","LANCASTER","Lieutenant Governor","Statewide","Democratic","AUSTIN DAVIS","30,781","0","0","17,274","0","0","13,411","0","0","96","0","0"
"2026 General Primary","LANCASTER","Lieutenant Governor","Statewide","Republican","JOHN VENTRE","9,920","0","0","8,197","0","0","1,708","0","0","15","0","0"
"2026 General Primary","LANCASTER","Lieutenant Governor","Statewide","Republican","JASON RICHEY","29,132","0","0","24,596","0","0","4,498","0","0","38","0","0"
"2026 General Primary","LANCASTER","Representative in Congress","11th Congressional District","Democratic","NANCY MANNION","30,868","0","0","17,343","0","0","13,429","0","0","96","0","0"
"2026 General Primary","LANCASTER","Representative in Congress","11th Congressional District","Republican","LLOYD K SMUCKER","39,315","0","0","33,356","0","0","5,905","0","0","54","0","0"
"2026 General Primary","LANCASTER","Senator in the General Assembly","36th Senatorial District","Democratic","JAMES ANDREW MALONE","17,581","0","0","9,740","0","0","7,799","0","0","42","0","0"
"2026 General Primary","LANCASTER","Senator in the General Assembly","36th Senatorial District","Republican","TOM JONES","19,080","0","0","16,120","0","0","2,940","0","0","20","0","0"
"2026 General Primary","LANCASTER","Senator in the General Assembly","36th Senatorial District","Republican","JERE SWARR","4,641","0","0","3,494","0","0","1,143","0","0","4","0","0"
"2026 General Primary","LANCASTER","Senator in the General Assembly","48th Senatorial District","Republican","CLOVIS CRANE","986","0","0","870","0","0","115","0","0","1","0","0"
"2026 General Primary","LANCASTER","Senator in the General Assembly","48th Senatorial District","Republican","CHRIS GEBHARD","2,610","0","0","2,302","0","0","306","0","0","2","0","0"
"2026 General Primary","LANCASTER","Representative in the General Assembly","37th Legislative District","Democratic","CHAD GLEISSL","3,980","0","0","1,954","0","0","2,015","0","0","11","0","0"
"2026 General Primary","LANCASTER","Representative in the General Assembly","37th Legislative District","Republican","MINDY FEE","6,593","0","0","5,471","0","0","1,116","0","0","6","0","0"
"2026 General Primary","LANCASTER","Representative in the General Assembly","41st Legislative District","Democratic","BRAD CHAMBERS","4,861","0","0","2,819","0","0","2,027","0","0","15","0","0"
"2026 General Primary","LANCASTER","Representative in the General Assembly","41st Legislative District","Republican","BRETT R MILLER","4,551","0","0","3,680","0","0","867","0","0","4","0","0"
"2026 General Primary","LANCASTER","Representative in the General Assembly","43rd Legislative District","Democratic","BRYAN PEIRSON","2,305","0","0","1,156","0","0","1,143","0","0","6","0","0"
"2026 General Primary","LANCASTER","Representative in the General Assembly","43rd Legislative District","Republican","KEITH J GREINER","4,266","0","0","3,574","0","0","689","0","0","3","0","0"
"2026 General Primary","LANCASTER","Representative in the General Assembly","49th Legislative District","Democratic","IZZY SMITH-WADE-EL","3,621","0","0","2,422","0","0","1,185","0","0","14","0","0"
"2026 General Primary","LANCASTER","Representative in the General Assembly","49th Legislative District","Republican","VANESSA ACOSTA","968","0","0","772","0","0","195","0","0","1","0","0"
"2026 General Primary","LANCASTER","Representative in the General Assembly","96th Legislative District","Democratic","NIKKI RIVERA","5,840","0","0","3,686","0","0","2,133","0","0","21","0","0"
"2026 General Primary","LANCASTER","Representative in the General Assembly","96th Legislative District","Republican","BABITA RUSYN","2,828","0","0","2,188","0","0","636","0","0","4","0","0"
"2026 General Primary","LANCASTER","Representative in the General Assembly","97th Legislative District","Democratic","JESS BRANAS","4,267","0","0","2,136","0","0","2,121","0","0","10","0","0"
"2026 General Primary","LANCASTER","Representative in the General Assembly","97th Legislative District","Republican","STEVE MENTZER","4,887","0","0","3,904","0","0","972","0","0","11","0","0"
"2026 General Primary","LANCASTER","Representative in the General Assembly","98th Legislative District","Democratic","HUGH DARLINGTON","3,079","0","0","1,761","0","0","1,314","0","0","4","0","0"
"2026 General Primary","LANCASTER","Representative in the General Assembly","98th Legislative District","Republican","NICKY WOODS","5,056","0","0","4,400","0","0","652","0","0","4","0","0"
"2026 General Primary","LANCASTER","Representative in the General Assembly","98th Legislative District","Republican","DANIELLE LINDEMUTH","1,125","0","0","924","0","0","200","0","0","1","0","0"
"2026 General Primary","LANCASTER","Representative in the General Assembly","99th Legislative District","Democratic","ETHAN GABRICK","1,128","0","0","554","0","0","569","0","0","5","0","0"
"2026 General Primary","LANCASTER","Representative in the General Assembly","99th Legislative District","Republican","DAVE ZIMMERMAN","3,888","0","0","3,429","0","0","456","0","0","3","0","0"
"2026 General Primary","LANCASTER","Representative in the General Assembly","100th Legislative District","Republican","DAVE NISSLEY","3,740","0","0","3,458","0","0","275","0","0","7","0","0"
"2026 General Primary","LANCASTER","Representative in the General Assembly","100th Legislative District","Republican","KELLY OSBORNE","2,925","0","0","2,538","0","0","386","0","0","1","0","0"
"2026 General Primary","LANCASTER","Member of Democratic State Committee","Lancaster County (District 36)","Democratic","DAVID RAMOS","28,820","0","0","16,205","0","0","12,524","0","0","91","0","0"
"2026 General Primary","LANCASTER","Member of Democratic State Committee","Lancaster County (District 36)","Democratic","BOB HOLLISTER","28,542","0","0","15,862","0","0","12,589","0","0","91","0","0"
"2026 General Primary","LANCASTER","Member of Democratic State Committee","Lancaster County (District 36)","Democratic","BEVERLY MALONE","28,158","0","0","15,733","0","0","12,338","0","0","87","0","0"
"2026 General Primary","LANCASTER","Member of Democratic State Committee","Lancaster County (District 36)","Democratic","STELLA SEXTON","27,505","0","0","15,301","0","0","12,119","0","0","85","0","0"
"2026 General Primary","LANCASTER","Member of Democratic State Committee","Lancaster County (District 36)","Democratic","LIZZ BENDER","28,458","0","0","16,007","0","0","12,361","0","0","90","0","0"
"2026 General Primary","LANCASTER","Member of Democratic State Committee","Lancaster County (District 36)","Democratic","NATHANIEL DICK","27,697","0","0","15,381","0","0","12,230","0","0","86","0","0"
"2026 General Primary","LANCASTER","Member of Democratic State Committee","Lancaster County (District 36)","Democratic","LOIS HERR","26,911","0","0","14,859","0","0","11,973","0","0","79","0","0"
"2026 General Primary","LANCASTER","Member of Republican State Committee","Lancaster County (District 36)","Republican","DAVE ZIMMERMAN","32,397","0","0","27,402","0","0","4,957","0","0","38","0","0"
"2026 General Primary","LANCASTER","Member of Republican State Committee","Lancaster County (District 36)","Republican","ERIC D W REATH","24,596","0","0","20,381","0","0","4,182","0","0","33","0","0"
"2026 General Primary","LANCASTER","Member of Republican State Committee","Lancaster County (District 36)","Republican","GORDON DENLINGER","27,855","0","0","23,281","0","0","4,539","0","0","35","0","0"
"2026 General Primary","LANCASTER","Member of Republican State Committee","Lancaster County (District 36)","Republican","CORINNE CLARK","27,391","0","0","22,585","0","0","4,770","0","0","36","0","0"
"2026 General Primary","LANCASTER","Member of Republican State Committee","Lancaster County (District 36)","Republican","ANN M HESS","27,974","0","0","23,168","0","0","4,771","0","0","35","0","0"
"2026 General Primary","LANCASTER","Member of Republican State Committee","Lancaster County (District 36)","Republican","BRYANT J GLICK","27,949","0","0","23,338","0","0","4,575","0","0","36","0","0"
"2026 General Primary","LANCASTER","Member of Republican State Committee","Lancaster County (District 36)","Republican","SHARON OGILVIE","25,621","0","0","21,086","0","0","4,503","0","0","32","0","0"
"2026 General Primary","LANCASTER","Member of Republican State Committee","Lancaster County (District 36)","Republican","STEPHANIE HILL","26,457","0","0","21,779","0","0","4,639","0","0","39","0","0"
"2026 General Primary","LANCASTER","Member of Republican State Committee","Lancaster County (District 36)","Republican","PRISCILLA S EBERLY","25,161","0","0","20,779","0","0","4,348","0","0","34","0","0"
"2026 General Primary","LANCASTER","Member of Republican State Committee","Lancaster County (District 36)","Republican","ROD REDCAY","26,450","0","0","21,959","0","0","4,455","0","0","36","0","0"
"2026 General Primary","LANCASTER","Member of Republican State Committee","Lancaster County (District 36)","Republican","STEPHEN A RANCK","26,135","0","0","21,711","0","0","4,389","0","0","35","0","0"
"2026 General Primary","LANCASTER","Member of Republican State Committee","Lancaster County (District 36)","Republican","PEGGY BUHALO","24,670","0","0","20,314","0","0","4,325","0","0","31","0","0"
"2026 General Primary","LANCASTER","Member of Republican State Committee","Lancaster County (District 36)","Republican","JENNA I REATH","24,251","0","0","19,939","0","0","4,283","0","0","29","0","0"
"2026 General Primary","LANCASTER","Member of Republican State Committee","Lancaster County (District 36)","Republican","DALE KEENEY","25,255","0","0","20,781","0","0","4,442","0","0","32","0","0"
"2026 General Primary","LANCASTER","Member of Republican State Committee","Lancaster County (District 36)","Republican","JAMESOWEN CUTTS","23,437","0","0","19,331","0","0","4,073","0","0","33","0","0"
"2026 General Primary","LANCASTER","Member of Republican State Committee","Lancaster County (District 36)","Republican","STEVE BRUBAKER","28,937","0","0","24,178","0","0","4,720","0","0","39","0","0"
"2026 General Primary","LAWRENCE","Governor","Statewide","Democratic","JOSH SHAPIRO","5,395","0","0","2,802","0","0","2,587","0","0","6","0","0"
"2026 General Primary","LAWRENCE","Governor","Statewide","Republican","STACY GARRITY","4,465","0","0","3,446","0","0","1,016","0","0","3","0","0"
"2026 General Primary","LAWRENCE","Lieutenant Governor","Statewide","Democratic","AUSTIN DAVIS","5,244","0","0","2,727","0","0","2,511","0","0","6","0","0"
"2026 General Primary","LAWRENCE","Lieutenant Governor","Statewide","Republican","JOHN VENTRE","1,665","0","0","1,316","0","0","348","0","0","1","0","0"
"2026 General Primary","LAWRENCE","Lieutenant Governor","Statewide","Republican","JASON RICHEY","2,867","0","0","2,170","0","0","695","0","0","2","0","0"
"2026 General Primary","LAWRENCE","Representative in Congress","16th Congressional District","Democratic","JUSTIN WAGNER","5,145","0","0","2,666","0","0","2,473","0","0","6","0","0"
"2026 General Primary","LAWRENCE","Representative in Congress","16th Congressional District","Republican","MIKE KELLY","4,546","0","0","3,500","0","0","1,042","0","0","4","0","0"
"2026 General Primary","LAWRENCE","Senator in the General Assembly","50th Senatorial District","Republican","MICHELE BROOKS","3,745","0","0","2,818","0","0","923","0","0","4","0","0"
"2026 General Primary","LAWRENCE","Representative in the General Assembly","8th Legislative District","Democratic","RICK TELESZ","1,215","0","0","638","0","0","575","0","0","2","0","0"
"2026 General Primary","LAWRENCE","Representative in the General Assembly","8th Legislative District","Republican","AARON BERNSTINE","1,336","0","0","1,102","0","0","232","0","0","2","0","0"
"2026 General Primary","LAWRENCE","Representative in the General Assembly","9th Legislative District","Democratic","SHAY MICCO","3,881","0","0","1,993","0","0","1,884","0","0","4","0","0"
"2026 General Primary","LAWRENCE","Representative in the General Assembly","9th Legislative District","Republican","MARLA GALLO BROWN","3,237","0","0","2,392","0","0","843","0","0","2","0","0"
"2026 General Primary","LAWRENCE","Member of Democratic State Committee","Lawrence County (District 37)","Democratic","MIRA LOU THOMPSON","2,160","0","0","1,145","0","0","1,012","0","0","3","0","0"
"2026 General Primary","LAWRENCE","Member of Democratic State Committee","Lawrence County (District 37)","Democratic","J HOWARD THOMPSON","3,951","0","0","1,943","0","0","2,005","0","0","3","0","0"
"2026 General Primary","LAWRENCE","Member of Democratic State Committee","Lawrence County (District 37)","Democratic","JULIANN G MANGINO","3,520","0","0","1,836","0","0","1,681","0","0","3","0","0"
"2026 General Primary","LAWRENCE","Member of Republican State Committee","Lawrence County (District 37)","Republican","GALE MEASEL","2,844","0","0","2,106","0","0","735","0","0","3","0","0"
"2026 General Primary","LAWRENCE","Member of Republican State Committee","Lawrence County (District 37)","Republican","MARLA GALLO BROWN","4,170","0","0","3,149","0","0","1,018","0","0","3","0","0"
"2026 General Primary","LAWRENCE","Member of Republican State Committee","Lawrence County (District 37)","Republican","DALE TURNER","2,959","0","0","2,202","0","0","756","0","0","1","0","0"
"2026 General Primary","LEBANON","Governor","Statewide","Democratic","JOSH SHAPIRO","6,599","0","0","3,050","0","0","3,533","0","0","16","0","0"
"2026 General Primary","LEBANON","Governor","Statewide","Republican","STACY GARRITY","13,971","0","0","11,629","0","0","2,315","0","0","27","0","0"
"2026 General Primary","LEBANON","Lieutenant Governor","Statewide","Democratic","AUSTIN DAVIS","6,476","0","0","2,989","0","0","3,470","0","0","17","0","0"
"2026 General Primary","LEBANON","Lieutenant Governor","Statewide","Republican","JOHN VENTRE","4,620","0","0","3,798","0","0","806","0","0","16","0","0"
"2026 General Primary","LEBANON","Lieutenant Governor","Statewide","Republican","JASON RICHEY","9,064","0","0","7,514","0","0","1,537","0","0","13","0","0"
"2026 General Primary","LEBANON","Representative in Congress","9th Congressional District","Democratic","RACHEL WALLACE","6,404","0","0","2,966","0","0","3,421","0","0","17","0","0"
"2026 General Primary","LEBANON","Representative in Congress","9th Congressional District","Republican","DAN MEUSER","14,326","0","0","11,903","0","0","2,396","0","0","27","0","0"
"2026 General Primary","LEBANON","Senator in the General Assembly","48th Senatorial District","Republican","CLOVIS CRANE","5,145","0","0","4,244","0","0","886","0","0","15","0","0"
"2026 General Primary","LEBANON","Senator in the General Assembly","48th Senatorial District","Republican","CHRIS GEBHARD","10,268","0","0","8,472","0","0","1,778","0","0","18","0","0"
"2026 General Primary","LEBANON","Representative in the General Assembly","98th Legislative District","Democratic","HUGH DARLINGTON","777","0","0","362","0","0","411","0","0","4","0","0"
"2026 General Primary","LEBANON","Representative in the General Assembly","98th Legislative District","Republican","NICKY WOODS","931","0","0","770","0","0","160","0","0","1","0","0"
"2026 General Primary","LEBANON","Representative in the General Assembly","98th Legislative District","Republican","DANIELLE LINDEMUTH","504","0","0","400","0","0","102","0","0","2","0","0"
"2026 General Primary","LEBANON","Representative in the General Assembly","101st Legislative District","Republican","JOHN SCHLEGEL","5,768","0","0","4,685","0","0","1,074","0","0","9","0","0"
"2026 General Primary","LEBANON","Representative in the General Assembly","102nd Legislative District","Republican","RUSS DIAMOND","7,421","0","0","6,250","0","0","1,158","0","0","13","0","0"
"2026 General Primary","LEBANON","Member of Democratic State Committee","Lebanon County (District 38)","Democratic","LAURA QUICK","6,303","0","0","2,922","0","0","3,363","0","0","18","0","0"
"2026 General Primary","LEBANON","Member of Republican State Committee","Lebanon County (District 38)","Republican","FAITH BUCKS","9,644","0","0","8,052","0","0","1,572","0","0","20","0","0"
"2026 General Primary","LEBANON","Member of Republican State Committee","Lebanon County (District 38)","Republican","DAWN BLAUCH","10,176","0","0","8,433","0","0","1,719","0","0","24","0","0"
"2026 General Primary","LEBANON","Member of Republican State Committee","Lebanon County (District 38)","Republican","VANESSA P BUZEY","6,389","0","0","5,335","0","0","1,040","0","0","14","0","0"
"2026 General Primary","LEBANON","Member of Republican State Committee","Lebanon County (District 38)","Republican","RACHEL MOYER","6,319","0","0","5,009","0","0","1,299","0","0","11","0","0"
"2026 General Primary","LEBANON","Member of Republican State Committee","Lebanon County (District 38)","Republican","TYLER DUVALL","6,871","0","0","5,427","0","0","1,430","0","0","14","0","0"
"2026 General Primary","LEBANON","Member of Republican State Committee","Lebanon County (District 38)","Republican","RUSS DIAMOND","12,080","0","0","10,118","0","0","1,941","0","0","21","0","0"
"2026 General Primary","LEBANON","Member of Republican State Committee","Lebanon County (District 38)","Republican","JOHN SCHLEGEL","11,937","0","0","9,798","0","0","2,116","0","0","23","0","0"
"2026 General Primary","LEHIGH","Governor","Statewide","Democratic","JOSH SHAPIRO","33,008","0","0","18,041","0","0","14,778","0","0","189","0","0"
"2026 General Primary","LEHIGH","Governor","Statewide","Republican","STACY GARRITY","15,504","0","0","11,151","0","0","4,306","0","0","47","0","0"
"2026 General Primary","LEHIGH","Lieutenant Governor","Statewide","Democratic","AUSTIN DAVIS","31,783","0","0","17,181","0","0","14,435","0","0","167","0","0"
"2026 General Primary","LEHIGH","Lieutenant Governor","Statewide","Republican","JOHN VENTRE","5,045","0","0","3,548","0","0","1,481","0","0","16","0","0"
"2026 General Primary","LEHIGH","Lieutenant Governor","Statewide","Republican","JASON RICHEY","10,347","0","0","7,474","0","0","2,841","0","0","32","0","0"
"2026 General Primary","LEHIGH","Representative in Congress","7th Congressional District","Democratic","CAROL OBANDO-DERSTINE","7,395","0","0","4,050","0","0","3,292","0","0","53","0","0"
"2026 General Primary","LEHIGH","Representative in Congress","7th Congressional District","Democratic","BOB BROOKS","12,992","0","0","7,924","0","0","4,998","0","0","70","0","0"
"2026 General Primary","LEHIGH","Representative in Congress","7th Congressional District","Democratic","LAMONT G MCCLURE","4,042","0","0","2,237","0","0","1,783","0","0","22","0","0"
"2026 General Primary","LEHIGH","Representative in Congress","7th Congressional District","Democratic","RYAN CROSSWELL","9,026","0","0","4,225","0","0","4,754","0","0","47","0","0"
"2026 General Primary","LEHIGH","Representative in Congress","7th Congressional District","Republican","RYAN MACKENZIE","15,848","0","0","11,382","0","0","4,417","0","0","49","0","0"
"2026 General Primary","LEHIGH","Senator in the General Assembly","14th Senatorial District","Democratic","NICK MILLER","14,532","0","0","8,283","0","0","6,159","0","0","90","0","0"
"2026 General Primary","LEHIGH","Senator in the General Assembly","14th Senatorial District","Republican","OMY MALDONADO","4,751","0","0","3,401","0","0","1,337","0","0","13","0","0"
"2026 General Primary","LEHIGH","Senator in the General Assembly","16th Senatorial District","Democratic","MARK PINSLEY","11,475","0","0","5,744","0","0","5,675","0","0","56","0","0"
"2026 General Primary","LEHIGH","Senator in the General Assembly","16th Senatorial District","Democratic","BRADLEY MERKL-GUMP","4,253","0","0","2,314","0","0","1,916","0","0","23","0","0"
"2026 General Primary","LEHIGH","Senator in the General Assembly","16th Senatorial District","Republican","JARRETT COLEMAN","9,920","0","0","7,054","0","0","2,837","0","0","29","0","0"
"2026 General Primary","LEHIGH","Senator in the General Assembly","18th Senatorial District","Democratic","LISA BOSCOLA","2,363","0","0","1,449","0","0","906","0","0","8","0","0"
"2026 General Primary","LEHIGH","Senator in the General Assembly","18th Senatorial District","Republican","SCOTT JANNEY","610","0","0","436","0","0","174","0","0","0","0","0"
"2026 General Primary","LEHIGH","Representative in the General Assembly","22nd Legislative District","Democratic","CE-CE GERLACH","1,703","0","0","1,093","0","0","599","0","0","11","0","0"
"2026 General Primary","LEHIGH","Representative in the General Assembly","22nd Legislative District","Democratic","ANA TIBURCIO","1,301","0","0","874","0","0","415","0","0","12","0","0"
"2026 General Primary","LEHIGH","Representative in the General Assembly","22nd Legislative District","Republican","ROBERT E SMITH JR","713","0","0","529","0","0","182","0","0","2","0","0"
"2026 General Primary","LEHIGH","Representative in the General Assembly","131st Legislative District","Democratic","MERIAM SABIH","3,756","0","0","1,824","0","0","1,909","0","0","23","0","0"
"2026 General Primary","LEHIGH","Representative in the General Assembly","131st Legislative District","Republican","MILOU MACKENZIE","2,410","0","0","1,653","0","0","751","0","0","6","0","0"
"2026 General Primary","LEHIGH","Representative in the General Assembly","132nd Legislative District","Democratic","MIKE SCHLOSSBERG","7,109","0","0","3,697","0","0","3,367","0","0","45","0","0"
"2026 General Primary","LEHIGH","Representative in the General Assembly","132nd Legislative District","Republican","CAREN LOWREY","2,722","0","0","1,789","0","0","923","0","0","10","0","0"
"2026 General Primary","LEHIGH","Representative in the General Assembly","133rd Legislative District","Democratic","JEANNE MCNEILL","6,215","0","0","3,575","0","0","2,620","0","0","20","0","0"
"2026 General Primary","LEHIGH","Representative in the General Assembly","134th Legislative District","Democratic","PETER SCHWEYER","4,634","0","0","2,741","0","0","1,867","0","0","26","0","0"
"2026 General Primary","LEHIGH","Representative in the General Assembly","134th Legislative District","Republican","MIRIAM MALDONADO","1,499","0","0","1,081","0","0","415","0","0","3","0","0"
"2026 General Primary","LEHIGH","Representative in the General Assembly","183rd Legislative District","Democratic","DEIRDRE KAMBER TODD","1,646","0","0","817","0","0","827","0","0","2","0","0"
"2026 General Primary","LEHIGH","Representative in the General Assembly","183rd Legislative District","Republican","ZACH MAKO","1,591","0","0","1,191","0","0","397","0","0","3","0","0"
"2026 General Primary","LEHIGH","Representative in the General Assembly","187th Legislative District","Democratic","GEOFFREY S WHITCOMB","1,947","0","0","893","0","0","1,046","0","0","8","0","0"
"2026 General Primary","LEHIGH","Representative in the General Assembly","187th Legislative District","Democratic","RACHEL CUEVAS","4,181","0","0","2,266","0","0","1,895","0","0","20","0","0"
"2026 General Primary","LEHIGH","Representative in the General Assembly","187th Legislative District","Republican","GARY DAY","4,298","0","0","3,108","0","0","1,178","0","0","12","0","0"
"2026 General Primary","LEHIGH","Member of Democratic State Committee","Lehigh County (District 39)","Democratic","DANIELLE SHACKELFORD","18,671","0","0","10,138","0","0","8,413","0","0","120","0","0"
"2026 General Primary","LEHIGH","Member of Democratic State Committee","Lehigh County (District 39)","Democratic","AIDAN LEVINSON","16,631","0","0","8,246","0","0","8,298","0","0","87","0","0"
"2026 General Primary","LEHIGH","Member of Democratic State Committee","Lehigh County (District 39)","Democratic","APRIL RIDDICK","16,332","0","0","9,146","0","0","7,098","0","0","88","0","0"
"2026 General Primary","LEHIGH","Member of Democratic State Committee","Lehigh County (District 39)","Democratic","CARMEN BELL","14,314","0","0","7,950","0","0","6,277","0","0","87","0","0"
"2026 General Primary","LEHIGH","Member of Democratic State Committee","Lehigh County (District 39)","Democratic","CELESTE DEE","13,517","0","0","7,421","0","0","6,020","0","0","76","0","0"
"2026 General Primary","LEHIGH","Member of Democratic State Committee","Lehigh County (District 39)","Democratic","GABRIELLE KLOTZ","14,323","0","0","7,434","0","0","6,825","0","0","64","0","0"
"2026 General Primary","LEHIGH","Member of Democratic State Committee","Lehigh County (District 39)","Democratic","SARINA TORRES","12,641","0","0","7,506","0","0","5,056","0","0","79","0","0"
"2026 General Primary","LEHIGH","Member of Democratic State Committee","Lehigh County (District 39)","Democratic","JULIAN GURIDY","18,377","0","0","9,786","0","0","8,502","0","0","89","0","0"
"2026 General Primary","LEHIGH","Member of Democratic State Committee","Lehigh County (District 39)","Democratic","SUNNY GHAI","15,242","0","0","7,915","0","0","7,248","0","0","79","0","0"
"2026 General Primary","LEHIGH","Member of Democratic State Committee","Lehigh County (District 39)","Democratic","LORI MCFARLAND","12,405","0","0","6,142","0","0","6,200","0","0","63","0","0"
"2026 General Primary","LEHIGH","Member of Democratic State Committee","Lehigh County (District 39)","Democratic","BEN STEMRICH","17,997","0","0","9,292","0","0","8,618","0","0","87","0","0"
"2026 General Primary","LEHIGH","Member of Democratic State Committee","Lehigh County (District 39)","Democratic","KATHLEEN PARSONS","13,442","0","0","6,955","0","0","6,419","0","0","68","0","0"
"2026 General Primary","LEHIGH","Member of Republican State Committee","Lehigh County District 1","Republican","BOB DADAY","6,107","0","0","4,340","0","0","1,755","0","0","12","0","0"
"2026 General Primary","LEHIGH","Member of Republican State Committee","Lehigh County District 1","Republican","JACQUELINE RIVERA","5,051","0","0","3,554","0","0","1,486","0","0","11","0","0"
"2026 General Primary","LEHIGH","Member of Republican State Committee","Lehigh County District 2","Republican","BERNADETTE COMFORT","7,293","0","0","5,047","0","0","2,224","0","0","22","0","0"
"2026 General Primary","LEHIGH","Member of Republican State Committee","Lehigh County District 2","Republican","RAYMOND P LEISTER","7,504","0","0","5,274","0","0","2,206","0","0","24","0","0"
"2026 General Primary","LEHIGH","Member of Republican State Committee","Lehigh County At-Large (District 39)","Republican","JOE VICHOT","12,443","0","0","8,793","0","0","3,618","0","0","32","0","0"
"2026 General Primary","LEHIGH","Member of Republican State Committee","Lehigh County At-Large (District 39)","Republican","LISA WALTER","10,762","0","0","7,442","0","0","3,293","0","0","27","0","0"
"2026 General Primary","LEHIGH","Member of Republican State Committee","Lehigh County At-Large (District 39)","Republican","JEANNETTE WROBEL","8,205","0","0","5,822","0","0","2,359","0","0","24","0","0"
"2026 General Primary","LEHIGH","Member of Republican State Committee","Lehigh County At-Large (District 39)","Republican","LINDA J SWANKOSKI","8,893","0","0","6,299","0","0","2,571","0","0","23","0","0"
"2026 General Primary","LEHIGH","Member of Republican State Committee","Lehigh County At-Large (District 39)","Republican","BLAKE MARLES","12,755","0","0","8,903","0","0","3,817","0","0","35","0","0"
"2026 General Primary","LUZERNE","Governor","Statewide","Democratic","JOSH SHAPIRO","23,021","0","0","11,287","0","0","11,662","0","0","72","0","0"
"2026 General Primary","LUZERNE","Governor","Statewide","Republican","STACY GARRITY","19,596","0","0","15,721","0","0","3,829","0","0","46","0","0"
"2026 General Primary","LUZERNE","Lieutenant Governor","Statewide","Democratic","AUSTIN DAVIS","21,830","0","0","10,654","0","0","11,107","0","0","69","0","0"
"2026 General Primary","LUZERNE","Lieutenant Governor","Statewide","Republican","JOHN VENTRE","7,832","0","0","6,178","0","0","1,639","0","0","15","0","0"
"2026 General Primary","LUZERNE","Lieutenant Governor","Statewide","Republican","JASON RICHEY","10,592","0","0","8,520","0","0","2,048","0","0","24","0","0"
"2026 General Primary","LUZERNE","Representative in Congress","8th Congressional District","Democratic","PAIGE COGNETTI","19,953","0","0","9,741","0","0","10,154","0","0","58","0","0"
"2026 General Primary","LUZERNE","Representative in Congress","8th Congressional District","Republican","ROB BRESNAHAN JR","14,898","0","0","11,742","0","0","3,123","0","0","33","0","0"
"2026 General Primary","LUZERNE","Representative in Congress","9th Congressional District","Democratic","RACHEL WALLACE","2,247","0","0","1,123","0","0","1,113","0","0","11","0","0"
"2026 General Primary","LUZERNE","Representative in Congress","9th Congressional District","Republican","DAN MEUSER","5,617","0","0","4,850","0","0","759","0","0","8","0","0"
"2026 General Primary","LUZERNE","Senator in the General Assembly","20th Senatorial District","Democratic","JACKIE BAKER","9,431","0","0","4,675","0","0","4,731","0","0","25","0","0"
"2026 General Primary","LUZERNE","Senator in the General Assembly","20th Senatorial District","Republican","TYLER MEYERS","5,143","0","0","4,520","0","0","612","0","0","11","0","0"
"2026 General Primary","LUZERNE","Senator in the General Assembly","20th Senatorial District","Republican","LISA BAKER","6,079","0","0","4,623","0","0","1,446","0","0","10","0","0"
"2026 General Primary","LUZERNE","Senator in the General Assembly","22nd Senatorial District","Democratic","MARTY FLYNN","6,657","0","0","3,409","0","0","3,227","0","0","21","0","0"
"2026 General Primary","LUZERNE","Senator in the General Assembly","22nd Senatorial District","Democratic","JEFFREY LAKE","1,505","0","0","809","0","0","689","0","0","7","0","0"
"2026 General Primary","LUZERNE","Senator in the General Assembly","22nd Senatorial District","Republican","SHARON SOLTIS SPARANO","2,953","0","0","2,197","0","0","749","0","0","7","0","0"
"2026 General Primary","LUZERNE","Representative in the General Assembly","116th Legislative District","Republican","DANE WATRO","1,245","0","0","890","0","0","352","0","0","3","0","0"
"2026 General Primary","LUZERNE","Representative in the General Assembly","117th Legislative District","Democratic","JEREMY BENSCOTER","3,390","0","0","1,685","0","0","1,691","0","0","14","0","0"
"2026 General Primary","LUZERNE","Representative in the General Assembly","117th Legislative District","Republican","JAMIE WALSH","6,120","0","0","5,353","0","0","755","0","0","12","0","0"
"2026 General Primary","LUZERNE","Representative in the General Assembly","117th Legislative District","Republican","BILL JONES","2,365","0","0","1,832","0","0","526","0","0","7","0","0"
"2026 General Primary","LUZERNE","Representative in the General Assembly","118th Legislative District","Democratic","JIM HADDOCK","3,989","0","0","2,090","0","0","1,887","0","0","12","0","0"
"2026 General Primary","LUZERNE","Representative in the General Assembly","118th Legislative District","Republican","JOHN LOMBARDO","1,641","0","0","1,244","0","0","394","0","0","3","0","0"
"2026 General Primary","LUZERNE","Representative in the General Assembly","119th Legislative District","Democratic","LAUREN MCCURDY","4,139","0","0","1,912","0","0","2,219","0","0","8","0","0"
"2026 General Primary","LUZERNE","Representative in the General Assembly","119th Legislative District","Republican","ALEC J RYNCAVAGE","3,546","0","0","2,715","0","0","826","0","0","5","0","0"
"2026 General Primary","LUZERNE","Representative in the General Assembly","120th Legislative District","Democratic","FERN LEARD","3,502","0","0","1,780","0","0","1,713","0","0","9","0","0"
"2026 General Primary","LUZERNE","Representative in the General Assembly","120th Legislative District","Democratic","JOANNA BRYN SMITH","2,581","0","0","1,282","0","0","1,294","0","0","5","0","0"
"2026 General Primary","LUZERNE","Representative in the General Assembly","120th Legislative District","Republican","BRENDA PUGH","5,143","0","0","4,050","0","0","1,084","0","0","9","0","0"
"2026 General Primary","LUZERNE","Representative in the General Assembly","121st Legislative District","Democratic","JESSICA MCCLAY","2,661","0","0","1,224","0","0","1,428","0","0","9","0","0"
"2026 General Primary","LUZERNE","Representative in the General Assembly","121st Legislative District","Democratic","MICHAEL J STADULIS","1,631","0","0","1,005","0","0","617","0","0","9","0","0"
"2026 General Primary","LUZERNE","Representative in the General Assembly","121st Legislative District","Republican","MIKE HAROSTOCK","1,819","0","0","1,371","0","0","444","0","0","4","0","0"
"2026 General Primary","LUZERNE","Member of Democratic State Committee","Luzerne County (District 40)","Democratic","PETER J BUTERA","11,503","0","0","5,736","0","0","5,737","0","0","30","0","0"
"2026 General Primary","LUZERNE","Member of Democratic State Committee","Luzerne County (District 40)","Democratic","NATE EACHUS","7,813","0","0","3,709","0","0","4,073","0","0","31","0","0"
"2026 General Primary","LUZERNE","Member of Democratic State Committee","Luzerne County (District 40)","Democratic","KRISTY KRUK","11,259","0","0","5,362","0","0","5,857","0","0","40","0","0"
"2026 General Primary","LUZERNE","Member of Democratic State Committee","Luzerne County (District 40)","Democratic","ALICIA ANGELI","9,312","0","0","4,605","0","0","4,673","0","0","34","0","0"
"2026 General Primary","LUZERNE","Member of Democratic State Committee","Luzerne County (District 40)","Democratic","ALISHA HOFFMAN-MIRILOVICH","7,160","0","0","3,306","0","0","3,818","0","0","36","0","0"
"2026 General Primary","LUZERNE","Member of Democratic State Committee","Luzerne County (District 40)","Democratic","THOMAS M SHUBILLA","10,699","0","0","5,177","0","0","5,484","0","0","38","0","0"
"2026 General Primary","LUZERNE","Member of Democratic State Committee","Luzerne County (District 40)","Democratic","JOHN CHERNESKY","9,901","0","0","4,614","0","0","5,266","0","0","21","0","0"
"2026 General Primary","LUZERNE","Member of Democratic State Committee","Luzerne County (District 40)","Democratic","JOHNNY SUDOL","6,914","0","0","3,439","0","0","3,451","0","0","24","0","0"
"2026 General Primary","LUZERNE","Member of Democratic State Committee","Luzerne County (District 40)","Democratic","ANTHONY R GRATTER","5,755","0","0","2,888","0","0","2,838","0","0","29","0","0"
"2026 General Primary","LUZERNE","Member of Democratic State Committee","Luzerne County (District 40)","Democratic","ALLIE SCHRAEDER","6,961","0","0","3,670","0","0","3,269","0","0","22","0","0"
"2026 General Primary","LUZERNE","Member of Democratic State Committee","Luzerne County (District 40)","Democratic","SHANNON GROSHEK","11,020","0","0","5,167","0","0","5,826","0","0","27","0","0"
"2026 General Primary","LUZERNE","Member of Democratic State Committee","Luzerne County (District 40)","Democratic","MEGAN KOCHER","11,713","0","0","5,843","0","0","5,842","0","0","28","0","0"
"2026 General Primary","LUZERNE","Member of Democratic State Committee","Luzerne County (District 40)","Democratic","JOSEPH FIORELLO-KOCHER","6,449","0","0","3,262","0","0","3,166","0","0","21","0","0"
"2026 General Primary","LUZERNE","Member of Republican State Committee","Luzerne County (District 40)","Republican","T LYNETTE VILLANO","12,707","0","0","9,717","0","0","2,973","0","0","17","0","0"
"2026 General Primary","LUZERNE","Member of Republican State Committee","Luzerne County (District 40)","Republican","JACOB M ANDERSON","7,951","0","0","6,144","0","0","1,792","0","0","15","0","0"
"2026 General Primary","LUZERNE","Member of Republican State Committee","Luzerne County (District 40)","Republican","SANDRA DEBIAS","12,335","0","0","9,420","0","0","2,892","0","0","23","0","0"
"2026 General Primary","LUZERNE","Member of Republican State Committee","Luzerne County (District 40)","Republican","MARGARET PHILLIPS","13,307","0","0","10,214","0","0","3,068","0","0","25","0","0"
"2026 General Primary","LUZERNE","Member of Republican State Committee","Luzerne County (District 40)","Republican","JENNY CENTRELLA","12,962","0","0","9,902","0","0","3,036","0","0","24","0","0"
"2026 General Primary","LUZERNE","Member of Republican State Committee","Luzerne County (District 40)","Republican","CHRIS HUNTZINGER","13,599","0","0","10,628","0","0","2,941","0","0","30","0","0"
"2026 General Primary","LUZERNE","Member of Republican State Committee","Luzerne County (District 40)","Republican","BILL LEWIS","11,307","0","0","8,711","0","0","2,575","0","0","21","0","0"
"2026 General Primary","LUZERNE","Member of Republican State Committee","Luzerne County (District 40)","Republican","HARRY HAAS","13,527","0","0","10,507","0","0","2,991","0","0","29","0","0"
"2026 General Primary","LUZERNE","Member of Republican State Committee","Luzerne County (District 40)","Republican","STEPHEN J URBAN","13,118","0","0","10,365","0","0","2,726","0","0","27","0","0"
"2026 General Primary","LYCOMING","Governor","Statewide","Democratic","JOSH SHAPIRO","4,952","0","0","2,961","0","0","1,976","0","0","15","0","0"
"2026 General Primary","LYCOMING","Governor","Statewide","Republican","STACY GARRITY","9,377","0","0","8,118","0","0","1,251","0","0","8","0","0"
"2026 General Primary","LYCOMING","Lieutenant Governor","Statewide","Democratic","AUSTIN DAVIS","4,860","0","0","2,904","0","0","1,942","0","0","14","0","0"
"2026 General Primary","LYCOMING","Lieutenant Governor","Statewide","Republican","JOHN VENTRE","2,847","0","0","2,425","0","0","422","0","0","0","0","0"
"2026 General Primary","LYCOMING","Lieutenant Governor","Statewide","Republican","JASON RICHEY","6,391","0","0","5,578","0","0","806","0","0","7","0","0"
"2026 General Primary","LYCOMING","Representative in Congress","9th Congressional District","Democratic","RACHEL WALLACE","3,283","0","0","1,992","0","0","1,282","0","0","9","0","0"
"2026 General Primary","LYCOMING","Representative in Congress","9th Congressional District","Republican","DAN MEUSER","5,418","0","0","4,600","0","0","814","0","0","4","0","0"
"2026 General Primary","LYCOMING","Representative in Congress","15th Congressional District","Democratic","RAY BILGER","1,492","0","0","859","0","0","628","0","0","5","0","0"
"2026 General Primary","LYCOMING","Representative in Congress","15th Congressional District","Republican","GLENN GT THOMPSON","4,042","0","0","3,577","0","0","461","0","0","4","0","0"
"2026 General Primary","LYCOMING","Representative in the General Assembly","83rd Legislative District","Republican","JAMIE L FLICK","3,480","0","0","2,925","0","0","551","0","0","4","0","0"
"2026 General Primary","LYCOMING","Representative in the General Assembly","84th Legislative District","Republican","JOE HAMM","6,302","0","0","5,509","0","0","789","0","0","4","0","0"
"2026 General Primary","LYCOMING","Member of Democratic State Committee","Lycoming County (District 41)","Democratic","DAVID C RAKER","2,601","0","0","1,513","0","0","1,082","0","0","6","0","0"
"2026 General Primary","LYCOMING","Member of Democratic State Committee","Lycoming County (District 41)","Democratic","DANIEL BYRON","2,308","0","0","1,466","0","0","836","0","0","6","0","0"
"2026 General Primary","LYCOMING","Member of Republican State Committee","Lycoming County (District 41)","Republican","JOE HAMM","8,875","0","0","7,711","0","0","1,156","0","0","8","0","0"
"2026 General Primary","LYCOMING","Member of Republican State Committee","Lycoming County (District 41)","Republican","CAROL D SIDES","6,745","0","0","5,676","0","0","1,063","0","0","6","0","0"
"2026 General Primary","LYCOMING","Member of Republican State Committee","Lycoming County (District 41)","Republican","TOM MARINO","6,487","0","0","5,436","0","0","1,044","0","0","7","0","0"
"2026 General Primary","McKEAN","Governor","Statewide","Democratic","JOSH SHAPIRO","1,158","0","0","626","0","0","531","0","0","1","0","0"
"2026 General Primary","McKEAN","Governor","Statewide","Republican","STACY GARRITY","2,370","0","0","2,002","0","0","367","0","0","1","0","0"
"2026 General Primary","McKEAN","Lieutenant Governor","Statewide","Democratic","AUSTIN DAVIS","1,142","0","0","623","0","0","518","0","0","1","0","0"
"2026 General Primary","McKEAN","Lieutenant Governor","Statewide","Republican","JOHN VENTRE","717","0","0","604","0","0","111","0","0","2","0","0"
"2026 General Primary","McKEAN","Lieutenant Governor","Statewide","Republican","JASON RICHEY","1,705","0","0","1,448","0","0","257","0","0","0","0","0"
"2026 General Primary","McKEAN","Representative in Congress","15th Congressional District","Democratic","RAY BILGER","1,130","0","0","620","0","0","509","0","0","1","0","0"
"2026 General Primary","McKEAN","Representative in Congress","15th Congressional District","Republican","GLENN GT THOMPSON","2,459","0","0","2,075","0","0","382","0","0","2","0","0"
"2026 General Primary","McKEAN","Representative in the General Assembly","67th Legislative District","Democratic","ZACHARY WARE","1,146","0","0","623","0","0","521","0","0","2","0","0"
"2026 General Primary","McKEAN","Representative in the General Assembly","67th Legislative District","Republican","MARTIN T CAUSER","2,509","0","0","2,107","0","0","400","0","0","2","0","0"
"2026 General Primary","McKEAN","Member of Democratic State Committee","McKean County (District 42)","Democratic","JAMES F HECKMAN","1,139","0","0","620","0","0","517","0","0","2","0","0"
"2026 General Primary","McKEAN","Member of Republican State Committee","McKean County (District 42)","Republican","CHRISTINE BARTLETT","1,956","0","0","1,625","0","0","329","0","0","2","0","0"
"2026 General Primary","McKEAN","Member of Republican State Committee","McKean County (District 42)","Republican","PATRICK WARNICK","2,019","0","0","1,674","0","0","343","0","0","2","0","0"
"2026 General Primary","MERCER","Governor","Statewide","Democratic","JOSH SHAPIRO","6,394","0","0","3,453","0","0","2,933","0","0","8","0","0"
"2026 General Primary","MERCER","Governor","Statewide","Republican","STACY GARRITY","5,965","0","0","4,857","0","0","1,105","0","0","3","0","0"
"2026 General Primary","MERCER","Lieutenant Governor","Statewide","Democratic","AUSTIN DAVIS","6,214","0","0","3,345","0","0","2,862","0","0","7","0","0"
"2026 General Primary","MERCER","Lieutenant Governor","Statewide","Republican","JOHN VENTRE","2,008","0","0","1,662","0","0","346","0","0","0","0","0"
"2026 General Primary","MERCER","Lieutenant Governor","Statewide","Republican","JASON RICHEY","4,105","0","0","3,299","0","0","802","0","0","4","0","0"
"2026 General Primary","MERCER","Representative in Congress","16th Congressional District","Democratic","JUSTIN WAGNER","6,210","0","0","3,326","0","0","2,876","0","0","8","0","0"
"2026 General Primary","MERCER","Representative in Congress","16th Congressional District","Republican","MIKE KELLY","6,171","0","0","5,038","0","0","1,130","0","0","3","0","0"
"2026 General Primary","MERCER","Senator in the General Assembly","50th Senatorial District","Republican","MICHELE BROOKS","6,435","0","0","5,209","0","0","1,222","0","0","4","0","0"
"2026 General Primary","MERCER","Representative in the General Assembly","7th Legislative District","Republican","PARKE WENTLING","3,060","0","0","2,421","0","0","636","0","0","3","0","0"
"2026 General Primary","MERCER","Representative in the General Assembly","17th Legislative District","Republican","TIM BONNER","3,337","0","0","2,779","0","0","557","0","0","1","0","0"
"2026 General Primary","MERCER","Member of Democratic State Committee","Mercer County (District 43)","Democratic","JIM MCLUSKY","5,052","0","0","2,565","0","0","2,482","0","0","5","0","0"
"2026 General Primary","MERCER","Member of Democratic State Committee","Mercer County (District 43)","Democratic","DIANE SYPHRIT","5,669","0","0","2,969","0","0","2,694","0","0","6","0","0"
"2026 General Primary","MERCER","Member of Republican State Committee","Mercer County (District 43)","Republican","WILLIAM A FINLEY JR","5,105","0","0","4,080","0","0","1,022","0","0","3","0","0"
"2026 General Primary","MERCER","Member of Republican State Committee","Mercer County (District 43)","Republican","JULIE SWARTFAGER","2,744","0","0","2,202","0","0","539","0","0","3","0","0"
"2026 General Primary","MERCER","Member of Republican State Committee","Mercer County (District 43)","Republican","GINNY STEESE RICHARDSON","3,974","0","0","3,128","0","0","843","0","0","3","0","0"
"2026 General Primary","MERCER","Member of Republican State Committee","Mercer County (District 43)","Republican","ANN COLEMAN","4,173","0","0","3,353","0","0","818","0","0","2","0","0"
"2026 General Primary","MIFFLIN","Governor","Statewide","Democratic","JOSH SHAPIRO","1,452","0","0","679","0","0","771","0","0","2","0","0"
"2026 General Primary","MIFFLIN","Governor","Statewide","Republican","STACY GARRITY","3,548","0","0","2,919","0","0","625","0","0","4","0","0"
"2026 General Primary","MIFFLIN","Lieutenant Governor","Statewide","Democratic","AUSTIN DAVIS","1,429","0","0","676","0","0","751","0","0","2","0","0"
"2026 General Primary","MIFFLIN","Lieutenant Governor","Statewide","Republican","JOHN VENTRE","946","0","0","717","0","0","227","0","0","2","0","0"
"2026 General Primary","MIFFLIN","Lieutenant Governor","Statewide","Republican","JASON RICHEY","2,795","0","0","2,358","0","0","435","0","0","2","0","0"
"2026 General Primary","MIFFLIN","Representative in Congress","13th Congressional District","Democratic","BETH FARNHAM","1,430","0","0","682","0","0","746","0","0","2","0","0"
"2026 General Primary","MIFFLIN","Representative in Congress","13th Congressional District","Republican","JOHN JOYCE","3,793","0","0","3,105","0","0","684","0","0","4","0","0"
"2026 General Primary","MIFFLIN","Senator in the General Assembly","30th Senatorial District","Democratic","SEAN STEEG","1,418","0","0","673","0","0","743","0","0","2","0","0"
"2026 General Primary","MIFFLIN","Senator in the General Assembly","30th Senatorial District","Republican","JUDY WARD","3,822","0","0","3,123","0","0","695","0","0","4","0","0"
"2026 General Primary","MIFFLIN","Representative in the General Assembly","85th Legislative District","Republican","DAVID H ROWE","1,155","0","0","923","0","0","230","0","0","2","0","0"
"2026 General Primary","MIFFLIN","Representative in the General Assembly","171st Legislative District","Democratic","JOHN ZANGARI","980","0","0","483","0","0","496","0","0","1","0","0"
"2026 General Primary","MIFFLIN","Representative in the General Assembly","171st Legislative District","Republican","KERRY A BENNINGHOFF","2,684","0","0","2,209","0","0","473","0","0","2","0","0"
"2026 General Primary","MIFFLIN","Member of Republican State Committee","Mifflin County (District 44)","Republican","MARY L SMITH","3,152","0","0","2,545","0","0","604","0","0","3","0","0"
"2026 General Primary","MIFFLIN","Member of Republican State Committee","Mifflin County (District 44)","Republican","JONATHAN R WATSON","3,269","0","0","2,658","0","0","607","0","0","4","0","0"
"2026 General Primary","MONROE","Governor","Statewide","Democratic","JOSH SHAPIRO","11,224","0","0","4,760","0","0","6,434","0","0","30","0","0"
"2026 General Primary","MONROE","Governor","Statewide","Republican","STACY GARRITY","6,789","0","0","4,706","0","0","2,063","0","0","20","0","0"
"2026 General Primary","MONROE","Lieutenant Governor","Statewide","Democratic","AUSTIN DAVIS","10,806","0","0","4,568","0","0","6,209","0","0","29","0","0"
"2026 General Primary","MONROE","Lieutenant Governor","Statewide","Republican","JOHN VENTRE","2,170","0","0","1,425","0","0","743","0","0","2","0","0"
"2026 General Primary","MONROE","Lieutenant Governor","Statewide","Republican","JASON RICHEY","4,521","0","0","3,205","0","0","1,298","0","0","18","0","0"
"2026 General Primary","MONROE","Representative in Congress","7th Congressional District","Democratic","CAROL OBANDO-DERSTINE","196","0","0","84","0","0","112","0","0","0","0","0"
"2026 General Primary","MONROE","Representative in Congress","7th Congressional District","Democratic","BOB BROOKS","313","0","0","143","0","0","168","0","0","2","0","0"
"2026 General Primary","MONROE","Representative in Congress","7th Congressional District","Democratic","LAMONT G MCCLURE","115","0","0","50","0","0","65","0","0","0","0","0"
"2026 General Primary","MONROE","Representative in Congress","7th Congressional District","Democratic","RYAN CROSSWELL","163","0","0","59","0","0","104","0","0","0","0","0"
"2026 General Primary","MONROE","Representative in Congress","7th Congressional District","Republican","RYAN MACKENZIE","859","0","0","654","0","0","199","0","0","6","0","0"
"2026 General Primary","MONROE","Representative in Congress","8th Congressional District","Democratic","PAIGE COGNETTI","9,983","0","0","4,245","0","0","5,712","0","0","26","0","0"
"2026 General Primary","MONROE","Representative in Congress","8th Congressional District","Republican","ROB BRESNAHAN JR","5,917","0","0","4,045","0","0","1,856","0","0","16","0","0"
"2026 General Primary","MONROE","Senator in the General Assembly","40th Senatorial District","Democratic","BRIAN WRIGHTSON","10,486","0","0","4,441","0","0","6,017","0","0","28","0","0"
"2026 General Primary","MONROE","Senator in the General Assembly","40th Senatorial District","Republican","ROSEMARY BROWN","7,324","0","0","4,975","0","0","2,325","0","0","24","0","0"
"2026 General Primary","MONROE","Representative in the General Assembly","115th Legislative District","Democratic","MAUREEN MADDEN","3,942","0","0","1,644","0","0","2,293","0","0","5","0","0"
"2026 General Primary","MONROE","Representative in the General Assembly","115th Legislative District","Republican","RICH SZABO","2,184","0","0","1,469","0","0","710","0","0","5","0","0"
"2026 General Primary","MONROE","Representative in the General Assembly","176th Legislative District","Republican","JACK RADER","3,608","0","0","2,497","0","0","1,096","0","0","15","0","0"
"2026 General Primary","MONROE","Representative in the General Assembly","189th Legislative District","Democratic","TARAH PROBST","3,104","0","0","1,512","0","0","1,584","0","0","8","0","0"
"2026 General Primary","MONROE","Representative in the General Assembly","189th Legislative District","Republican","DANICA HARTENFELS","1,355","0","0","906","0","0","445","0","0","4","0","0"
"2026 General Primary","MONROE","Member of Democratic State Committee","Monroe County (District 45)","Democratic","TRENTON BARRY SCHAFFER","2,387","0","0","956","0","0","1,424","0","0","7","0","0"
"2026 General Primary","MONROE","Member of Democratic State Committee","Monroe County (District 45)","Democratic","TIM SANDERS","5,851","0","0","2,447","0","0","3,388","0","0","16","0","0"
"2026 General Primary","MONROE","Member of Democratic State Committee","Monroe County (District 45)","Democratic","ANNE TIRACCHIA","6,223","0","0","2,631","0","0","3,574","0","0","18","0","0"
"2026 General Primary","MONROE","Member of Democratic State Committee","Monroe County (District 45)","Democratic","CLAUDETTE WILLIAMS","6,766","0","0","2,886","0","0","3,866","0","0","14","0","0"
"2026 General Primary","MONROE","Member of Democratic State Committee","Monroe County (District 45)","Democratic","TAMEKO PATTERSON","5,902","0","0","2,498","0","0","3,392","0","0","12","0","0"
"2026 General Primary","MONROE","Member of Democratic State Committee","Monroe County (District 45)","Democratic","CHARLES JOHN KEPPLER IV","3,071","0","0","1,171","0","0","1,895","0","0","5","0","0"
"2026 General Primary","MONROE","Member of Republican State Committee","Monroe County (District 45)","Republican","SHELLI BIRD","4,734","0","0","3,241","0","0","1,480","0","0","13","0","0"
"2026 General Primary","MONROE","Member of Republican State Committee","Monroe County (District 45)","Republican","JOSEPHINE FERRO","5,174","0","0","3,460","0","0","1,697","0","0","17","0","0"
"2026 General Primary","MONROE","Member of Republican State Committee","Monroe County (District 45)","Republican","THOMAS C WHITEHEAD","4,578","0","0","3,119","0","0","1,445","0","0","14","0","0"
"2026 General Primary","MONROE","Member of Republican State Committee","Monroe County (District 45)","Republican","SAL PICCOLO","3,093","0","0","2,128","0","0","952","0","0","13","0","0"
"2026 General Primary","MONTGOMERY","Governor","Statewide","Democratic","JOSH SHAPIRO","105,284","0","0","55,559","0","0","49,347","0","0","378","0","0"
"2026 General Primary","MONTGOMERY","Governor","Statewide","Republican","STACY GARRITY","36,046","0","0","25,668","0","0","10,293","0","0","85","0","0"
"2026 General Primary","MONTGOMERY","Lieutenant Governor","Statewide","Democratic","AUSTIN DAVIS","104,164","0","0","55,004","0","0","48,791","0","0","369","0","0"
"2026 General Primary","MONTGOMERY","Lieutenant Governor","Statewide","Republican","JOHN VENTRE","10,854","0","0","6,756","0","0","4,070","0","0","28","0","0"
"2026 General Primary","MONTGOMERY","Lieutenant Governor","Statewide","Republican","JASON RICHEY","25,796","0","0","19,383","0","0","6,354","0","0","59","0","0"
"2026 General Primary","MONTGOMERY","Representative in Congress","1st Congressional District","Democratic","BOB HARVIE","7,065","0","0","3,364","0","0","3,670","0","0","31","0","0"
"2026 General Primary","MONTGOMERY","Representative in Congress","1st Congressional District","Democratic","LUCIA SIMONELLI","4,612","0","0","2,262","0","0","2,342","0","0","8","0","0"
"2026 General Primary","MONTGOMERY","Representative in Congress","1st Congressional District","Republican","BRIAN FITZPATRICK","6,730","0","0","4,777","0","0","1,932","0","0","21","0","0"
"2026 General Primary","MONTGOMERY","Representative in Congress","4th Congressional District","Democratic","MADELEINE DEAN","79,261","0","0","41,950","0","0","37,035","0","0","276","0","0"
"2026 General Primary","MONTGOMERY","Representative in Congress","4th Congressional District","Republican","AURORA STUSKI","27,027","0","0","19,036","0","0","7,933","0","0","58","0","0"
"2026 General Primary","MONTGOMERY","Representative in Congress","5th Congressional District","Democratic","MARY GAY SCANLON","14,252","0","0","8,116","0","0","6,081","0","0","55","0","0"
"2026 General Primary","MONTGOMERY","Representative in Congress","5th Congressional District","Republican","NICK MANGANARO","2,107","0","0","1,409","0","0","695","0","0","3","0","0"
"2026 General Primary","MONTGOMERY","Senator in the General Assembly","4th Senatorial District","Democratic","ART HAYWOOD","20,506","0","0","12,805","0","0","7,613","0","0","88","0","0"
"2026 General Primary","MONTGOMERY","Senator in the General Assembly","4th Senatorial District","Democratic","MIKE COGBILL","1,894","0","0","1,234","0","0","652","0","0","8","0","0"
"2026 General Primary","MONTGOMERY","Senator in the General Assembly","4th Senatorial District","Republican","TODD JOHNSON","3,410","0","0","2,545","0","0","860","0","0","5","0","0"
"2026 General Primary","MONTGOMERY","Senator in the General Assembly","12th Senatorial District","Democratic","MARIA COLLETT","29,172","0","0","14,417","0","0","14,652","0","0","103","0","0"
"2026 General Primary","MONTGOMERY","Senator in the General Assembly","12th Senatorial District","Republican","ROBERT F COSTELLO III","12,591","0","0","8,874","0","0","3,678","0","0","39","0","0"
"2026 General Primary","MONTGOMERY","Senator in the General Assembly","24th Senatorial District","Democratic","CHRIS THOMAS","20,510","0","0","9,905","0","0","10,552","0","0","53","0","0"
"2026 General Primary","MONTGOMERY","Senator in the General Assembly","24th Senatorial District","Republican","TRACY E PENNYCUICK","13,061","0","0","9,606","0","0","3,436","0","0","19","0","0"
"2026 General Primary","MONTGOMERY","Senator in the General Assembly","44th Senatorial District","Democratic","KATIE MUTH","5,549","0","0","2,193","0","0","3,342","0","0","14","0","0"
"2026 General Primary","MONTGOMERY","Senator in the General Assembly","44th Senatorial District","Republican","MELISSA DICRANIAN","2,397","0","0","1,428","0","0","960","0","0","9","0","0"
"2026 General Primary","MONTGOMERY","Representative in the General Assembly","53rd Legislative District","Democratic","STEVE MALAGARI","6,217","0","0","3,175","0","0","3,024","0","0","18","0","0"
"2026 General Primary","MONTGOMERY","Representative in the General Assembly","54th Legislative District","Democratic","GREG SCOTT","4,917","0","0","2,861","0","0","2,040","0","0","16","0","0"
"2026 General Primary","MONTGOMERY","Representative in the General Assembly","61st Legislative District","Democratic","LIZ HANBIDGE","8,288","0","0","3,657","0","0","4,608","0","0","23","0","0"
"2026 General Primary","MONTGOMERY","Representative in the General Assembly","70th Legislative District","Democratic","MATT BRADFORD","7,298","0","0","3,533","0","0","3,744","0","0","21","0","0"
"2026 General Primary","MONTGOMERY","Representative in the General Assembly","131st Legislative District","Democratic","MERIAM SABIH","2,030","0","0","980","0","0","1,043","0","0","7","0","0"
"2026 General Primary","MONTGOMERY","Representative in the General Assembly","131st Legislative District","Republican","MILOU MACKENZIE","1,720","0","0","1,345","0","0","370","0","0","5","0","0"
"2026 General Primary","MONTGOMERY","Representative in the General Assembly","146th Legislative District","Democratic","JOE CIRESI","5,824","0","0","3,008","0","0","2,804","0","0","12","0","0"
"2026 General Primary","MONTGOMERY","Representative in the General Assembly","147th Legislative District","Democratic","MARGARET BURKE","5,998","0","0","2,955","0","0","3,025","0","0","18","0","0"
"2026 General Primary","MONTGOMERY","Representative in the General Assembly","147th Legislative District","Republican","DONNA M SCHEUREN","5,566","0","0","4,379","0","0","1,179","0","0","8","0","0"
"2026 General Primary","MONTGOMERY","Representative in the General Assembly","148th Legislative District","Democratic","MEGAN GRIFFIN-SHELLEY","4,917","0","0","2,724","0","0","2,175","0","0","18","0","0"
"2026 General Primary","MONTGOMERY","Representative in the General Assembly","148th Legislative District","Democratic","ANDREA DEUTSCH","1,534","0","0","741","0","0","788","0","0","5","0","0"
"2026 General Primary","MONTGOMERY","Representative in the General Assembly","148th Legislative District","Democratic","LEO SOLGA","1,870","0","0","1,198","0","0","656","0","0","16","0","0"
"2026 General Primary","MONTGOMERY","Representative in the General Assembly","148th Legislative District","Democratic","JASON LANDAU GOODMAN","4,812","0","0","2,855","0","0","1,933","0","0","24","0","0"
"2026 General Primary","MONTGOMERY","Representative in the General Assembly","149th Legislative District","Democratic","TIM BRIGGS","7,893","0","0","4,023","0","0","3,842","0","0","28","0","0"
"2026 General Primary","MONTGOMERY","Representative in the General Assembly","150th Legislative District","Democratic","JOE WEBSTER","6,684","0","0","2,746","0","0","3,918","0","0","20","0","0"
"2026 General Primary","MONTGOMERY","Representative in the General Assembly","151st Legislative District","Democratic","MELISSA CERRATO","7,884","0","0","3,895","0","0","3,958","0","0","31","0","0"
"2026 General Primary","MONTGOMERY","Representative in the General Assembly","152nd Legislative District","Democratic","NANCY GUENST","6,715","0","0","3,754","0","0","2,946","0","0","15","0","0"
"2026 General Primary","MONTGOMERY","Representative in the General Assembly","153rd Legislative District","Democratic","BEN SANCHEZ","9,546","0","0","5,474","0","0","4,038","0","0","34","0","0"
"2026 General Primary","MONTGOMERY","Representative in the General Assembly","153rd Legislative District","Republican","CORY L TONER","2,330","0","0","1,712","0","0","614","0","0","4","0","0"
"2026 General Primary","MONTGOMERY","Representative in the General Assembly","154th Legislative District","Democratic","NAPOLEON NELSON","12,731","0","0","8,155","0","0","4,520","0","0","56","0","0"
"2026 General Primary","MONTGOMERY","Member of Democratic State Committee","Montgomery County 4th Senatorial District (District 4604)","Democratic","PAUL DARBY DOYLE","20,915","0","0","12,989","0","0","7,841","0","0","85","0","0"
"2026 General Primary","MONTGOMERY","Member of Democratic State Committee","Montgomery County 4th Senatorial District (District 4604)","Democratic","CRAIG C BROWNE","20,637","0","0","12,842","0","0","7,712","0","0","83","0","0"
"2026 General Primary","MONTGOMERY","Member of Democratic State Committee","Montgomery County 4th Senatorial District (District 4604)","Democratic","AYANNA LANEY-MARTIN","21,207","0","0","13,215","0","0","7,907","0","0","85","0","0"
"2026 General Primary","MONTGOMERY","Member of Democratic State Committee","Montgomery County 4th Senatorial District (District 4604)","Democratic","SANDRA JENKINS","20,940","0","0","13,062","0","0","7,795","0","0","83","0","0"
"2026 General Primary","MONTGOMERY","Member of Democratic State Committee","Montgomery County 7th Senatorial District (District 4607)","Democratic","AMY P GROSSMAN","3,878","0","0","2,085","0","0","1,780","0","0","13","0","0"
"2026 General Primary","MONTGOMERY","Member of Democratic State Committee","Montgomery County 12th Senatorial District (District 4612)","Democratic","CHARLES W QUANN","27,731","0","0","13,729","0","0","13,906","0","0","96","0","0"
"2026 General Primary","MONTGOMERY","Member of Democratic State Committee","Montgomery County 12th Senatorial District (District 4612)","Democratic","TANYA BAMFORD","28,136","0","0","13,954","0","0","14,084","0","0","98","0","0"
"2026 General Primary","MONTGOMERY","Member of Democratic State Committee","Montgomery County 12th Senatorial District (District 4612)","Democratic","DOTTIE MILLER","27,759","0","0","13,793","0","0","13,871","0","0","95","0","0"
"2026 General Primary","MONTGOMERY","Member of Democratic State Committee","Montgomery County 12th Senatorial District (District 4612)","Democratic","CHRISTOPHER MANERO","27,502","0","0","13,599","0","0","13,808","0","0","95","0","0"
"2026 General Primary","MONTGOMERY","Member of Democratic State Committee","Montgomery County 12th Senatorial District (District 4612)","Democratic","ALI ROY","27,707","0","0","13,719","0","0","13,893","0","0","95","0","0"
"2026 General Primary","MONTGOMERY","Member of Democratic State Committee","Montgomery County 12th Senatorial District (District 4612)","Democratic","JOJO DALWADI","27,156","0","0","13,393","0","0","13,669","0","0","94","0","0"
"2026 General Primary","MONTGOMERY","Member of Democratic State Committee","Montgomery County 17th Senatorial District (District 4617)","Democratic","SARA ATKINS","22,557","0","0","12,441","0","0","10,030","0","0","86","0","0"
"2026 General Primary","MONTGOMERY","Member of Democratic State Committee","Montgomery County 17th Senatorial District (District 4617)","Democratic","TOM KOHLER","21,628","0","0","11,882","0","0","9,667","0","0","79","0","0"
"2026 General Primary","MONTGOMERY","Member of Democratic State Committee","Montgomery County 17th Senatorial District (District 4617)","Democratic","JOAN WURZEL","21,939","0","0","12,114","0","0","9,747","0","0","78","0","0"
"2026 General Primary","MONTGOMERY","Member of Democratic State Committee","Montgomery County 17th Senatorial District (District 4617)","Democratic","JOSEPH S FOSTER","21,917","0","0","12,004","0","0","9,831","0","0","82","0","0"
"2026 General Primary","MONTGOMERY","Member of Democratic State Committee","Montgomery County 24th Senatorial District (District 4624)","Democratic","JIM HUTCHINSON","19,648","0","0","9,395","0","0","10,204","0","0","49","0","0"
"2026 General Primary","MONTGOMERY","Member of Democratic State Committee","Montgomery County 24th Senatorial District (District 4624)","Democratic","ANDREA BAPTISTE","20,108","0","0","9,683","0","0","10,374","0","0","51","0","0"
"2026 General Primary","MONTGOMERY","Member of Democratic State Committee","Montgomery County 24th Senatorial District (District 4624)","Democratic","ANTHONY LOZZI","19,404","0","0","9,250","0","0","10,104","0","0","50","0","0"
"2026 General Primary","MONTGOMERY","Member of Democratic State Committee","Montgomery County 24th Senatorial District (District 4624)","Democratic","JOY DE BACH","19,606","0","0","9,397","0","0","10,158","0","0","51","0","0"
"2026 General Primary","MONTGOMERY","Member of Democratic State Committee","Montgomery County 44th Senatorial District (District 4644)","Democratic","JEAN HEMBRICK","5,507","0","0","2,177","0","0","3,316","0","0","14","0","0"
"2026 General Primary","MONTGOMERY","Member of Republican State Committee","Montgomery County (District 46)","Republican","BARRY BO BOHMUELLER","23,755","0","0","18,017","0","0","5,690","0","0","48","0","0"
"2026 General Primary","MONTGOMERY","Member of Republican State Committee","Montgomery County (District 46)","Republican","PAM LEVY","25,358","0","0","18,569","0","0","6,733","0","0","56","0","0"
"2026 General Primary","MONTGOMERY","Member of Republican State Committee","Montgomery County (District 46)","Republican","CHRISTIAN M PETRUCCI","25,198","0","0","18,500","0","0","6,643","0","0","55","0","0"
"2026 General Primary","MONTGOMERY","Member of Republican State Committee","Montgomery County (District 46)","Republican","LYNNE LECHTER","24,699","0","0","17,763","0","0","6,886","0","0","50","0","0"
"2026 General Primary","MONTGOMERY","Member of Republican State Committee","Montgomery County (District 46)","Republican","LISA MALLON","26,165","0","0","18,872","0","0","7,234","0","0","59","0","0"
"2026 General Primary","MONTGOMERY","Member of Republican State Committee","Montgomery County (District 46)","Republican","JIM SARING","25,629","0","0","18,502","0","0","7,072","0","0","55","0","0"
"2026 General Primary","MONTGOMERY","Member of Republican State Committee","Montgomery County (District 46)","Republican","RUDY WIDMANN","22,237","0","0","16,493","0","0","5,697","0","0","47","0","0"
"2026 General Primary","MONTGOMERY","Member of Republican State Committee","Montgomery County (District 46)","Republican","THOMAS DIBELLO","27,461","0","0","19,998","0","0","7,408","0","0","55","0","0"
"2026 General Primary","MONTGOMERY","Member of Republican State Committee","Montgomery County (District 46)","Republican","DOUG HAGER","24,569","0","0","17,875","0","0","6,642","0","0","52","0","0"
"2026 General Primary","MONTGOMERY","Member of Republican State Committee","Montgomery County (District 46)","Republican","NANCY J BECKER","25,987","0","0","18,727","0","0","7,206","0","0","54","0","0"
"2026 General Primary","MONTGOMERY","Member of Republican State Committee","Montgomery County (District 46)","Republican","JATIN PATEL","22,105","0","0","16,155","0","0","5,902","0","0","48","0","0"
"2026 General Primary","MONTGOMERY","Member of Republican State Committee","Montgomery County (District 46)","Republican","ANGELINA BANKS","23,937","0","0","17,481","0","0","6,404","0","0","52","0","0"
"2026 General Primary","MONTGOMERY","Member of Republican State Committee","Montgomery County (District 46)","Republican","STEPHANIE DONOFRY","23,839","0","0","17,410","0","0","6,383","0","0","46","0","0"
"2026 General Primary","MONTGOMERY","Member of Republican State Committee","Montgomery County (District 46)","Republican","AURORA STUSKI","24,239","0","0","17,622","0","0","6,560","0","0","57","0","0"
"2026 General Primary","MONTGOMERY","Member of Republican State Committee","Montgomery County (District 46)","Republican","TIM MAHON","27,244","0","0","19,609","0","0","7,583","0","0","52","0","0"
"2026 General Primary","MONTGOMERY","Member of Republican State Committee","Montgomery County (District 46)","Republican","SEAN FRISCO","21,922","0","0","16,395","0","0","5,481","0","0","46","0","0"
"2026 General Primary","MONTGOMERY","Member of Republican State Committee","Montgomery County (District 46)","Republican","SHARON DIASIO","25,168","0","0","18,054","0","0","7,063","0","0","51","0","0"
"2026 General Primary","MONTGOMERY","Member of Republican State Committee","Montgomery County (District 46)","Republican","ROBERT GRIFFITH","23,715","0","0","17,219","0","0","6,443","0","0","53","0","0"
"2026 General Primary","MONTGOMERY","Member of Republican State Committee","Montgomery County (District 46)","Republican","CHUCK WILSON","15,124","0","0","9,698","0","0","5,405","0","0","21","0","0"
"2026 General Primary","MONTGOMERY","Member of Republican State Committee","Montgomery County (District 46)","Republican","ERIN WOOLEY","23,560","0","0","16,591","0","0","6,920","0","0","49","0","0"
"2026 General Primary","MONTGOMERY","Member of Republican State Committee","Montgomery County (District 46)","Republican","KIM HENDERSON","17,521","0","0","11,106","0","0","6,386","0","0","29","0","0"
"2026 General Primary","MONTOUR","Governor","Statewide","Democratic","JOSH SHAPIRO","1,040","0","0","584","0","0","455","0","0","1","0","0"
"2026 General Primary","MONTOUR","Governor","Statewide","Republican","STACY GARRITY","1,196","0","0","914","0","0","281","0","0","1","0","0"
"2026 General Primary","MONTOUR","Lieutenant Governor","Statewide","Democratic","AUSTIN DAVIS","1,022","0","0","576","0","0","445","0","0","1","0","0"
"2026 General Primary","MONTOUR","Lieutenant Governor","Statewide","Republican","JOHN VENTRE","445","0","0","342","0","0","102","0","0","1","0","0"
"2026 General Primary","MONTOUR","Lieutenant Governor","Statewide","Republican","JASON RICHEY","768","0","0","585","0","0","183","0","0","0","0","0"
"2026 General Primary","MONTOUR","Representative in Congress","9th Congressional District","Democratic","RACHEL WALLACE","1,015","0","0","572","0","0","442","0","0","1","0","0"
"2026 General Primary","MONTOUR","Representative in Congress","9th Congressional District","Republican","DAN MEUSER","1,230","0","0","944","0","0","285","0","0","1","0","0"
"2026 General Primary","MONTOUR","Representative in the General Assembly","108th Legislative District","Democratic","AMBER L NEIDIG","1,032","0","0","578","0","0","453","0","0","1","0","0"
"2026 General Primary","MONTOUR","Representative in the General Assembly","108th Legislative District","Republican","MICHAEL STENDER","1,248","0","0","951","0","0","296","0","0","1","0","0"
"2026 General Primary","MONTOUR","Member of Democratic State Committee","Montour County (District 47)","Democratic","TAMIA LANIER","1,018","0","0","582","0","0","435","0","0","1","0","0"
"2026 General Primary","MONTOUR","Member of Republican State Committee","Montour County (District 47)","Republican","MICHAEL KUZIAK","1,199","0","0","916","0","0","282","0","0","1","0","0"
"2026 General Primary","NORTHAMPTON","Governor","Statewide","Democratic","JOSH SHAPIRO","29,908","0","0","13,797","0","0","16,025","0","0","86","0","0"
"2026 General Primary","NORTHAMPTON","Governor","Statewide","Republican","STACY GARRITY","13,702","0","0","9,278","0","0","4,393","0","0","31","0","0"
"2026 General Primary","NORTHAMPTON","Lieutenant Governor","Statewide","Democratic","AUSTIN DAVIS","28,525","0","0","12,915","0","0","15,527","0","0","83","0","0"
"2026 General Primary","NORTHAMPTON","Lieutenant Governor","Statewide","Republican","JOHN VENTRE","6,140","0","0","4,657","0","0","1,476","0","0","7","0","0"
"2026 General Primary","NORTHAMPTON","Lieutenant Governor","Statewide","Republican","JASON RICHEY","7,568","0","0","4,695","0","0","2,849","0","0","24","0","0"
"2026 General Primary","NORTHAMPTON","Representative in Congress","7th Congressional District","Democratic","CAROL OBANDO-DERSTINE","3,839","0","0","2,198","0","0","1,631","0","0","10","0","0"
"2026 General Primary","NORTHAMPTON","Representative in Congress","7th Congressional District","Democratic","BOB BROOKS","13,327","0","0","6,647","0","0","6,641","0","0","39","0","0"
"2026 General Primary","NORTHAMPTON","Representative in Congress","7th Congressional District","Democratic","LAMONT G MCCLURE","8,674","0","0","3,850","0","0","4,804","0","0","20","0","0"
"2026 General Primary","NORTHAMPTON","Representative in Congress","7th Congressional District","Democratic","RYAN CROSSWELL","4,622","0","0","1,895","0","0","2,710","0","0","17","0","0"
"2026 General Primary","NORTHAMPTON","Representative in Congress","7th Congressional District","Republican","RYAN MACKENZIE","13,850","0","0","9,356","0","0","4,463","0","0","31","0","0"
"2026 General Primary","NORTHAMPTON","Senator in the General Assembly","14th Senatorial District","Democratic","NICK MILLER","6,554","0","0","2,775","0","0","3,763","0","0","16","0","0"
"2026 General Primary","NORTHAMPTON","Senator in the General Assembly","14th Senatorial District","Republican","OMY MALDONADO","4,311","0","0","3,034","0","0","1,270","0","0","7","0","0"
"2026 General Primary","NORTHAMPTON","Senator in the General Assembly","18th Senatorial District","Democratic","LISA BOSCOLA","22,470","0","0","10,651","0","0","11,749","0","0","70","0","0"
"2026 General Primary","NORTHAMPTON","Senator in the General Assembly","18th Senatorial District","Republican","SCOTT JANNEY","9,428","0","0","6,274","0","0","3,133","0","0","21","0","0"
"2026 General Primary","NORTHAMPTON","Representative in the General Assembly","131st Legislative District","Democratic","MERIAM SABIH","939","0","0","403","0","0","533","0","0","3","0","0"
"2026 General Primary","NORTHAMPTON","Representative in the General Assembly","131st Legislative District","Republican","MILOU MACKENZIE","433","0","0","284","0","0","146","0","0","3","0","0"
"2026 General Primary","NORTHAMPTON","Representative in the General Assembly","135th Legislative District","Democratic","STEVE SAMUELSON","6,928","0","0","3,598","0","0","3,306","0","0","24","0","0"
"2026 General Primary","NORTHAMPTON","Representative in the General Assembly","135th Legislative District","Republican","JOE POPLAWSKI","1,839","0","0","1,192","0","0","646","0","0","1","0","0"
"2026 General Primary","NORTHAMPTON","Representative in the General Assembly","136th Legislative District","Democratic","ROBERT FREEMAN","5,261","0","0","2,843","0","0","2,404","0","0","14","0","0"
"2026 General Primary","NORTHAMPTON","Representative in the General Assembly","136th Legislative District","Republican","PILAR CAVALLO-CAMPISI","1,574","0","0","1,167","0","0","404","0","0","3","0","0"
"2026 General Primary","NORTHAMPTON","Representative in the General Assembly","137th Legislative District","Democratic","JEFF WARREN","7,174","0","0","2,918","0","0","4,231","0","0","25","0","0"
"2026 General Primary","NORTHAMPTON","Representative in the General Assembly","137th Legislative District","Republican","JOE EMRICK","3,514","0","0","2,111","0","0","1,393","0","0","10","0","0"
"2026 General Primary","NORTHAMPTON","Representative in the General Assembly","138th Legislative District","Democratic","JARED BITTING","5,131","0","0","2,130","0","0","2,993","0","0","8","0","0"
"2026 General Primary","NORTHAMPTON","Representative in the General Assembly","138th Legislative District","Republican","ANN FLOOD","4,077","0","0","2,722","0","0","1,348","0","0","7","0","0"
"2026 General Primary","NORTHAMPTON","Representative in the General Assembly","183rd Legislative District","Democratic","DEIRDRE KAMBER TODD","3,710","0","0","1,629","0","0","2,071","0","0","10","0","0"
"2026 General Primary","NORTHAMPTON","Representative in the General Assembly","183rd Legislative District","Republican","ZACH MAKO","2,678","0","0","1,973","0","0","700","0","0","5","0","0"
"2026 General Primary","NORTHAMPTON","Member of Democratic State Committee","Northampton County (District 48)","Democratic","BARON VANDERBURG","13,904","0","0","6,770","0","0","7,097","0","0","37","0","0"
"2026 General Primary","NORTHAMPTON","Member of Democratic State Committee","Northampton County (District 48)","Democratic","BRANDON FAUST","14,017","0","0","6,244","0","0","7,744","0","0","29","0","0"
"2026 General Primary","NORTHAMPTON","Member of Democratic State Committee","Northampton County (District 48)","Democratic","JEFF KENNEDY FAUBERT","8,885","0","0","4,160","0","0","4,696","0","0","29","0","0"
"2026 General Primary","NORTHAMPTON","Member of Democratic State Committee","Northampton County (District 48)","Democratic","ALEXANDER BRYAN ALTIERI","15,231","0","0","8,023","0","0","7,179","0","0","29","0","0"
"2026 General Primary","NORTHAMPTON","Member of Democratic State Committee","Northampton County (District 48)","Democratic","LESLIE M ALTIERI","23,627","0","0","11,280","0","0","12,292","0","0","55","0","0"
"2026 General Primary","NORTHAMPTON","Member of Democratic State Committee","Northampton County (District 48)","Democratic","MICHAEL LAWS","16,155","0","0","8,310","0","0","7,811","0","0","34","0","0"
"2026 General Primary","NORTHAMPTON","Member of Democratic State Committee","Northampton County (District 48)","Democratic","MICHAEL DESROSIERS","6,170","0","0","3,023","0","0","3,131","0","0","16","0","0"
"2026 General Primary","NORTHAMPTON","Member of Democratic State Committee","Northampton County (District 48)","Democratic","APRIL NIVER","20,951","0","0","9,112","0","0","11,785","0","0","54","0","0"
"2026 General Primary","NORTHAMPTON","Member of Democratic State Committee","Northampton County (District 48)","Democratic","SANDRA O'BRIEN-WERNER","22,324","0","0","9,914","0","0","12,360","0","0","50","0","0"
"2026 General Primary","NORTHAMPTON","Member of Republican State Committee","Northampton County (48)","Republican","MARIA MONTERO","9,362","0","0","5,823","0","0","3,519","0","0","20","0","0"
"2026 General Primary","NORTHAMPTON","Member of Republican State Committee","Northampton County (48)","Republican","BENJAMIN WHITE","7,245","0","0","5,206","0","0","2,028","0","0","11","0","0"
"2026 General Primary","NORTHAMPTON","Member of Republican State Committee","Northampton County (48)","Republican","PATRICK J CUBBAGE","7,443","0","0","5,459","0","0","1,969","0","0","15","0","0"
"2026 General Primary","NORTHAMPTON","Member of Republican State Committee","Northampton County (48)","Republican","ROBERT DANDI","8,127","0","0","6,097","0","0","2,019","0","0","11","0","0"
"2026 General Primary","NORTHAMPTON","Member of Republican State Committee","Northampton County (48)","Republican","DANIEL CAMPO","9,055","0","0","6,645","0","0","2,394","0","0","16","0","0"
"2026 General Primary","NORTHAMPTON","Member of Republican State Committee","Northampton County (48)","Republican","EVE M CUBBAGE","10,396","0","0","7,195","0","0","3,184","0","0","17","0","0"
"2026 General Primary","NORTHAMPTON","Member of Republican State Committee","Northampton County (48)","Republican","SHAWN WELCH","8,325","0","0","6,315","0","0","1,997","0","0","13","0","0"
"2026 General Primary","NORTHAMPTON","Member of Republican State Committee","Northampton County (48)","Republican","KORRY M FRANKE","6,774","0","0","4,622","0","0","2,142","0","0","10","0","0"
"2026 General Primary","NORTHAMPTON","Member of Republican State Committee","Northampton County (48)","Republican","DAWN WHITE","8,044","0","0","4,710","0","0","3,319","0","0","15","0","0"
"2026 General Primary","NORTHAMPTON","Member of Republican State Committee","Northampton County (48)","Republican","BRANDON MATLACK","5,906","0","0","3,658","0","0","2,234","0","0","14","0","0"
"2026 General Primary","NORTHUMBERLAND","Governor","Statewide","Democratic","JOSH SHAPIRO","3,270","0","0","2,188","0","0","1,077","0","0","5","0","0"
"2026 General Primary","NORTHUMBERLAND","Governor","Statewide","Republican","STACY GARRITY","4,654","0","0","4,099","0","0","550","0","0","5","0","0"
"2026 General Primary","NORTHUMBERLAND","Lieutenant Governor","Statewide","Democratic","AUSTIN DAVIS","3,203","0","0","2,143","0","0","1,055","0","0","5","0","0"
"2026 General Primary","NORTHUMBERLAND","Lieutenant Governor","Statewide","Republican","JOHN VENTRE","1,748","0","0","1,548","0","0","198","0","0","2","0","0"
"2026 General Primary","NORTHUMBERLAND","Lieutenant Governor","Statewide","Republican","JASON RICHEY","2,998","0","0","2,633","0","0","362","0","0","3","0","0"
"2026 General Primary","NORTHUMBERLAND","Representative in Congress","9th Congressional District","Democratic","RACHEL WALLACE","3,194","0","0","2,158","0","0","1,031","0","0","5","0","0"
"2026 General Primary","NORTHUMBERLAND","Representative in Congress","9th Congressional District","Republican","DAN MEUSER","4,804","0","0","4,223","0","0","577","0","0","4","0","0"
"2026 General Primary","NORTHUMBERLAND","Representative in the General Assembly","107th Legislative District","Democratic","RYAN T COLEMAN","1,523","0","0","1,004","0","0","516","0","0","3","0","0"
"2026 General Primary","NORTHUMBERLAND","Representative in the General Assembly","107th Legislative District","Republican","JOANNE STEHR","2,154","0","0","1,854","0","0","297","0","0","3","0","0"
"2026 General Primary","NORTHUMBERLAND","Representative in the General Assembly","108th Legislative District","Democratic","AMBER L NEIDIG","1,621","0","0","1,104","0","0","515","0","0","2","0","0"
"2026 General Primary","NORTHUMBERLAND","Representative in the General Assembly","108th Legislative District","Republican","MICHAEL STENDER","2,751","0","0","2,460","0","0","289","0","0","2","0","0"
"2026 General Primary","NORTHUMBERLAND","Member of Democratic State Committee","Northumberland County (District 48)","Democratic","DEBORAH HOWELL","3,270","0","0","2,220","0","0","1,045","0","0","5","0","0"
"2026 General Primary","NORTHUMBERLAND","Member of Republican State Committee","Northumberland County (District 49)","Republican","TERRY LEE CURRAN","2,997","0","0","2,630","0","0","364","0","0","3","0","0"
"2026 General Primary","NORTHUMBERLAND","Member of Republican State Committee","Northumberland County (District 49)","Republican","DERRICK A BACKER","2,945","0","0","2,601","0","0","342","0","0","2","0","0"
"2026 General Primary","NORTHUMBERLAND","Member of Republican State Committee","Northumberland County (District 49)","Republican","ANDREW HERTZLER","1,505","0","0","1,349","0","0","155","0","0","1","0","0"
"2026 General Primary","NORTHUMBERLAND","Member of Republican State Committee","Northumberland County (District 49)","Republican","WENDY M GALLICK","3,083","0","0","2,671","0","0","409","0","0","3","0","0"
"2026 General Primary","NORTHUMBERLAND","Member of Republican State Committee","Northumberland County (District 49)","Republican","MARTHA S MILBRAND","2,294","0","0","1,993","0","0","299","0","0","2","0","0"
"2026 General Primary","PERRY","Governor","Statewide","Democratic","JOSH SHAPIRO","1,813","0","0","978","0","0","834","0","0","1","0","0"
"2026 General Primary","PERRY","Governor","Statewide","Republican","STACY GARRITY","4,190","0","0","3,559","0","0","630","0","0","1","0","0"
"2026 General Primary","PERRY","Lieutenant Governor","Statewide","Democratic","AUSTIN DAVIS","1,801","0","0","972","0","0","828","0","0","1","0","0"
"2026 General Primary","PERRY","Lieutenant Governor","Statewide","Republican","JOHN VENTRE","1,333","0","0","1,110","0","0","223","0","0","0","0","0"
"2026 General Primary","PERRY","Lieutenant Governor","Statewide","Republican","JASON RICHEY","2,987","0","0","2,562","0","0","424","0","0","1","0","0"
"2026 General Primary","PERRY","Representative in Congress","13th Congressional District","Democratic","BETH FARNHAM","1,759","0","0","950","0","0","808","0","0","1","0","0"
"2026 General Primary","PERRY","Representative in Congress","13th Congressional District","Republican","JOHN JOYCE","4,309","0","0","3,647","0","0","661","0","0","1","0","0"
"2026 General Primary","PERRY","Senator in the General Assembly","34th Senatorial District","Democratic","RICH FORSMAN","739","0","0","360","0","0","379","0","0","0","0","0"
"2026 General Primary","PERRY","Senator in the General Assembly","34th Senatorial District","Democratic","NATHAN WOOD","1,019","0","0","591","0","0","427","0","0","1","0","0"
"2026 General Primary","PERRY","Senator in the General Assembly","34th Senatorial District","Republican","GREG ROTHMAN","4,371","0","0","3,698","0","0","672","0","0","1","0","0"
"2026 General Primary","PERRY","Representative in the General Assembly","86th Legislative District","Democratic","WENDY MORGAN","1,823","0","0","990","0","0","832","0","0","1","0","0"
"2026 General Primary","PERRY","Representative in the General Assembly","86th Legislative District","Republican","PERRY STAMBAUGH","4,486","0","0","3,780","0","0","705","0","0","1","0","0"
"2026 General Primary","PERRY","Member of Democratic State Committee","Perry County (District 50)","Democratic","DIANE BOWMAN SHENK","1,791","0","0","975","0","0","815","0","0","1","0","0"
"2026 General Primary","PERRY","Member of Republican State Committee","Perry County (District 50)","Republican","WILLIAM E WALLENMEYER","3,895","0","0","3,286","0","0","608","0","0","1","0","0"
"2026 General Primary","PERRY","Member of Republican State Committee","Perry County (District 50)","Republican","PATRICIA A GUTHEIL","3,706","0","0","3,081","0","0","624","0","0","1","0","0"
"2026 General Primary","PHILADELPHIA","Governor","Statewide","Democratic","JOSH SHAPIRO","199,437","0","0","140,453","0","0","57,658","0","0","1,326","0","0"
"2026 General Primary","PHILADELPHIA","Governor","Statewide","Republican","STACY GARRITY","10,807","0","0","8,145","0","0","2,628","0","0","34","0","0"
"2026 General Primary","PHILADELPHIA","Lieutenant Governor","Statewide","Democratic","AUSTIN DAVIS","177,929","0","0","126,585","0","0","50,356","0","0","988","0","0"
"2026 General Primary","PHILADELPHIA","Lieutenant Governor","Statewide","Republican","JOHN VENTRE","5,268","0","0","4,114","0","0","1,146","0","0","8","0","0"
"2026 General Primary","PHILADELPHIA","Lieutenant Governor","Statewide","Republican","JASON RICHEY","5,910","0","0","4,381","0","0","1,505","0","0","24","0","0"
"2026 General Primary","PHILADELPHIA","Representative in Congress","2nd Congressional District","Democratic","BRENDAN F BOYLE","53,043","0","0","35,407","0","0","17,360","0","0","276","0","0"
"2026 General Primary","PHILADELPHIA","Representative in Congress","2nd Congressional District","Republican","JESSICA ARRIAGA","6,328","0","0","4,708","0","0","1,593","0","0","27","0","0"
"2026 General Primary","PHILADELPHIA","Representative in Congress","3rd Congressional District","Democratic","ALA STANFORD","35,452","0","0","20,869","0","0","14,419","0","0","164","0","0"
"2026 General Primary","PHILADELPHIA","Representative in Congress","3rd Congressional District","Democratic","SHARIF STREET","43,137","0","0","32,935","0","0","9,913","0","0","289","0","0"
"2026 General Primary","PHILADELPHIA","Representative in Congress","3rd Congressional District","Democratic","CHRIS RABB","65,782","0","0","51,807","0","0","13,587","0","0","388","0","0"
"2026 General Primary","PHILADELPHIA","Representative in Congress","3rd Congressional District","Democratic","SHAUN GRIFFITH","3,042","0","0","2,199","0","0","831","0","0","12","0","0"
"2026 General Primary","PHILADELPHIA","Representative in Congress","5th Congressional District","Democratic","MARY GAY SCANLON","6,156","0","0","4,235","0","0","1,906","0","0","15","0","0"
"2026 General Primary","PHILADELPHIA","Representative in Congress","5th Congressional District","Republican","NICK MANGANARO","743","0","0","606","0","0","137","0","0","0","0","0"
"2026 General Primary","PHILADELPHIA","Senator in the General Assembly","2nd Senatorial District","Democratic","CHRISTINE M TARTAGLIONE","11,963","0","0","8,494","0","0","3,407","0","0","62","0","0"
"2026 General Primary","PHILADELPHIA","Senator in the General Assembly","4th Senatorial District","Democratic","ART HAYWOOD","25,305","0","0","17,548","0","0","7,662","0","0","95","0","0"
"2026 General Primary","PHILADELPHIA","Senator in the General Assembly","4th Senatorial District","Democratic","MIKE COGBILL","6,032","0","0","3,682","0","0","2,309","0","0","41","0","0"
"2026 General Primary","PHILADELPHIA","Senator in the General Assembly","4th Senatorial District","Republican","TODD JOHNSON","346","0","0","243","0","0","102","0","0","1","0","0"
"2026 General Primary","PHILADELPHIA","Senator in the General Assembly","8th Senatorial District","Democratic","ANTHONY HARDY WILLIAMS","22,946","0","0","16,940","0","0","5,890","0","0","116","0","0"
"2026 General Primary","PHILADELPHIA","Senator in the General Assembly","8th Senatorial District","Democratic","DAVID GOLDSMITH JR","3,119","0","0","2,263","0","0","841","0","0","15","0","0"
"2026 General Primary","PHILADELPHIA","Representative in the General Assembly","10th Legislative District","Democratic","AMEN BROWN","7,324","0","0","5,238","0","0","2,044","0","0","42","0","0"
"2026 General Primary","PHILADELPHIA","Representative in the General Assembly","170th Legislative District","Democratic","ROB GURTCHEFF","3,280","0","0","1,680","0","0","1,588","0","0","12","0","0"
"2026 General Primary","PHILADELPHIA","Representative in the General Assembly","170th Legislative District","Republican","MARTINA WHITE","1,707","0","0","1,273","0","0","432","0","0","2","0","0"
"2026 General Primary","PHILADELPHIA","Representative in the General Assembly","172nd Legislative District","Democratic","SEAN M DOUGHERTY","4,166","0","0","2,238","0","0","1,915","0","0","13","0","0"
"2026 General Primary","PHILADELPHIA","Representative in the General Assembly","173rd Legislative District","Democratic","PAT GALLAGHER","3,587","0","0","2,138","0","0","1,442","0","0","7","0","0"
"2026 General Primary","PHILADELPHIA","Representative in the General Assembly","173rd Legislative District","Republican","BILL GRIFFIN","966","0","0","716","0","0","250","0","0","0","0","0"
"2026 General Primary","PHILADELPHIA","Representative in the General Assembly","174th Legislative District","Democratic","ED NEILSON","3,579","0","0","1,974","0","0","1,598","0","0","7","0","0"
"2026 General Primary","PHILADELPHIA","Representative in the General Assembly","175th Legislative District","Democratic","MARYLOUISE ISAACSON","11,329","0","0","7,815","0","0","3,440","0","0","74","0","0"
"2026 General Primary","PHILADELPHIA","Representative in the General Assembly","177th Legislative District","Democratic","JOE HOHENSTEIN","4,588","0","0","3,399","0","0","1,181","0","0","8","0","0"
"2026 General Primary","PHILADELPHIA","Representative in the General Assembly","177th Legislative District","Republican","ROBYN BIRD","783","0","0","642","0","0","141","0","0","0","0","0"
"2026 General Primary","PHILADELPHIA","Representative in the General Assembly","179th Legislative District","Democratic","JASON T DAWKINS","3,276","0","0","2,377","0","0","878","0","0","21","0","0"
"2026 General Primary","PHILADELPHIA","Representative in the General Assembly","180th Legislative District","Democratic","JOSE A GIRAL","1,856","0","0","1,366","0","0","482","0","0","8","0","0"
"2026 General Primary","PHILADELPHIA","Representative in the General Assembly","181st Legislative District","Democratic","MALCOLM KENYATTA","6,920","0","0","5,176","0","0","1,691","0","0","53","0","0"
"2026 General Primary","PHILADELPHIA","Representative in the General Assembly","182nd Legislative District","Democratic","BEN WAXMAN","13,529","0","0","9,234","0","0","4,243","0","0","52","0","0"
"2026 General Primary","PHILADELPHIA","Representative in the General Assembly","184th Legislative District","Democratic","ELIZABETH FIEDLER","8,861","0","0","6,575","0","0","2,258","0","0","28","0","0"
"2026 General Primary","PHILADELPHIA","Representative in the General Assembly","185th Legislative District","Democratic","REGINA YOUNG","5,072","0","0","3,582","0","0","1,478","0","0","12","0","0"
"2026 General Primary","PHILADELPHIA","Representative in the General Assembly","185th Legislative District","Democratic","JOE SACKOR","1,031","0","0","835","0","0","192","0","0","4","0","0"
"2026 General Primary","PHILADELPHIA","Representative in the General Assembly","186th Legislative District","Democratic","JORDAN A HARRIS","10,608","0","0","7,919","0","0","2,633","0","0","56","0","0"
"2026 General Primary","PHILADELPHIA","Representative in the General Assembly","188th Legislative District","Democratic","RICK KRAJEWSKI","10,220","0","0","7,882","0","0","2,281","0","0","57","0","0"
"2026 General Primary","PHILADELPHIA","Representative in the General Assembly","190th Legislative District","Democratic","RONI GREEN","7,664","0","0","5,323","0","0","2,289","0","0","52","0","0"
"2026 General Primary","PHILADELPHIA","Representative in the General Assembly","191st Legislative District","Democratic","JOANNA E MCCLINTON","4,953","0","0","3,592","0","0","1,343","0","0","18","0","0"
"2026 General Primary","PHILADELPHIA","Representative in the General Assembly","192nd Legislative District","Democratic","MORGAN CEPHAS","9,356","0","0","6,729","0","0","2,590","0","0","37","0","0"
"2026 General Primary","PHILADELPHIA","Representative in the General Assembly","192nd Legislative District","Democratic","D'ANGELO VIRGO","1,428","0","0","1,204","0","0","216","0","0","8","0","0"
"2026 General Primary","PHILADELPHIA","Representative in the General Assembly","192nd Legislative District","Republican","TIFFANY VANN BROWN","142","0","0","97","0","0","45","0","0","0","0","0"
"2026 General Primary","PHILADELPHIA","Representative in the General Assembly","194th Legislative District","Democratic","TARIK KHAN","12,595","0","0","8,531","0","0","4,004","0","0","60","0","0"
"2026 General Primary","PHILADELPHIA","Representative in the General Assembly","195th Legislative District","Democratic","KENNETH T WALKER JR","2,065","0","0","1,559","0","0","495","0","0","11","0","0"
"2026 General Primary","PHILADELPHIA","Representative in the General Assembly","195th Legislative District","Democratic","KEITH HARRIS","2,891","0","0","2,163","0","0","718","0","0","10","0","0"
"2026 General Primary","PHILADELPHIA","Representative in the General Assembly","195th Legislative District","Democratic","SIERRA MCNEIL","5,821","0","0","4,329","0","0","1,479","0","0","13","0","0"
"2026 General Primary","PHILADELPHIA","Representative in the General Assembly","197th Legislative District","Democratic","DANILO BURGOS","3,654","0","0","2,849","0","0","784","0","0","21","0","0"
"2026 General Primary","PHILADELPHIA","Representative in the General Assembly","198th Legislative District","Democratic","DARISHA K PARKER","7,975","0","0","5,683","0","0","2,265","0","0","27","0","0"
"2026 General Primary","PHILADELPHIA","Representative in the General Assembly","200th Legislative District","Democratic","DESHAWNDA WILLIAMS","4,356","0","0","2,193","0","0","2,146","0","0","17","0","0"
"2026 General Primary","PHILADELPHIA","Representative in the General Assembly","200th Legislative District","Democratic","CHRIS JOHNSON","11,773","0","0","8,657","0","0","3,084","0","0","32","0","0"
"2026 General Primary","PHILADELPHIA","Representative in the General Assembly","200th Legislative District","Democratic","QASIM RASHAD","3,023","0","0","2,381","0","0","632","0","0","10","0","0"
"2026 General Primary","PHILADELPHIA","Representative in the General Assembly","201st Legislative District","Democratic","ANDRE D CARROLL","9,825","0","0","6,906","0","0","2,875","0","0","44","0","0"
"2026 General Primary","PHILADELPHIA","Representative in the General Assembly","202nd Legislative District","Democratic","JARED SOLOMON","2,229","0","0","1,430","0","0","792","0","0","7","0","0"
"2026 General Primary","PHILADELPHIA","Representative in the General Assembly","203rd Legislative District","Democratic","ANTHONY BELLMON","4,692","0","0","3,372","0","0","1,311","0","0","9","0","0"
"2026 General Primary","PHILADELPHIA","Member of Democratic State Committee","Philadelphia County 1st Senatorial District (District 501)","Democratic","FRANK IANNUZZI","19,792","0","0","13,935","0","0","5,756","0","0","101","0","0"
"2026 General Primary","PHILADELPHIA","Member of Democratic State Committee","Philadelphia County 1st Senatorial District (District 501)","Democratic","HOWARD MOSELEY","13,631","0","0","9,457","0","0","4,099","0","0","75","0","0"
"2026 General Primary","PHILADELPHIA","Member of Democratic State Committee","Philadelphia County 1st Senatorial District (District 501)","Democratic","JUDI GOLDING-BAKER","24,394","0","0","16,945","0","0","7,346","0","0","103","0","0"
"2026 General Primary","PHILADELPHIA","Member of Democratic State Committee","Philadelphia County 1st Senatorial District (District 501)","Democratic","AMY ROAT","24,813","0","0","17,256","0","0","7,432","0","0","125","0","0"
"2026 General Primary","PHILADELPHIA","Member of Democratic State Committee","Philadelphia County 1st Senatorial District (District 501)","Democratic","DENNIS BOYLAN","20,405","0","0","13,470","0","0","6,835","0","0","100","0","0"
"2026 General Primary","PHILADELPHIA","Member of Democratic State Committee","Philadelphia County 1st Senatorial District (District 501)","Democratic","FRANK T BRZOZOWSKI","15,542","0","0","10,463","0","0","5,005","0","0","74","0","0"
"2026 General Primary","PHILADELPHIA","Member of Democratic State Committee","Philadelphia County 1st Senatorial District (District 501)","Democratic","MICAH MAHJOUBIAN","19,439","0","0","13,226","0","0","6,113","0","0","100","0","0"
"2026 General Primary","PHILADELPHIA","Member of Democratic State Committee","Philadelphia County 1st Senatorial District (District 501)","Democratic","GIANNI HILL","18,818","0","0","12,516","0","0","6,203","0","0","99","0","0"
"2026 General Primary","PHILADELPHIA","Member of Democratic State Committee","Philadelphia County 1st Senatorial District (District 501)","Democratic","RITA LUDWIG","20,993","0","0","15,064","0","0","5,819","0","0","110","0","0"
"2026 General Primary","PHILADELPHIA","Member of Democratic State Committee","Philadelphia County 1st Senatorial District (District 501)","Democratic","TOYA JOHNSON","13,551","0","0","10,189","0","0","3,274","0","0","88","0","0"
"2026 General Primary","PHILADELPHIA","Member of Democratic State Committee","Philadelphia County 1st Senatorial District (District 501)","Democratic","KAREN JAVARUSKI","20,336","0","0","14,299","0","0","5,949","0","0","88","0","0"
"2026 General Primary","PHILADELPHIA","Member of Democratic State Committee","Philadelphia County 1st Senatorial District (District 501)","Democratic","BETH E FINN","24,075","0","0","16,606","0","0","7,360","0","0","109","0","0"
"2026 General Primary","PHILADELPHIA","Member of Democratic State Committee","Philadelphia County 1st Senatorial District (District 501)","Democratic","MEG BERLIN","21,763","0","0","14,892","0","0","6,770","0","0","101","0","0"
"2026 General Primary","PHILADELPHIA","Member of Democratic State Committee","Philadelphia County 2nd Senatorial District (District 502)","Democratic","RYAN KELLER","9,125","0","0","6,355","0","0","2,730","0","0","40","0","0"
"2026 General Primary","PHILADELPHIA","Member of Democratic State Committee","Philadelphia County 2nd Senatorial District (District 502)","Democratic","QUETCY LOZADA","9,189","0","0","6,323","0","0","2,814","0","0","52","0","0"
"2026 General Primary","PHILADELPHIA","Member of Democratic State Committee","Philadelphia County 2nd Senatorial District (District 502)","Democratic","HEATHER MILLER","9,968","0","0","6,996","0","0","2,926","0","0","46","0","0"
"2026 General Primary","PHILADELPHIA","Member of Democratic State Committee","Philadelphia County 2nd Senatorial District (District 502)","Democratic","JAMES HARRITY","8,296","0","0","5,540","0","0","2,712","0","0","44","0","0"
"2026 General Primary","PHILADELPHIA","Member of Democratic State Committee","Philadelphia County 3rd Senatorial District (District 503)","Democratic","JACQUELINE COLES JONES","12,789","0","0","9,150","0","0","3,578","0","0","61","0","0"
"2026 General Primary","PHILADELPHIA","Member of Democratic State Committee","Philadelphia County 3rd Senatorial District (District 503)","Democratic","JOY CRUDUP","8,637","0","0","6,300","0","0","2,298","0","0","39","0","0"
"2026 General Primary","PHILADELPHIA","Member of Democratic State Committee","Philadelphia County 3rd Senatorial District (District 503)","Democratic","BENITA TILLMAN","13,850","0","0","10,747","0","0","3,042","0","0","61","0","0"
"2026 General Primary","PHILADELPHIA","Member of Democratic State Committee","Philadelphia County 3rd Senatorial District (District 503)","Democratic","DONTE M HOLLAND","11,193","0","0","7,193","0","0","3,945","0","0","55","0","0"
"2026 General Primary","PHILADELPHIA","Member of Democratic State Committee","Philadelphia County 3rd Senatorial District (District 503)","Democratic","PAUL SMITH","10,060","0","0","6,357","0","0","3,661","0","0","42","0","0"
"2026 General Primary","PHILADELPHIA","Member of Democratic State Committee","Philadelphia County 3rd Senatorial District (District 503)","Democratic","SHERITA R GLENN","14,685","0","0","11,198","0","0","3,415","0","0","72","0","0"
"2026 General Primary","PHILADELPHIA","Member of Democratic State Committee","Philadelphia County 3rd Senatorial District (District 503)","Democratic","JEWELL WILLIAMS","15,948","0","0","11,756","0","0","4,119","0","0","73","0","0"
"2026 General Primary","PHILADELPHIA","Member of Democratic State Committee","Philadelphia County 3rd Senatorial District (District 503)","Democratic","DUSTIN DOVE","14,383","0","0","10,395","0","0","3,929","0","0","59","0","0"
"2026 General Primary","PHILADELPHIA","Member of Democratic State Committee","Philadelphia County 3rd Senatorial District (District 503)","Democratic","KEIR BRADFORD-GREY","12,380","0","0","9,644","0","0","2,685","0","0","51","0","0"
"2026 General Primary","PHILADELPHIA","Member of Democratic State Committee","Philadelphia County 3rd Senatorial District (District 503)","Democratic","JON HANKINS","8,285","0","0","4,891","0","0","3,354","0","0","40","0","0"
"2026 General Primary","PHILADELPHIA","Member of Democratic State Committee","Philadelphia County 3rd Senatorial District (District 503)","Democratic","ELYSHIA E SAWYER","10,564","0","0","8,818","0","0","1,704","0","0","42","0","0"
"2026 General Primary","PHILADELPHIA","Member of Democratic State Committee","Philadelphia County 3rd Senatorial District (District 503)","Democratic","JANEANE MOSES","6,036","0","0","4,292","0","0","1,723","0","0","21","0","0"
"2026 General Primary","PHILADELPHIA","Member of Democratic State Committee","Philadelphia County 3rd Senatorial District (District 503)","Democratic","NADERAH GRIFFIN","7,726","0","0","5,435","0","0","2,251","0","0","40","0","0"
"2026 General Primary","PHILADELPHIA","Member of Democratic State Committee","Philadelphia County 3rd Senatorial District (District 503)","Democratic","BARBARA CARROLL","10,164","0","0","8,255","0","0","1,873","0","0","36","0","0"
"2026 General Primary","PHILADELPHIA","Member of Democratic State Committee","Philadelphia County 3rd Senatorial District (District 503)","Democratic","SHARON VAUGHN","8,366","0","0","5,627","0","0","2,704","0","0","35","0","0"
"2026 General Primary","PHILADELPHIA","Member of Democratic State Committee","Philadelphia County 3rd Senatorial District (District 503)","Democratic","MONICA BEST-HARVEY","7,826","0","0","5,539","0","0","2,254","0","0","33","0","0"
"2026 General Primary","PHILADELPHIA","Member of Democratic State Committee","Philadelphia County 4th Senatorial District (District 504)","Democratic","NINA AHMAD","22,695","0","0","15,447","0","0","7,167","0","0","81","0","0"
"2026 General Primary","PHILADELPHIA","Member of Democratic State Committee","Philadelphia County 4th Senatorial District (District 504)","Democratic","LATRICE Y BRYANT","14,268","0","0","10,152","0","0","4,059","0","0","57","0","0"
"2026 General Primary","PHILADELPHIA","Member of Democratic State Committee","Philadelphia County 4th Senatorial District (District 504)","Democratic","LAUREN DAVIS-CORBIN","9,504","0","0","6,718","0","0","2,752","0","0","34","0","0"
"2026 General Primary","PHILADELPHIA","Member of Democratic State Committee","Philadelphia County 4th Senatorial District (District 504)","Democratic","JUANITA M JENKINS","13,180","0","0","8,131","0","0","4,992","0","0","57","0","0"
"2026 General Primary","PHILADELPHIA","Member of Democratic State Committee","Philadelphia County 4th Senatorial District (District 504)","Democratic","JOHANNA BURKE","7,216","0","0","5,009","0","0","2,178","0","0","29","0","0"
"2026 General Primary","PHILADELPHIA","Member of Democratic State Committee","Philadelphia County 4th Senatorial District (District 504)","Democratic","JAMES A CARTWRIGHT","16,781","0","0","10,600","0","0","6,126","0","0","55","0","0"
"2026 General Primary","PHILADELPHIA","Member of Democratic State Committee","Philadelphia County 4th Senatorial District (District 504)","Democratic","AHSAN NASRATULLAH","15,403","0","0","9,673","0","0","5,674","0","0","56","0","0"
"2026 General Primary","PHILADELPHIA","Member of Democratic State Committee","Philadelphia County 4th Senatorial District (District 504)","Democratic","IAISHA THOMAS","15,022","0","0","10,701","0","0","4,257","0","0","64","0","0"
"2026 General Primary","PHILADELPHIA","Member of Democratic State Committee","Philadelphia County 4th Senatorial District (District 504)","Democratic","ANDRE D CARROLL","19,755","0","0","12,754","0","0","6,920","0","0","81","0","0"
"2026 General Primary","PHILADELPHIA","Member of Democratic State Committee","Philadelphia County 5th Senatorial District (District 505)","Democratic","JAMES G DONNELLY","12,795","0","0","6,896","0","0","5,856","0","0","43","0","0"
"2026 General Primary","PHILADELPHIA","Member of Democratic State Committee","Philadelphia County 5th Senatorial District (District 505)","Democratic","SEAN KILKENNY","12,605","0","0","7,002","0","0","5,563","0","0","40","0","0"
"2026 General Primary","PHILADELPHIA","Member of Democratic State Committee","Philadelphia County 5th Senatorial District (District 505)","Democratic","CATHY BARTCH","12,947","0","0","7,137","0","0","5,772","0","0","38","0","0"
"2026 General Primary","PHILADELPHIA","Member of Democratic State Committee","Philadelphia County 5th Senatorial District (District 505)","Democratic","MONA COHEN","11,815","0","0","6,013","0","0","5,759","0","0","43","0","0"
"2026 General Primary","PHILADELPHIA","Member of Democratic State Committee","Philadelphia County 5th Senatorial District (District 505)","Democratic","PAT PARKINSON","10,397","0","0","5,166","0","0","5,196","0","0","35","0","0"
"2026 General Primary","PHILADELPHIA","Member of Democratic State Committee","Philadelphia County 7th Senatorial District (District 507)","Democratic","JOHN BRADY","25,991","0","0","18,192","0","0","7,640","0","0","159","0","0"
"2026 General Primary","PHILADELPHIA","Member of Democratic State Committee","Philadelphia County 7th Senatorial District (District 507)","Democratic","JEREMY HIGH","24,100","0","0","17,064","0","0","6,896","0","0","140","0","0"
"2026 General Primary","PHILADELPHIA","Member of Democratic State Committee","Philadelphia County 7th Senatorial District (District 507)","Democratic","CAROL DENISE RHODES","24,862","0","0","18,089","0","0","6,631","0","0","142","0","0"
"2026 General Primary","PHILADELPHIA","Member of Democratic State Committee","Philadelphia County 7th Senatorial District (District 507)","Democratic","LISA RHODES","23,440","0","0","16,446","0","0","6,863","0","0","131","0","0"
"2026 General Primary","PHILADELPHIA","Member of Democratic State Committee","Philadelphia County 7th Senatorial District (District 507)","Democratic","KATHRYN S HUGGINS","24,133","0","0","17,461","0","0","6,537","0","0","135","0","0"
"2026 General Primary","PHILADELPHIA","Member of Democratic State Committee","Philadelphia County 7th Senatorial District (District 507)","Democratic","STAR BROWN","24,531","0","0","17,748","0","0","6,645","0","0","138","0","0"
"2026 General Primary","PHILADELPHIA","Member of Democratic State Committee","Philadelphia County 7th Senatorial District (District 507)","Democratic","LINDA NORRIS","23,374","0","0","16,866","0","0","6,384","0","0","124","0","0"
"2026 General Primary","PHILADELPHIA","Member of Democratic State Committee","Philadelphia County 8th Senatorial District (District 508)","Democratic","NAKIA CARR","18,993","0","0","14,083","0","0","4,822","0","0","88","0","0"
"2026 General Primary","PHILADELPHIA","Member of Democratic State Committee","Philadelphia County 8th Senatorial District (District 508)","Democratic","KYLE J SAMPSON","11,044","0","0","7,865","0","0","3,139","0","0","40","0","0"
"2026 General Primary","PHILADELPHIA","Member of Democratic State Committee","Philadelphia County 8th Senatorial District (District 508)","Democratic","CHRISTOPHER ROMAN","11,844","0","0","9,098","0","0","2,704","0","0","42","0","0"
"2026 General Primary","PHILADELPHIA","Member of Democratic State Committee","Philadelphia County 8th Senatorial District (District 508)","Democratic","ALISHA FAGG","15,137","0","0","10,774","0","0","4,298","0","0","65","0","0"
"2026 General Primary","PHILADELPHIA","Member of Democratic State Committee","Philadelphia County 8th Senatorial District (District 508)","Democratic","ALBERT LITTLEPAGE","9,975","0","0","7,289","0","0","2,653","0","0","33","0","0"
"2026 General Primary","PHILADELPHIA","Member of Democratic State Committee","Philadelphia County 8th Senatorial District (District 508)","Democratic","RICHARD A SMITH","7,796","0","0","5,240","0","0","2,526","0","0","30","0","0"
"2026 General Primary","PHILADELPHIA","Member of Democratic State Committee","Philadelphia County 8th Senatorial District (District 508)","Democratic","PAMELA STROMAN GIBSON","15,291","0","0","10,999","0","0","4,223","0","0","69","0","0"
"2026 General Primary","PHILADELPHIA","Member of Democratic State Committee","Philadelphia County 8th Senatorial District (District 508)","Democratic","LUIGI BORDA","6,998","0","0","5,021","0","0","1,949","0","0","28","0","0"
"2026 General Primary","PHILADELPHIA","Member of Democratic State Committee","Philadelphia County 8th Senatorial District (District 508)","Democratic","SHANTALE GALLOWAY","13,926","0","0","9,673","0","0","4,194","0","0","59","0","0"
"2026 General Primary","PHILADELPHIA","Member of Democratic State Committee","Philadelphia County 8th Senatorial District (District 508)","Democratic","RASHEEN CREWS","10,060","0","0","7,450","0","0","2,570","0","0","40","0","0"
"2026 General Primary","PHILADELPHIA","Member of Republican State Committee","Philadelphia County 3rd & 5th Congressional Districts","Republican","ROSS MICHAEL WOLFE","3,045","0","0","2,251","0","0","789","0","0","5","0","0"
"2026 General Primary","PHILADELPHIA","Member of Republican State Committee","Philadelphia County 3rd & 5th Congressional Districts","Republican","BILLY LANZILOTTI","3,180","0","0","2,416","0","0","761","0","0","3","0","0"
"2026 General Primary","PHILADELPHIA","Member of Republican State Committee","Philadelphia County 3rd & 5th Congressional Districts","Republican","ANTHONY CHRISTINA","2,960","0","0","2,127","0","0","828","0","0","5","0","0"
"2026 General Primary","PHILADELPHIA","Member of Republican State Committee","Philadelphia County 3rd & 5th Congressional Districts","Republican","JOHN A MCAULEY","1,705","0","0","1,302","0","0","399","0","0","4","0","0"
"2026 General Primary","PHILADELPHIA","Member of Republican State Committee","Philadelphia County 3rd & 5th Congressional Districts","Republican","MARJILYN MURRAY","2,342","0","0","1,530","0","0","809","0","0","3","0","0"
"2026 General Primary","PHILADELPHIA","Member of Republican State Committee","Philadelphia County 3rd & 5th Congressional Districts","Republican","DENISE FUREY","2,247","0","0","1,414","0","0","830","0","0","3","0","0"
"2026 General Primary","PHILADELPHIA","Member of Republican State Committee","Philadelphia County 2nd Congressional District","Republican","JOE GIEDEMANN","5,279","0","0","3,900","0","0","1,366","0","0","13","0","0"
"2026 General Primary","PHILADELPHIA","Member of Republican State Committee","Philadelphia County 2nd Congressional District","Republican","DEBORAH CLEGG","5,117","0","0","3,819","0","0","1,288","0","0","10","0","0"
"2026 General Primary","PHILADELPHIA","Member of Republican State Committee","Philadelphia County 2nd Congressional District","Republican","MARY FRANCES WOODRUFF","5,543","0","0","4,209","0","0","1,325","0","0","9","0","0"
"2026 General Primary","PHILADELPHIA","Member of Republican State Committee","Philadelphia County 2nd Congressional District","Republican","ADRIENNE MCALLISTER","4,304","0","0","3,016","0","0","1,279","0","0","9","0","0"
"2026 General Primary","PHILADELPHIA","Member of Republican State Committee","Philadelphia County 2nd Congressional District","Republican","JEANNINE MORGAN","4,231","0","0","2,937","0","0","1,285","0","0","9","0","0"
"2026 General Primary","PHILADELPHIA","Member of Republican State Committee","Philadelphia County 2nd Congressional District","Republican","CHARLES E O'CONNOR JR","4,480","0","0","3,084","0","0","1,384","0","0","12","0","0"
"2026 General Primary","PHILADELPHIA","Member of Republican State Committee","Philadelphia County 2nd Congressional District","Republican","CHRISTOPHER VOGLER","4,339","0","0","2,984","0","0","1,346","0","0","9","0","0"
"2026 General Primary","PIKE","Governor","Statewide","Democratic","JOSH SHAPIRO","3,471","0","0","1,178","0","0","2,288","0","0","5","0","0"
"2026 General Primary","PIKE","Governor","Statewide","Republican","STACY GARRITY","4,713","0","0","3,307","0","0","1,386","0","0","20","0","0"
"2026 General Primary","PIKE","Lieutenant Governor","Statewide","Democratic","AUSTIN DAVIS","3,395","0","0","1,147","0","0","2,243","0","0","5","0","0"
"2026 General Primary","PIKE","Lieutenant Governor","Statewide","Republican","JOHN VENTRE","1,634","0","0","1,129","0","0","494","0","0","11","0","0"
"2026 General Primary","PIKE","Lieutenant Governor","Statewide","Republican","JASON RICHEY","2,679","0","0","1,863","0","0","804","0","0","12","0","0"
"2026 General Primary","PIKE","Representative in Congress","8th Congressional District","Democratic","PAIGE COGNETTI","3,395","0","0","1,152","0","0","2,239","0","0","4","0","0"
"2026 General Primary","PIKE","Representative in Congress","8th Congressional District","Republican","ROB BRESNAHAN JR","4,620","0","0","3,228","0","0","1,370","0","0","22","0","0"
"2026 General Primary","PIKE","Senator in the General Assembly","20th Senatorial District","Democratic","JACKIE BAKER","3,319","0","0","1,122","0","0","2,192","0","0","5","0","0"
"2026 General Primary","PIKE","Senator in the General Assembly","20th Senatorial District","Republican","TYLER MEYERS","2,318","0","0","1,742","0","0","562","0","0","14","0","0"
"2026 General Primary","PIKE","Senator in the General Assembly","20th Senatorial District","Republican","LISA BAKER","2,858","0","0","1,860","0","0","986","0","0","12","0","0"
"2026 General Primary","PIKE","Representative in the General Assembly","139th Legislative District","Democratic","DOMINIQUE AZZOLLINI","2,472","0","0","789","0","0","1,678","0","0","5","0","0"
"2026 General Primary","PIKE","Representative in the General Assembly","139th Legislative District","Republican","JEFF OLSOMMER","3,910","0","0","2,699","0","0","1,191","0","0","20","0","0"
"2026 General Primary","PIKE","Representative in the General Assembly","189th Legislative District","Democratic","TARAH PROBST","953","0","0","372","0","0","581","0","0","0","0","0"
"2026 General Primary","PIKE","Representative in the General Assembly","189th Legislative District","Republican","DANICA HARTENFELS","853","0","0","573","0","0","279","0","0","1","0","0"
"2026 General Primary","PIKE","Member of Democratic State Committee","Pike County (District 52)","Democratic","PJ JAHN","3,373","0","0","1,144","0","0","2,224","0","0","5","0","0"
"2026 General Primary","PIKE","Member of Republican State Committee","Pike County(District 52)","Republican","MATTHEW CONTRERAS","2,365","0","0","1,625","0","0","729","0","0","11","0","0"
"2026 General Primary","PIKE","Member of Republican State Committee","Pike County(District 52)","Republican","RAY TONKIN","2,747","0","0","1,907","0","0","826","0","0","14","0","0"
"2026 General Primary","PIKE","Member of Republican State Committee","Pike County(District 52)","Republican","LINDA TOUHSANT","2,014","0","0","1,425","0","0","577","0","0","12","0","0"
"2026 General Primary","PIKE","Member of Republican State Committee","Pike County(District 52)","Republican","GINA MANCATO","2,279","0","0","1,528","0","0","739","0","0","12","0","0"
"2026 General Primary","POTTER","Governor","Statewide","Democratic","JOSH SHAPIRO","490","0","0","251","0","0","237","0","0","2","0","0"
"2026 General Primary","POTTER","Governor","Statewide","Republican","STACY GARRITY","1,549","0","0","1,327","0","0","222","0","0","0","0","0"
"2026 General Primary","POTTER","Lieutenant Governor","Statewide","Democratic","AUSTIN DAVIS","478","0","0","244","0","0","232","0","0","2","0","0"
"2026 General Primary","POTTER","Lieutenant Governor","Statewide","Republican","JOHN VENTRE","449","0","0","380","0","0","69","0","0","0","0","0"
"2026 General Primary","POTTER","Lieutenant Governor","Statewide","Republican","JASON RICHEY","1,089","0","0","943","0","0","146","0","0","0","0","0"
"2026 General Primary","POTTER","Representative in Congress","15th Congressional District","Democratic","RAY BILGER","470","0","0","242","0","0","226","0","0","2","0","0"
"2026 General Primary","POTTER","Representative in Congress","15th Congressional District","Republican","GLENN GT THOMPSON","1,604","0","0","1,374","0","0","230","0","0","0","0","0"
"2026 General Primary","POTTER","Representative in the General Assembly","67th Legislative District","Democratic","ZACHARY WARE","462","0","0","234","0","0","226","0","0","2","0","0"
"2026 General Primary","POTTER","Representative in the General Assembly","67th Legislative District","Republican","MARTIN T CAUSER","1,643","0","0","1,409","0","0","234","0","0","0","0","0"
"2026 General Primary","POTTER","Member of Democratic State Committee","Potter County (District 53)","Democratic","DENNIS GOODENOUGH","500","0","0","262","0","0","236","0","0","2","0","0"
"2026 General Primary","POTTER","Member of Republican State Committee","Potter County (District 53)","Republican","KIMBERLY KUDRICK","1,584","0","0","1,357","0","0","227","0","0","0","0","0"
"2026 General Primary","SCHUYLKILL","Governor","Statewide","Democratic","JOSH SHAPIRO","6,492","0","0","3,582","0","0","2,902","0","0","8","0","0"
"2026 General Primary","SCHUYLKILL","Governor","Statewide","Republican","STACY GARRITY","8,663","0","0","6,992","0","0","1,667","0","0","4","0","0"
"2026 General Primary","SCHUYLKILL","Lieutenant Governor","Statewide","Democratic","AUSTIN DAVIS","6,313","0","0","3,475","0","0","2,830","0","0","8","0","0"
"2026 General Primary","SCHUYLKILL","Lieutenant Governor","Statewide","Republican","JOHN VENTRE","3,200","0","0","2,490","0","0","710","0","0","0","0","0"
"2026 General Primary","SCHUYLKILL","Lieutenant Governor","Statewide","Republican","JASON RICHEY","5,477","0","0","4,511","0","0","962","0","0","4","0","0"
"2026 General Primary","SCHUYLKILL","Representative in Congress","9th Congressional District","Democratic","RACHEL WALLACE","6,473","0","0","3,580","0","0","2,885","0","0","8","0","0"
"2026 General Primary","SCHUYLKILL","Representative in Congress","9th Congressional District","Republican","DAN MEUSER","8,902","0","0","7,172","0","0","1,726","0","0","4","0","0"
"2026 General Primary","SCHUYLKILL","Representative in the General Assembly","107th Legislative District","Democratic","RYAN T COLEMAN","765","0","0","389","0","0","375","0","0","1","0","0"
"2026 General Primary","SCHUYLKILL","Representative in the General Assembly","107th Legislative District","Republican","JOANNE STEHR","1,643","0","0","1,312","0","0","330","0","0","1","0","0"
"2026 General Primary","SCHUYLKILL","Representative in the General Assembly","116th Legislative District","Republican","DANE WATRO","1,024","0","0","825","0","0","198","0","0","1","0","0"
"2026 General Primary","SCHUYLKILL","Representative in the General Assembly","123rd Legislative District","Democratic","JOHN DEATRICH","3,494","0","0","2,028","0","0","1,459","0","0","7","0","0"
"2026 General Primary","SCHUYLKILL","Representative in the General Assembly","123rd Legislative District","Republican","TIM TWARDZIK","3,800","0","0","3,004","0","0","794","0","0","2","0","0"
"2026 General Primary","SCHUYLKILL","Representative in the General Assembly","124th Legislative District","Democratic","TINA BURNS","1,462","0","0","734","0","0","728","0","0","0","0","0"
"2026 General Primary","SCHUYLKILL","Representative in the General Assembly","124th Legislative District","Republican","JAMIE BARTON","2,732","0","0","2,196","0","0","536","0","0","0","0","0"
"2026 General Primary","SCHUYLKILL","Member of Democratic State Committee","Schuylkill County (District 54)","Democratic","JACK REILLY","5,610","0","0","3,024","0","0","2,578","0","0","8","0","0"
"2026 General Primary","SCHUYLKILL","Member of Democratic State Committee","Schuylkill County (District 54)","Democratic","ELIZABETH A BETTINGER","6,067","0","0","3,307","0","0","2,752","0","0","8","0","0"
"2026 General Primary","SCHUYLKILL","Member of Republican State Committee","Schuylkill County (District 54)","Republican","GRETCHEN D STERNS","7,474","0","0","5,919","0","0","1,552","0","0","3","0","0"
"2026 General Primary","SCHUYLKILL","Member of Republican State Committee","Schuylkill County (District 54)","Republican","MARY BETH DOUGHERTY","7,505","0","0","5,935","0","0","1,567","0","0","3","0","0"
"2026 General Primary","SCHUYLKILL","Member of Republican State Committee","Schuylkill County (District 54)","Republican","SETH HUBLER","6,723","0","0","5,328","0","0","1,392","0","0","3","0","0"
"2026 General Primary","SCHUYLKILL","Member of Republican State Committee","Schuylkill County (District 54)","Republican","MIKE RADER","6,806","0","0","5,422","0","0","1,382","0","0","2","0","0"
"2026 General Primary","SCHUYLKILL","Member of Republican State Committee","Schuylkill County (District 54)","Republican","LARRY WITTIG","6,304","0","0","5,001","0","0","1,302","0","0","1","0","0"
"2026 General Primary","SNYDER","Governor","Statewide","Democratic","JOSH SHAPIRO","1,399","0","0","670","0","0","724","0","0","5","0","0"
"2026 General Primary","SNYDER","Governor","Statewide","Republican","STACY GARRITY","3,500","0","0","2,980","0","0","519","0","0","1","0","0"
"2026 General Primary","SNYDER","Lieutenant Governor","Statewide","Democratic","AUSTIN DAVIS","1,378","0","0","660","0","0","713","0","0","5","0","0"
"2026 General Primary","SNYDER","Lieutenant Governor","Statewide","Republican","JOHN VENTRE","1,080","0","0","891","0","0","188","0","0","1","0","0"
"2026 General Primary","SNYDER","Lieutenant Governor","Statewide","Republican","JASON RICHEY","2,342","0","0","2,014","0","0","328","0","0","0","0","0"
"2026 General Primary","SNYDER","Representative in Congress","15th Congressional District","Democratic","RAY BILGER","1,365","0","0","651","0","0","709","0","0","5","0","0"
"2026 General Primary","SNYDER","Representative in Congress","15th Congressional District","Republican","GLENN GT THOMPSON","3,564","0","0","3,027","0","0","536","0","0","1","0","0"
"2026 General Primary","SNYDER","Representative in the General Assembly","85th Legislative District","Republican","DAVID H ROWE","3,731","0","0","3,174","0","0","556","0","0","1","0","0"
"2026 General Primary","SNYDER","Member of Democratic State Committee","SnyderCounty (District 55)","Democratic","TINA L BURGESS","1,378","0","0","664","0","0","709","0","0","5","0","0"
"2026 General Primary","SNYDER","Member of Republican State Committee","Snyder County (District 55)","Republican","TAMI MATTERN","1,818","0","0","1,587","0","0","230","0","0","1","0","0"
"2026 General Primary","SNYDER","Member of Republican State Committee","Snyder County (District 55)","Republican","PAT SAYLOR","1,927","0","0","1,586","0","0","341","0","0","0","0","0"
"2026 General Primary","SNYDER","Member of Republican State Committee","Snyder County (District 55)","Republican","FRED KELLER","3,289","0","0","2,787","0","0","501","0","0","1","0","0"
"2026 General Primary","SOMERSET","Governor","Statewide","Democratic","JOSH SHAPIRO","2,936","0","0","1,572","0","0","1,360","0","0","4","0","0"
"2026 General Primary","SOMERSET","Governor","Statewide","Republican","STACY GARRITY","6,714","0","0","5,825","0","0","882","0","0","7","0","0"
"2026 General Primary","SOMERSET","Lieutenant Governor","Statewide","Democratic","AUSTIN DAVIS","2,902","0","0","1,558","0","0","1,340","0","0","4","0","0"
"2026 General Primary","SOMERSET","Lieutenant Governor","Statewide","Republican","JOHN VENTRE","3,936","0","0","3,349","0","0","583","0","0","4","0","0"
"2026 General Primary","SOMERSET","Lieutenant Governor","Statewide","Republican","JASON RICHEY","3,032","0","0","2,673","0","0","356","0","0","3","0","0"
"2026 General Primary","SOMERSET","Representative in Congress","13th Congressional District","Democratic","BETH FARNHAM","88","0","0","40","0","0","48","0","0","0","0","0"
"2026 General Primary","SOMERSET","Representative in Congress","13th Congressional District","Republican","JOHN JOYCE","166","0","0","140","0","0","26","0","0","0","0","0"
"2026 General Primary","SOMERSET","Representative in Congress","14th Congressional District","Democratic","ALAN BRADSTOCK","2,753","0","0","1,499","0","0","1,250","0","0","4","0","0"
"2026 General Primary","SOMERSET","Representative in Congress","14th Congressional District","Republican","GUY RESCHENTHALER","6,590","0","0","5,703","0","0","880","0","0","7","0","0"
"2026 General Primary","SOMERSET","Senator in the General Assembly","32nd Senatorial District","Republican","PAT STEFANO","5,696","0","0","4,884","0","0","805","0","0","7","0","0"
"2026 General Primary","SOMERSET","Senator in the General Assembly","32nd Senatorial District","Republican","HARRY YOUNG COCHRAN","1,518","0","0","1,332","0","0","185","0","0","1","0","0"
"2026 General Primary","SOMERSET","Representative in the General Assembly","69th Legislative District","Republican","CARL WALKER METZGAR","6,422","0","0","5,513","0","0","902","0","0","7","0","0"
"2026 General Primary","SOMERSET","Representative in the General Assembly","71st Legislative District","Republican","JIM RIGBY","574","0","0","509","0","0","65","0","0","0","0","0"
"2026 General Primary","SOMERSET","Member of Democratic State Committee","Somerset County (District 56)","Democratic","SHELLEY J GLESSNER","2,877","0","0","1,570","0","0","1,303","0","0","4","0","0"
"2026 General Primary","SOMERSET","Member of Republican State Committee","Somerset County (District 56)","Republican","ERIN E FIORE","4,137","0","0","3,563","0","0","570","0","0","4","0","0"
"2026 General Primary","SOMERSET","Member of Republican State Committee","Somerset County (District 56)","Republican","BRAD R OTTEN","3,585","0","0","3,146","0","0","437","0","0","2","0","0"
"2026 General Primary","SOMERSET","Member of Republican State Committee","Somerset County (District 56)","Republican","SCOTT HARR","3,128","0","0","2,715","0","0","410","0","0","3","0","0"
"2026 General Primary","SOMERSET","Member of Republican State Committee","Somerset County (District 56)","Republican","SUE DARR","4,162","0","0","3,535","0","0","622","0","0","5","0","0"
"2026 General Primary","SOMERSET","Member of Republican State Committee","Somerset County (District 56)","Republican","J ROSS STEWART","3,718","0","0","3,177","0","0","539","0","0","2","0","0"
"2026 General Primary","SULLIVAN","Governor","Statewide","Democratic","JOSH SHAPIRO","377","0","0","248","0","0","128","0","0","1","0","0"
"2026 General Primary","SULLIVAN","Governor","Statewide","Republican","STACY GARRITY","711","0","0","623","0","0","88","0","0","0","0","0"
"2026 General Primary","SULLIVAN","Lieutenant Governor","Statewide","Democratic","AUSTIN DAVIS","359","0","0","237","0","0","121","0","0","1","0","0"
"2026 General Primary","SULLIVAN","Lieutenant Governor","Statewide","Republican","JOHN VENTRE","246","0","0","217","0","0","29","0","0","0","0","0"
"2026 General Primary","SULLIVAN","Lieutenant Governor","Statewide","Republican","JASON RICHEY","432","0","0","380","0","0","52","0","0","0","0","0"
"2026 General Primary","SULLIVAN","Representative in Congress","9th Congressional District","Democratic","RACHEL WALLACE","356","0","0","235","0","0","120","0","0","1","0","0"
"2026 General Primary","SULLIVAN","Representative in Congress","9th Congressional District","Republican","DAN MEUSER","719","0","0","628","0","0","91","0","0","0","0","0"
"2026 General Primary","SULLIVAN","Representative in the General Assembly","84th Legislative District","Republican","JOE HAMM","746","0","0","651","0","0","95","0","0","0","0","0"
"2026 General Primary","SULLIVAN","Member of Republican State Committee","Sullivan County (District 57)","Republican","KEITH PRETTI","723","0","0","633","0","0","90","0","0","0","0","0"
"2026 General Primary","SUSQUEHANNA","Governor","Statewide","Democratic","JOSH SHAPIRO","1,930","0","0","1,005","0","0","920","0","0","5","0","0"
"2026 General Primary","SUSQUEHANNA","Governor","Statewide","Republican","STACY GARRITY","4,453","0","0","3,821","0","0","630","0","0","2","0","0"
"2026 General Primary","SUSQUEHANNA","Lieutenant Governor","Statewide","Democratic","AUSTIN DAVIS","1,882","0","0","978","0","0","899","0","0","5","0","0"
"2026 General Primary","SUSQUEHANNA","Lieutenant Governor","Statewide","Republican","JOHN VENTRE","1,474","0","0","1,259","0","0","213","0","0","2","0","0"
"2026 General Primary","SUSQUEHANNA","Lieutenant Governor","Statewide","Republican","JASON RICHEY","2,805","0","0","2,405","0","0","400","0","0","0","0","0"
"2026 General Primary","SUSQUEHANNA","Representative in Congress","9th Congressional District","Democratic","RACHEL WALLACE","1,856","0","0","957","0","0","895","0","0","4","0","0"
"2026 General Primary","SUSQUEHANNA","Representative in Congress","9th Congressional District","Republican","DAN MEUSER","4,443","0","0","3,792","0","0","649","0","0","2","0","0"
"2026 General Primary","SUSQUEHANNA","Senator in the General Assembly","20th Senatorial District","Democratic","JACKIE BAKER","1,877","0","0","978","0","0","895","0","0","4","0","0"
"2026 General Primary","SUSQUEHANNA","Senator in the General Assembly","20th Senatorial District","Republican","TYLER MEYERS","2,498","0","0","2,278","0","0","219","0","0","1","0","0"
"2026 General Primary","SUSQUEHANNA","Senator in the General Assembly","20th Senatorial District","Republican","LISA BAKER","2,326","0","0","1,841","0","0","484","0","0","1","0","0"
"2026 General Primary","SUSQUEHANNA","Representative in the General Assembly","111th Legislative District","Democratic","KYLE DEVLIN","1,892","0","0","985","0","0","902","0","0","5","0","0"
"2026 General Primary","SUSQUEHANNA","Representative in the General Assembly","111th Legislative District","Republican","JONATHAN FRITZ","4,628","0","0","3,933","0","0","693","0","0","2","0","0"
"2026 General Primary","SUSQUEHANNA","Member of Democratic State Committee","Susquehanna County (District 58)","Democratic","JACKIE BAKER","1,864","0","0","968","0","0","892","0","0","4","0","0"
"2026 General Primary","SUSQUEHANNA","Member of Republican State Committee","Susquehanna County (District 58)","Republican","DONNA  M COSMELLO","3,699","0","0","3,113","0","0","585","0","0","1","0","0"
"2026 General Primary","SUSQUEHANNA","Member of Republican State Committee","Susquehanna County (District 58)","Republican","DAVID DARROW","3,853","0","0","3,239","0","0","612","0","0","2","0","0"
"2026 General Primary","TIOGA","Governor","Statewide","Democratic","JOSH SHAPIRO","1,258","0","0","699","0","0","559","0","0","0","0","0"
"2026 General Primary","TIOGA","Governor","Statewide","Republican","STACY GARRITY","3,136","0","0","2,620","0","0","516","0","0","0","0","0"
"2026 General Primary","TIOGA","Lieutenant Governor","Statewide","Democratic","AUSTIN DAVIS","1,266","0","0","704","0","0","562","0","0","0","0","0"
"2026 General Primary","TIOGA","Lieutenant Governor","Statewide","Republican","JOHN VENTRE","841","0","0","704","0","0","137","0","0","0","0","0"
"2026 General Primary","TIOGA","Lieutenant Governor","Statewide","Republican","JASON RICHEY","2,251","0","0","1,883","0","0","368","0","0","0","0","0"
"2026 General Primary","TIOGA","Representative in Congress","15th Congressional District","Democratic","RAY BILGER","1,233","0","0","691","0","0","542","0","0","0","0","0"
"2026 General Primary","TIOGA","Representative in Congress","15th Congressional District","Republican","GLENN GT THOMPSON","3,191","0","0","2,665","0","0","526","0","0","0","0","0"
"2026 General Primary","TIOGA","Representative in the General Assembly","68th Legislative District","Democratic","QUENTIN GEE","1,248","0","0","703","0","0","545","0","0","0","0","0"
"2026 General Primary","TIOGA","Representative in the General Assembly","68th Legislative District","Republican","CLINT OWLETT","3,270","0","0","2,707","0","0","563","0","0","0","0","0"
"2026 General Primary","TIOGA","Member of Republican State Committee","Tioga County (District 59)","Republican","LAUREN OWLETT","2,741","0","0","2,260","0","0","481","0","0","0","0","0"
"2026 General Primary","TIOGA","Member of Republican State Committee","Tioga County (District 59)","Republican","GARY WILSON","2,496","0","0","2,039","0","0","457","0","0","0","0","0"
"2026 General Primary","UNION","Governor","Statewide","Democratic","JOSH SHAPIRO","2,017","0","0","956","0","0","1,060","0","0","1","0","0"
"2026 General Primary","UNION","Governor","Statewide","Republican","STACY GARRITY","2,318","0","0","1,829","0","0","486","0","0","3","0","0"
"2026 General Primary","UNION","Lieutenant Governor","Statewide","Democratic","AUSTIN DAVIS","1,990","0","0","936","0","0","1,053","0","0","1","0","0"
"2026 General Primary","UNION","Lieutenant Governor","Statewide","Republican","JOHN VENTRE","769","0","0","593","0","0","175","0","0","1","0","0"
"2026 General Primary","UNION","Lieutenant Governor","Statewide","Republican","JASON RICHEY","1,580","0","0","1,267","0","0","311","0","0","2","0","0"
"2026 General Primary","UNION","Representative in Congress","15th Congressional District","Democratic","RAY BILGER","1,957","0","0","923","0","0","1,033","0","0","1","0","0"
"2026 General Primary","UNION","Representative in Congress","15th Congressional District","Republican","GLENN GT THOMPSON","2,350","0","0","1,864","0","0","483","0","0","3","0","0"
"2026 General Primary","UNION","Representative in the General Assembly","76th Legislative District","Democratic","SARA EGGLER","1,061","0","0","478","0","0","583","0","0","0","0","0"
"2026 General Primary","UNION","Representative in the General Assembly","76th Legislative District","Republican","STEPHANIE BOROWICZ","1,506","0","0","1,177","0","0","329","0","0","0","0","0"
"2026 General Primary","UNION","Representative in the General Assembly","83rd Legislative District","Republican","JAMIE L FLICK","439","0","0","375","0","0","62","0","0","2","0","0"
"2026 General Primary","UNION","Representative in the General Assembly","85th Legislative District","Republican","DAVID H ROWE","460","0","0","340","0","0","119","0","0","1","0","0"
"2026 General Primary","UNION","Member of Democratic State Committee","Union County (District 60)","Democratic","RICK THOMAS","1,984","0","0","936","0","0","1,047","0","0","1","0","0"
"2026 General Primary","UNION","Member of Republican State Committee","Union County (District 60)","Republican","DANIEL F CLARK","2,404","0","0","1,892","0","0","510","0","0","2","0","0"
"2026 General Primary","VENANGO","Governor","Statewide","Democratic","JOSH SHAPIRO","2,321","0","0","1,101","0","0","1,215","0","0","5","0","0"
"2026 General Primary","VENANGO","Governor","Statewide","Republican","STACY GARRITY","3,689","0","0","3,041","0","0","642","0","0","6","0","0"
"2026 General Primary","VENANGO","Lieutenant Governor","Statewide","Democratic","AUSTIN DAVIS","2,276","0","0","1,082","0","0","1,189","0","0","5","0","0"
"2026 General Primary","VENANGO","Lieutenant Governor","Statewide","Republican","JOHN VENTRE","1,301","0","0","1,060","0","0","239","0","0","2","0","0"
"2026 General Primary","VENANGO","Lieutenant Governor","Statewide","Republican","JASON RICHEY","2,470","0","0","2,045","0","0","421","0","0","4","0","0"
"2026 General Primary","VENANGO","Representative in Congress","15th Congressional District","Democratic","RAY BILGER","1,310","0","0","626","0","0","681","0","0","3","0","0"
"2026 General Primary","VENANGO","Representative in Congress","15th Congressional District","Republican","GLENN GT THOMPSON","2,295","0","0","1,914","0","0","378","0","0","3","0","0"
"2026 General Primary","VENANGO","Representative in Congress","16th Congressional District","Democratic","JUSTIN WAGNER","939","0","0","438","0","0","499","0","0","2","0","0"
"2026 General Primary","VENANGO","Representative in Congress","16th Congressional District","Republican","MIKE KELLY","1,483","0","0","1,199","0","0","281","0","0","3","0","0"
"2026 General Primary","VENANGO","Representative in the General Assembly","64th Legislative District","Democratic","AMANDA SHAFFER","2,294","0","0","1,093","0","0","1,196","0","0","5","0","0"
"2026 General Primary","VENANGO","Representative in the General Assembly","64th Legislative District","Republican","R LEE JAMES","3,820","0","0","3,118","0","0","696","0","0","6","0","0"
"2026 General Primary","VENANGO","Member of Democratic State Committee","Venango County (District 61)","Democratic","EDWARD SCURRY","2,299","0","0","1,099","0","0","1,195","0","0","5","0","0"
"2026 General Primary","VENANGO","Member of Republican State Committee","Venango County (District 61)","Republican","SAM BREENE","3,758","0","0","3,058","0","0","694","0","0","6","0","0"
"2026 General Primary","WARREN","Governor","Statewide","Democratic","JOSH SHAPIRO","1,783","0","0","916","0","0","861","0","0","6","0","0"
"2026 General Primary","WARREN","Governor","Statewide","Republican","STACY GARRITY","2,376","0","0","1,958","0","0","418","0","0","0","0","0"
"2026 General Primary","WARREN","Lieutenant Governor","Statewide","Democratic","AUSTIN DAVIS","1,715","0","0","867","0","0","842","0","0","6","0","0"
"2026 General Primary","WARREN","Lieutenant Governor","Statewide","Republican","JOHN VENTRE","640","0","0","527","0","0","113","0","0","0","0","0"
"2026 General Primary","WARREN","Lieutenant Governor","Statewide","Republican","JASON RICHEY","1,794","0","0","1,477","0","0","317","0","0","0","0","0"
"2026 General Primary","WARREN","Representative in Congress","15th Congressional District","Democratic","RAY BILGER","1,677","0","0","840","0","0","831","0","0","6","0","0"
"2026 General Primary","WARREN","Representative in Congress","15th Congressional District","Republican","GLENN GT THOMPSON","2,403","0","0","1,968","0","0","435","0","0","0","0","0"
"2026 General Primary","WARREN","Representative in the General Assembly","65th Legislative District","Democratic","DESTINY HOWARD","1,745","0","0","906","0","0","833","0","0","6","0","0"
"2026 General Primary","WARREN","Representative in the General Assembly","65th Legislative District","Republican","KATHY L RAPP","2,401","0","0","1,966","0","0","435","0","0","0","0","0"
"2026 General Primary","WARREN","Member of Democratic State Committee","Warren County (District 62)","Democratic","SARAH PARMETER","1,716","0","0","887","0","0","823","0","0","6","0","0"
"2026 General Primary","WARREN","Member of Republican State Committee","Warren County (District 62)","Republican","HEIDI VILLELLA","1,979","0","0","1,601","0","0","378","0","0","0","0","0"
"2026 General Primary","WARREN","Member of Republican State Committee","Warren County (District 62)","Republican","ASH KHARE","1,777","0","0","1,438","0","0","339","0","0","0","0","0"
"2026 General Primary","WASHINGTON","Governor","Statewide","Democratic","JOSH SHAPIRO","16,565","0","0","8,911","0","0","7,627","0","0","27","0","0"
"2026 General Primary","WASHINGTON","Governor","Statewide","Republican","STACY GARRITY","15,372","0","0","13,035","0","0","2,311","0","0","26","0","0"
"2026 General Primary","WASHINGTON","Lieutenant Governor","Statewide","Democratic","AUSTIN DAVIS","15,961","0","0","8,472","0","0","7,463","0","0","26","0","0"
"2026 General Primary","WASHINGTON","Lieutenant Governor","Statewide","Republican","JOHN VENTRE","7,280","0","0","6,210","0","0","1,062","0","0","8","0","0"
"2026 General Primary","WASHINGTON","Lieutenant Governor","Statewide","Republican","JASON RICHEY","8,539","0","0","7,091","0","0","1,431","0","0","17","0","0"
"2026 General Primary","WASHINGTON","Representative in Congress","14th Congressional District","Democratic","ALAN BRADSTOCK","15,318","0","0","8,066","0","0","7,226","0","0","26","0","0"
"2026 General Primary","WASHINGTON","Representative in Congress","14th Congressional District","Republican","GUY RESCHENTHALER","16,166","0","0","13,644","0","0","2,497","0","0","25","0","0"
"2026 General Primary","WASHINGTON","Senator in the General Assembly","46th Senatorial District","Democratic","EVAN SNYDER","15,703","0","0","8,357","0","0","7,321","0","0","25","0","0"
"2026 General Primary","WASHINGTON","Senator in the General Assembly","46th Senatorial District","Republican","AL BUCHTAN","7,658","0","0","6,768","0","0","879","0","0","11","0","0"
"2026 General Primary","WASHINGTON","Senator in the General Assembly","46th Senatorial District","Republican","CAMERA BARTOLOTTA","9,560","0","0","7,710","0","0","1,835","0","0","15","0","0"
"2026 General Primary","WASHINGTON","Representative in the General Assembly","15th Legislative District","Democratic","SYDNEY SPEICHER","1,875","0","0","1,046","0","0","827","0","0","2","0","0"
"2026 General Primary","WASHINGTON","Representative in the General Assembly","15th Legislative District","Republican","JOSHUA D KAIL","2,062","0","0","1,814","0","0","244","0","0","4","0","0"
"2026 General Primary","WASHINGTON","Representative in the General Assembly","39th Legislative District","Democratic","DYLAN  ALTEMARA","766","0","0","442","0","0","324","0","0","0","0","0"
"2026 General Primary","WASHINGTON","Representative in the General Assembly","39th Legislative District","Democratic","KELLIANNE FRKETIC","459","0","0","248","0","0","210","0","0","1","0","0"
"2026 General Primary","WASHINGTON","Representative in the General Assembly","39th Legislative District","Republican","ANDREW KUZMA","1,073","0","0","946","0","0","127","0","0","0","0","0"
"2026 General Primary","WASHINGTON","Representative in the General Assembly","40th Legislative District","Democratic","JON LLOYD","1,685","0","0","896","0","0","788","0","0","1","0","0"
"2026 General Primary","WASHINGTON","Representative in the General Assembly","40th Legislative District","Republican","NATALIE MIHALEK","2,277","0","0","1,827","0","0","449","0","0","1","0","0"
"2026 General Primary","WASHINGTON","Representative in the General Assembly","46th Legislative District","Democratic","MIKE CROSSEY","3,701","0","0","1,783","0","0","1,906","0","0","12","0","0"
"2026 General Primary","WASHINGTON","Representative in the General Assembly","46th Legislative District","Republican","JASON ORTITAY","3,640","0","0","2,938","0","0","687","0","0","15","0","0"
"2026 General Primary","WASHINGTON","Representative in the General Assembly","48th Legislative District","Democratic","REBECCA MACTAGGART","4,863","0","0","2,443","0","0","2,415","0","0","5","0","0"
"2026 General Primary","WASHINGTON","Representative in the General Assembly","48th Legislative District","Republican","TIM ONEAL","5,102","0","0","4,202","0","0","897","0","0","3","0","0"
"2026 General Primary","WASHINGTON","Representative in the General Assembly","50th Legislative District","Democratic","LOIS BOWER-BJORNSON","2,090","0","0","1,294","0","0","792","0","0","4","0","0"
"2026 General Primary","WASHINGTON","Representative in the General Assembly","50th Legislative District","Republican","BUD COOK","1,398","0","0","1,243","0","0","153","0","0","2","0","0"
"2026 General Primary","WASHINGTON","Representative in the General Assembly","50th Legislative District","Republican","BEN HUMBLE","893","0","0","821","0","0","72","0","0","0","0","0"
"2026 General Primary","WASHINGTON","Member of Democratic State Committee","Washington County (District 63)","Democratic","MICHELE TYSIAK","13,762","0","0","7,255","0","0","6,484","0","0","23","0","0"
"2026 General Primary","WASHINGTON","Member of Democratic State Committee","Washington County (District 63)","Democratic","DONNA PATRINA","14,223","0","0","7,441","0","0","6,761","0","0","21","0","0"
"2026 General Primary","WASHINGTON","Member of Democratic State Committee","Washington County (District 63)","Democratic","BEN BRIGHT","8,397","0","0","4,544","0","0","3,844","0","0","9","0","0"
"2026 General Primary","WASHINGTON","Member of Democratic State Committee","Washington County (District 63)","Democratic","SHANE ASSADZANDI","9,860","0","0","5,184","0","0","4,662","0","0","14","0","0"
"2026 General Primary","WASHINGTON","Member of Democratic State Committee","Washington County (District 63)","Democratic","BOB SABOT","8,635","0","0","4,228","0","0","4,394","0","0","13","0","0"
"2026 General Primary","WASHINGTON","Member of Republican State Committee","Washington County (District 63)","Republican","AL BUCHTAN","8,925","0","0","7,715","0","0","1,200","0","0","10","0","0"
"2026 General Primary","WASHINGTON","Member of Republican State Committee","Washington County (District 63)","Republican","ELIZABETH GABRIEL HOFFMAN","5,810","0","0","4,913","0","0","891","0","0","6","0","0"
"2026 General Primary","WASHINGTON","Member of Republican State Committee","Washington County (District 63)","Republican","LAURA HOUGH","6,222","0","0","5,266","0","0","942","0","0","14","0","0"
"2026 General Primary","WASHINGTON","Member of Republican State Committee","Washington County (District 63)","Republican","KRISTEN LENK VANDERMAN","5,079","0","0","4,458","0","0","615","0","0","6","0","0"
"2026 General Primary","WASHINGTON","Member of Republican State Committee","Washington County (District 63)","Republican","TONY JACOB DELOST","9,820","0","0","8,196","0","0","1,612","0","0","12","0","0"
"2026 General Primary","WASHINGTON","Member of Republican State Committee","Washington County (District 63)","Republican","WALT BIANCHI","6,417","0","0","5,663","0","0","748","0","0","6","0","0"
"2026 General Primary","WASHINGTON","Member of Republican State Committee","Washington County (District 63)","Republican","DENISE MARIE BREIDE","4,428","0","0","3,805","0","0","622","0","0","1","0","0"
"2026 General Primary","WASHINGTON","Member of Republican State Committee","Washington County (District 63)","Republican","HEATHER WILHELM","5,708","0","0","4,848","0","0","844","0","0","16","0","0"
"2026 General Primary","WASHINGTON","Member of Republican State Committee","Washington County (District 63)","Republican","CLAIRE SHRONTZ","3,895","0","0","3,343","0","0","547","0","0","5","0","0"
"2026 General Primary","WASHINGTON","Member of Republican State Committee","Washington County (District 63)","Republican","ADAM YARUSSI","6,323","0","0","4,846","0","0","1,464","0","0","13","0","0"
"2026 General Primary","WASHINGTON","Member of Republican State Committee","Washington County (District 63)","Republican","DAVE BALL","6,844","0","0","5,321","0","0","1,512","0","0","11","0","0"
"2026 General Primary","WASHINGTON","Member of Republican State Committee","Washington County (District 63)","Republican","SONIA STOPPERICH SULC","6,327","0","0","4,628","0","0","1,684","0","0","15","0","0"
"2026 General Primary","WAYNE","Governor","Statewide","Democratic","JOSH SHAPIRO","2,652","0","0","1,192","0","0","1,454","0","0","6","0","0"
"2026 General Primary","WAYNE","Governor","Statewide","Republican","STACY GARRITY","4,713","0","0","3,673","0","0","1,028","0","0","12","0","0"
"2026 General Primary","WAYNE","Lieutenant Governor","Statewide","Democratic","AUSTIN DAVIS","2,605","0","0","1,181","0","0","1,418","0","0","6","0","0"
"2026 General Primary","WAYNE","Lieutenant Governor","Statewide","Republican","JOHN VENTRE","1,696","0","0","1,347","0","0","345","0","0","4","0","0"
"2026 General Primary","WAYNE","Lieutenant Governor","Statewide","Republican","JASON RICHEY","2,886","0","0","2,201","0","0","678","0","0","7","0","0"
"2026 General Primary","WAYNE","Representative in Congress","8th Congressional District","Democratic","PAIGE COGNETTI","2,652","0","0","1,204","0","0","1,442","0","0","6","0","0"
"2026 General Primary","WAYNE","Representative in Congress","8th Congressional District","Republican","ROB BRESNAHAN JR","4,739","0","0","3,697","0","0","1,029","0","0","13","0","0"
"2026 General Primary","WAYNE","Senator in the General Assembly","20th Senatorial District","Democratic","JACKIE BAKER","1,164","0","0","485","0","0","676","0","0","3","0","0"
"2026 General Primary","WAYNE","Senator in the General Assembly","20th Senatorial District","Republican","TYLER MEYERS","1,154","0","0","965","0","0","184","0","0","5","0","0"
"2026 General Primary","WAYNE","Senator in the General Assembly","20th Senatorial District","Republican","LISA BAKER","1,740","0","0","1,299","0","0","437","0","0","4","0","0"
"2026 General Primary","WAYNE","Senator in the General Assembly","40th Senatorial District","Democratic","BRIAN WRIGHTSON","1,411","0","0","688","0","0","720","0","0","3","0","0"
"2026 General Primary","WAYNE","Senator in the General Assembly","40th Senatorial District","Republican","ROSEMARY BROWN","2,248","0","0","1,711","0","0","533","0","0","4","0","0"
"2026 General Primary","WAYNE","Representative in the General Assembly","111th Legislative District","Democratic","KYLE DEVLIN","1,248","0","0","604","0","0","642","0","0","2","0","0"
"2026 General Primary","WAYNE","Representative in the General Assembly","111th Legislative District","Republican","JONATHAN FRITZ","2,888","0","0","2,279","0","0","606","0","0","3","0","0"
"2026 General Primary","WAYNE","Representative in the General Assembly","139th Legislative District","Democratic","DOMINIQUE AZZOLLINI","1,303","0","0","555","0","0","744","0","0","4","0","0"
"2026 General Primary","WAYNE","Representative in the General Assembly","139th Legislative District","Republican","JEFF OLSOMMER","2,253","0","0","1,693","0","0","552","0","0","8","0","0"
"2026 General Primary","WAYNE","Member of Democratic State Committee","Wayne County (District 64)","Democratic","LYNNE P GLINSKY GOODWIN","2,582","0","0","1,186","0","0","1,390","0","0","6","0","0"
"2026 General Primary","WAYNE","Member of Republican State Committee","Wayne County (District 64)","Republican","PETER VINCENT QUAGLIA","3,746","0","0","2,854","0","0","887","0","0","5","0","0"
"2026 General Primary","WAYNE","Member of Republican State Committee","Wayne County (District 64)","Republican","TONI MCANDREW","4,107","0","0","3,125","0","0","974","0","0","8","0","0"
"2026 General Primary","WESTMORELAND","Governor","Statewide","Democratic","JOSH SHAPIRO","27,175","0","0","12,745","0","0","14,380","0","0","50","0","0"
"2026 General Primary","WESTMORELAND","Governor","Statewide","Republican","STACY GARRITY","21,515","0","0","16,419","0","0","5,070","0","0","26","0","0"
"2026 General Primary","WESTMORELAND","Lieutenant Governor","Statewide","Democratic","AUSTIN DAVIS","26,063","0","0","11,990","0","0","14,026","0","0","47","0","0"
"2026 General Primary","WESTMORELAND","Lieutenant Governor","Statewide","Republican","JOHN VENTRE","17,214","0","0","12,697","0","0","4,494","0","0","23","0","0"
"2026 General Primary","WESTMORELAND","Lieutenant Governor","Statewide","Republican","JASON RICHEY","6,156","0","0","5,010","0","0","1,143","0","0","3","0","0"
"2026 General Primary","WESTMORELAND","Representative in Congress","12th Congressional District","Democratic","WILLIAM PARKER","1,974","0","0","1,010","0","0","960","0","0","4","0","0"
"2026 General Primary","WESTMORELAND","Representative in Congress","12th Congressional District","Democratic","SUMMER LEE","6,960","0","0","3,058","0","0","3,878","0","0","24","0","0"
"2026 General Primary","WESTMORELAND","Representative in Congress","12th Congressional District","Republican","JAMES HAYES","6,835","0","0","5,040","0","0","1,790","0","0","5","0","0"
"2026 General Primary","WESTMORELAND","Representative in Congress","14th Congressional District","Democratic","ALAN BRADSTOCK","16,793","0","0","8,005","0","0","8,768","0","0","20","0","0"
"2026 General Primary","WESTMORELAND","Representative in Congress","14th Congressional District","Republican","GUY RESCHENTHALER","14,745","0","0","11,312","0","0","3,416","0","0","17","0","0"
"2026 General Primary","WESTMORELAND","Senator in the General Assembly","32nd Senatorial District","Republican","PAT STEFANO","221","0","0","177","0","0","44","0","0","0","0","0"
"2026 General Primary","WESTMORELAND","Senator in the General Assembly","32nd Senatorial District","Republican","HARRY YOUNG COCHRAN","59","0","0","49","0","0","10","0","0","0","0","0"
"2026 General Primary","WESTMORELAND","Representative in the General Assembly","55th Legislative District","Democratic","DAVON MAGWOOD","5,000","0","0","2,253","0","0","2,736","0","0","11","0","0"
"2026 General Primary","WESTMORELAND","Representative in the General Assembly","55th Legislative District","Republican","JILL COOPER","4,495","0","0","3,188","0","0","1,304","0","0","3","0","0"
"2026 General Primary","WESTMORELAND","Representative in the General Assembly","56th Legislative District","Republican","BRIAN RASEL","4,073","0","0","3,147","0","0","923","0","0","3","0","0"
"2026 General Primary","WESTMORELAND","Representative in the General Assembly","57th Legislative District","Democratic","ROB FRANCIS","5,249","0","0","2,367","0","0","2,878","0","0","4","0","0"
"2026 General Primary","WESTMORELAND","Representative in the General Assembly","57th Legislative District","Republican","ERIC NELSON","4,481","0","0","3,264","0","0","1,217","0","0","0","0","0"
"2026 General Primary","WESTMORELAND","Representative in the General Assembly","58th Legislative District","Democratic","CHERRI ROGERS","4,419","0","0","2,149","0","0","2,264","0","0","6","0","0"
"2026 General Primary","WESTMORELAND","Representative in the General Assembly","58th Legislative District","Republican","ERIC DAVANZO","3,810","0","0","2,986","0","0","819","0","0","5","0","0"
"2026 General Primary","WESTMORELAND","Representative in the General Assembly","59th Legislative District","Democratic","LISA GEPHART","1,930","0","0","899","0","0","1,031","0","0","0","0","0"
"2026 General Primary","WESTMORELAND","Representative in the General Assembly","59th Legislative District","Democratic","JORDAN OMLOR","2,893","0","0","1,514","0","0","1,375","0","0","4","0","0"
"2026 General Primary","WESTMORELAND","Representative in the General Assembly","59th Legislative District","Republican","LESLIE ROSSI","4,914","0","0","3,848","0","0","1,057","0","0","9","0","0"
"2026 General Primary","WESTMORELAND","Representative in the General Assembly","60th Legislative District","Democratic","DUSTYN A DORN","1,776","0","0","863","0","0","909","0","0","4","0","0"
"2026 General Primary","WESTMORELAND","Representative in the General Assembly","60th Legislative District","Republican","ABBY MAJOR","1,295","0","0","1,005","0","0","289","0","0","1","0","0"
"2026 General Primary","WESTMORELAND","Member of Democratic State Committee","Westmoreland County (District 65)","Democratic","MICHAEL PARDUS","13,640","0","0","6,052","0","0","7,565","0","0","23","0","0"
"2026 General Primary","WESTMORELAND","Member of Democratic State Committee","Westmoreland County (District 65)","Democratic","ABBY GRAHAM-PARDUS","11,068","0","0","5,279","0","0","5,761","0","0","28","0","0"
"2026 General Primary","WESTMORELAND","Member of Democratic State Committee","Westmoreland County (District 65)","Democratic","ABRA KUNIAK","12,612","0","0","6,345","0","0","6,248","0","0","19","0","0"
"2026 General Primary","WESTMORELAND","Member of Democratic State Committee","Westmoreland County (District 65)","Democratic","BIBIANA BOERIO","13,388","0","0","6,213","0","0","7,152","0","0","23","0","0"
"2026 General Primary","WESTMORELAND","Member of Democratic State Committee","Westmoreland County (District 65)","Democratic","MICHELLE MILAN MCFALL","13,372","0","0","6,077","0","0","7,264","0","0","31","0","0"
"2026 General Primary","WESTMORELAND","Member of Democratic State Committee","Westmoreland County (District 65)","Democratic","JEREMY J DAVIDSON","12,724","0","0","5,352","0","0","7,350","0","0","22","0","0"
"2026 General Primary","WESTMORELAND","Member of Democratic State Committee","Westmoreland County (District 65)","Democratic","ELIZABETH V WEAVER","13,330","0","0","6,468","0","0","6,848","0","0","14","0","0"
"2026 General Primary","WESTMORELAND","Member of Democratic State Committee","Westmoreland County (District 65)","Democratic","DAVON  MAGWOOD","11,118","0","0","5,119","0","0","5,978","0","0","21","0","0"
"2026 General Primary","WESTMORELAND","Member of Democratic State Committee","Westmoreland County (District 65)","Democratic","RAVI BALASUBRAMANIAM BALU","6,645","0","0","2,720","0","0","3,910","0","0","15","0","0"
"2026 General Primary","WESTMORELAND","Member of Democratic State Committee","Westmoreland County (District 65)","Democratic","LISA GEPHART","16,039","0","0","7,342","0","0","8,671","0","0","26","0","0"
"2026 General Primary","WESTMORELAND","Member of Democratic State Committee","Westmoreland County (District 65)","Democratic","ANDREW LENTZ","13,922","0","0","6,124","0","0","7,779","0","0","19","0","0"
"2026 General Primary","WESTMORELAND","Member of Republican State Committee","Westmoreland County (District 65)","Republican","BRYAN L KLINE","12,103","0","0","8,768","0","0","3,321","0","0","14","0","0"
"2026 General Primary","WESTMORELAND","Member of Republican State Committee","Westmoreland County (District 65)","Republican","JENNIFER BRETZ","12,962","0","0","9,341","0","0","3,609","0","0","12","0","0"
"2026 General Primary","WESTMORELAND","Member of Republican State Committee","Westmoreland County (District 65)","Republican","LISA SARNESO","10,778","0","0","7,801","0","0","2,965","0","0","12","0","0"
"2026 General Primary","WESTMORELAND","Member of Republican State Committee","Westmoreland County (District 65)","Republican","SCOTT E AVOLIO","13,108","0","0","9,430","0","0","3,661","0","0","17","0","0"
"2026 General Primary","WESTMORELAND","Member of Republican State Committee","Westmoreland County (District 65)","Republican","JILL COOPER (MURRYSVILLE)","12,542","0","0","9,262","0","0","3,270","0","0","10","0","0"
"2026 General Primary","WESTMORELAND","Member of Republican State Committee","Westmoreland County (District 65)","Republican","BILL BRETZ","13,001","0","0","9,349","0","0","3,639","0","0","13","0","0"
"2026 General Primary","WESTMORELAND","Member of Republican State Committee","Westmoreland County (District 65)","Republican","SHANNON COOPER","9,824","0","0","7,642","0","0","2,173","0","0","9","0","0"
"2026 General Primary","WESTMORELAND","Member of Republican State Committee","Westmoreland County (District 65)","Republican","R DOUGLAS WEIMER","12,929","0","0","9,344","0","0","3,570","0","0","15","0","0"
"2026 General Primary","WESTMORELAND","Member of Republican State Committee","Westmoreland County (District 65)","Republican","STEVE CLEAVELAND","11,066","0","0","8,028","0","0","3,026","0","0","12","0","0"
"2026 General Primary","WESTMORELAND","Member of Republican State Committee","Westmoreland County (District 65)","Republican","CARRIE HAMLEY","11,102","0","0","8,095","0","0","2,993","0","0","14","0","0"
"2026 General Primary","WESTMORELAND","Member of Republican State Committee","Westmoreland County (District 65)","Republican","DEBORAH BOWMAN","11,368","0","0","8,433","0","0","2,918","0","0","17","0","0"
"2026 General Primary","WESTMORELAND","Member of Republican State Committee","Westmoreland County (District 65)","Republican","ANTONIO LIO","9,713","0","0","7,048","0","0","2,654","0","0","11","0","0"
"2026 General Primary","WESTMORELAND","Member of Republican State Committee","Westmoreland County (District 65)","Republican","BECKY DURBIN","11,926","0","0","8,409","0","0","3,506","0","0","11","0","0"
"2026 General Primary","WESTMORELAND","Member of Republican State Committee","Westmoreland County (District 65)","Republican","JILL COOPER (UNITY TOWNSHIP)","12,221","0","0","9,344","0","0","2,864","0","0","13","0","0"
"2026 General Primary","WYOMING","Governor","Statewide","Democratic","JOSH SHAPIRO","1,478","0","0","866","0","0","612","0","0","0","0","0"
"2026 General Primary","WYOMING","Governor","Statewide","Republican","STACY GARRITY","3,230","0","0","2,874","0","0","355","0","0","1","0","0"
"2026 General Primary","WYOMING","Lieutenant Governor","Statewide","Democratic","AUSTIN DAVIS","1,393","0","0","810","0","0","583","0","0","0","0","0"
"2026 General Primary","WYOMING","Lieutenant Governor","Statewide","Republican","JOHN VENTRE","1,203","0","0","1,046","0","0","156","0","0","1","0","0"
"2026 General Primary","WYOMING","Lieutenant Governor","Statewide","Republican","JASON RICHEY","1,963","0","0","1,754","0","0","209","0","0","0","0","0"
"2026 General Primary","WYOMING","Representative in Congress","9th Congressional District","Democratic","RACHEL WALLACE","1,355","0","0","784","0","0","571","0","0","0","0","0"
"2026 General Primary","WYOMING","Representative in Congress","9th Congressional District","Republican","DAN MEUSER","3,260","0","0","2,872","0","0","387","0","0","1","0","0"
"2026 General Primary","WYOMING","Senator in the General Assembly","20th Senatorial District","Democratic","JACKIE BAKER","1,376","0","0","801","0","0","575","0","0","0","0","0"
"2026 General Primary","WYOMING","Senator in the General Assembly","20th Senatorial District","Republican","TYLER MEYERS","1,484","0","0","1,360","0","0","123","0","0","1","0","0"
"2026 General Primary","WYOMING","Senator in the General Assembly","20th Senatorial District","Republican","LISA BAKER","2,103","0","0","1,802","0","0","301","0","0","0","0","0"
"2026 General Primary","WYOMING","Representative in the General Assembly","110th Legislative District","Democratic","PAMELA J HEMANN","1,423","0","0","832","0","0","591","0","0","0","0","0"
"2026 General Primary","WYOMING","Representative in the General Assembly","110th Legislative District","Republican","TINA PICKETT","3,390","0","0","2,967","0","0","422","0","0","1","0","0"
"2026 General Primary","WYOMING","Member of Republican State Committee","Wyoming County (District 66)","Republican","TAD KONESKI","1,469","0","0","1,266","0","0","202","0","0","1","0","0"
"2026 General Primary","WYOMING","Member of Republican State Committee","Wyoming County (District 66)","Republican","WILLIAM EGGLESTON","1,971","0","0","1,769","0","0","202","0","0","0","0","0"
"2026 General Primary","YORK","Governor","Statewide","Democratic","JOSH SHAPIRO","25,874","0","0","13,138","0","0","12,606","0","0","130","0","0"
"2026 General Primary","YORK","Governor","Statewide","Republican","STACY GARRITY","28,383","0","0","22,906","0","0","5,412","0","0","65","0","0"
"2026 General Primary","YORK","Lieutenant Governor","Statewide","Democratic","AUSTIN DAVIS","25,249","0","0","12,771","0","0","12,356","0","0","122","0","0"
"2026 General Primary","YORK","Lieutenant Governor","Statewide","Republican","JOHN VENTRE","8,491","0","0","6,504","0","0","1,965","0","0","22","0","0"
"2026 General Primary","YORK","Lieutenant Governor","Statewide","Republican","JASON RICHEY","20,070","0","0","16,450","0","0","3,576","0","0","44","0","0"
"2026 General Primary","YORK","Representative in Congress","10th Congressional District","Democratic","JUSTIN DOUGLAS","3,073","0","0","1,929","0","0","1,123","0","0","21","0","0"
"2026 General Primary","YORK","Representative in Congress","10th Congressional District","Democratic","JANELLE STELSON","12,377","0","0","6,079","0","0","6,233","0","0","65","0","0"
"2026 General Primary","YORK","Representative in Congress","10th Congressional District","Republican","SCOTT PERRY","14,005","0","0","11,164","0","0","2,807","0","0","34","0","0"
"2026 General Primary","YORK","Representative in Congress","11th Congressional District","Democratic","NANCY MANNION","10,239","0","0","5,126","0","0","5,073","0","0","40","0","0"
"2026 General Primary","YORK","Representative in Congress","11th Congressional District","Republican","LLOYD K SMUCKER","14,854","0","0","12,249","0","0","2,575","0","0","30","0","0"
"2026 General Primary","YORK","Senator in the General Assembly","28th Senatorial District","Democratic","THOMAS JOHNSON","13,631","0","0","6,888","0","0","6,688","0","0","55","0","0"
"2026 General Primary","YORK","Senator in the General Assembly","28th Senatorial District","Republican","KRISTIN PHILLIPS-HILL","18,101","0","0","14,653","0","0","3,413","0","0","35","0","0"
"2026 General Primary","YORK","Representative in the General Assembly","47th Legislative District","Democratic","EDWARD RITTER","3,910","0","0","1,934","0","0","1,959","0","0","17","0","0"
"2026 General Primary","YORK","Representative in the General Assembly","47th Legislative District","Republican","JOE D'ORSIE","3,818","0","0","2,945","0","0","863","0","0","10","0","0"
"2026 General Primary","YORK","Representative in the General Assembly","92nd Legislative District","Democratic","KRISTA JEAN ANDERSON","4,022","0","0","1,849","0","0","2,152","0","0","21","0","0"
"2026 General Primary","YORK","Representative in the General Assembly","92nd Legislative District","Republican","MARC ANDERSON","5,579","0","0","4,446","0","0","1,121","0","0","12","0","0"
"2026 General Primary","YORK","Representative in the General Assembly","93rd Legislative District","Democratic","MISSY BARNES","3,743","0","0","1,995","0","0","1,735","0","0","13","0","0"
"2026 General Primary","YORK","Representative in the General Assembly","93rd Legislative District","Republican","MIKE JONES","4,647","0","0","3,764","0","0","877","0","0","6","0","0"
"2026 General Primary","YORK","Representative in the General Assembly","94th Legislative District","Democratic","KONNOR JOHN-RICHARD GRIMEK","2,925","0","0","1,427","0","0","1,487","0","0","11","0","0"
"2026 General Primary","YORK","Representative in the General Assembly","94th Legislative District","Republican","WENDY FINK","4,454","0","0","3,619","0","0","827","0","0","8","0","0"
"2026 General Primary","YORK","Representative in the General Assembly","95th Legislative District","Democratic","CAROL HILL-EVANS","3,405","0","0","2,224","0","0","1,157","0","0","24","0","0"
"2026 General Primary","YORK","Representative in the General Assembly","95th Legislative District","Republican","JASMINE RIVERA","1,152","0","0","902","0","0","249","0","0","1","0","0"
"2026 General Primary","YORK","Representative in the General Assembly","169th Legislative District","Democratic","AUSTIN GRAHAM","2,984","0","0","1,432","0","0","1,543","0","0","9","0","0"
"2026 General Primary","YORK","Representative in the General Assembly","169th Legislative District","Republican","KATE A KLUNK","4,029","0","0","3,175","0","0","845","0","0","9","0","0"
"2026 General Primary","YORK","Representative in the General Assembly","196th Legislative District","Democratic","RON RUMAN","4,014","0","0","1,926","0","0","2,066","0","0","22","0","0"
"2026 General Primary","YORK","Representative in the General Assembly","196th Legislative District","Republican","GEORGE MARGETAS","5,836","0","0","4,872","0","0","950","0","0","14","0","0"
"2026 General Primary","YORK","Member of Democratic State Committee","York County (District 67)","Democratic","LISA KENNEDY","17,458","0","0","9,076","0","0","8,297","0","0","85","0","0"
"2026 General Primary","YORK","Member of Democratic State Committee","York County (District 67)","Democratic","RYAN SUPLER","12,316","0","0","6,100","0","0","6,156","0","0","60","0","0"
"2026 General Primary","YORK","Member of Democratic State Committee","York County (District 67)","Democratic","BLADE KLINE","11,464","0","0","5,891","0","0","5,515","0","0","58","0","0"
"2026 General Primary","YORK","Member of Democratic State Committee","York County (District 67)","Democratic","MELISSA ROSARIO","15,931","0","0","8,074","0","0","7,772","0","0","85","0","0"
"2026 General Primary","YORK","Member of Democratic State Committee","York County (District 67)","Democratic","KATHLEEN LUCAS","12,973","0","0","6,182","0","0","6,746","0","0","45","0","0"
"2026 General Primary","YORK","Member of Democratic State Committee","York County (District 67)","Democratic","SANDRA THOMPSON","14,778","0","0","7,328","0","0","7,399","0","0","51","0","0"
"2026 General Primary","YORK","Member of Democratic State Committee","York County (District 67)","Democratic","MATTHEW MILLER","16,019","0","0","7,649","0","0","8,303","0","0","67","0","0"
"2026 General Primary","YORK","Member of Democratic State Committee","York County (District 67)","Democratic","TANOUE ONISHI SWEENEY","9,684","0","0","5,752","0","0","3,864","0","0","68","0","0"
"2026 General Primary","YORK","Member of Democratic State Committee","York County (District 67)","Democratic","DAN ALMONEY","11,860","0","0","5,368","0","0","6,442","0","0","50","0","0"
"2026 General Primary","YORK","Member of Democratic State Committee","York County (District 67)","Democratic","CHRIS VELEZ","11,224","0","0","6,183","0","0","4,979","0","0","62","0","0"
"2026 General Primary","YORK","Member of Republican State Committee","York County (District 67)","Republican","BRANDON FERRANCE","18,850","0","0","14,964","0","0","3,839","0","0","47","0","0"
"2026 General Primary","YORK","Member of Republican State Committee","York County (District 67)","Republican","JAKE TAYLOR","19,872","0","0","15,756","0","0","4,070","0","0","46","0","0"
"2026 General Primary","YORK","Member of Republican State Committee","York County (District 67)","Republican","KATE A KLUNK","21,298","0","0","16,893","0","0","4,353","0","0","52","0","0"
"2026 General Primary","YORK","Member of Republican State Committee","York County (District 67)","Republican","CHRIS WIESMAN","19,027","0","0","15,055","0","0","3,926","0","0","46","0","0"
"2026 General Primary","YORK","Member of Republican State Committee","York County (District 67)","Republican","TIM BARKER","21,773","0","0","17,286","0","0","4,434","0","0","53","0","0"
"2026 General Primary","YORK","Member of Republican State Committee","York County (District 67)","Republican","ANDERS THOMAN","19,256","0","0","15,258","0","0","3,951","0","0","47","0","0"
"2026 General Primary","YORK","Member of Republican State Committee","York County (District 67)","Republican","GINA MYERS","20,400","0","0","16,198","0","0","4,153","0","0","49","0","0"
"2026 General Primary","YORK","Member of Republican State Committee","York County (District 67)","Republican","CHRISTOPHER DEL VECCHIO","18,745","0","0","14,850","0","0","3,850","0","0","45","0","0"
"2026 General Primary","YORK","Member of Republican State Committee","York County (District 67)","Republican","LINDA MYERS DREI","18,483","0","0","14,601","0","0","3,836","0","0","46","0","0"
"2026 General Primary","YORK","Member of Republican State Committee","York County (District 67)","Republican","REBECCA REAM WEIGLE","19,974","0","0","15,731","0","0","4,194","0","0","49","0","0"
"2026 General Primary","YORK","Member of Republican State Committee","York County (District 67)","Republican","GABRIELLE SPISAK","18,269","0","0","14,421","0","0","3,805","0","0","43","0","0"
"2026 General Primary","YORK","Member of Republican State Committee","York County (District 67)","Republican","DORA POLK","17,553","0","0","13,848","0","0","3,666","0","0","39","0","0"
"2026 General Primary","YORK","Member of Republican State Committee","York County (District 67)","Republican","ANGIE KLINE","20,117","0","0","15,959","0","0","4,108","0","0","50","0","0"
"2026 General Primary","YORK","Member of Republican State Committee","York County (District 67)","Republican","HOLLY KELLEY","19,287","0","0","15,280","0","0","3,961","0","0","46","0","0"
"2026 General Primary","YORK","Member of Republican State Committee","York County (District 67)","Republican","NICHOLAS SHIELDS","21,047","0","0","16,689","0","0","4,309","0","0","49","0","0"
