_id,line_number,contest_name,choice_name,party_name,total_votes,percent_of_votes,registered_voters,ballots_cast,total_number_of_precincts,number_of_precincts_reporting,over_votes,under_votes
1,1,REGISTERED VOTERS - Nonpartisan (Vote For 0),REGISTERED VOTERS - Nonpartisan,NON,0,0,896293,235061,1323,1323,0,0
2,2,DEM Justice of the Supreme Court (Vote For 1),Debbie Kunselman,DEM,91117,56.83,896293,235061,1324,1324,0,0
3,3,DEM Justice of the Supreme Court (Vote For 1),Daniel McCaffery,DEM,68505,42.73,896293,235061,1324,1324,0,0
4,4,DEM Justice of the Supreme Court (Vote For 1),Write-in,DEM,699,0.44,896293,235061,1324,1324,0,0
5,5,DEM Judge of the Superior Court (Vote For 2),Jill Beck,DEM,141477,57.29,896293,235061,1324,1324,0,0
6,6,DEM Judge of the Superior Court (Vote For 2),Timika Lane,DEM,72272,29.26,896293,235061,1324,1324,0,0
7,7,DEM Judge of the Superior Court (Vote For 2),Pat Dugan,DEM,32367,13.11,896293,235061,1324,1324,0,0
8,8,DEM Judge of the Superior Court (Vote For 2),Write-in,DEM,850,0.34,896293,235061,1324,1324,0,0
9,9,DEM Judge of the Commonwealth Court (Vote For 1),Bryan Neft,DEM,139717,87.43,896293,235061,1324,1324,0,0
10,10,DEM Judge of the Commonwealth Court (Vote For 1),Matt Wolf,DEM,19556,12.24,896293,235061,1324,1324,0,0
11,11,DEM Judge of the Commonwealth Court (Vote For 1),Write-in,DEM,540,0.34,896293,235061,1324,1324,0,0
12,12,DEM Judge of the Court of Common Pleas (Vote For 1),Patrick A. Sweeney,DEM,79045,48.75,896293,235061,1324,1324,0,0
13,13,DEM Judge of the Court of Common Pleas (Vote For 1),Anthony DeLuca,DEM,55813,34.42,896293,235061,1324,1324,0,0
14,14,DEM Judge of the Court of Common Pleas (Vote For 1),Andy Szefi,DEM,27071,16.69,896293,235061,1324,1324,0,0
15,15,DEM Judge of the Court of Common Pleas (Vote For 1),Write-in,DEM,227,0.14,896293,235061,1324,1324,0,0
16,16,DEM County Chief Executive (Vote For 1),Sara Innamorato,DEM,64982,37.64,896293,235061,1324,1324,0,0
17,17,DEM County Chief Executive (Vote For 1),John K. Weinstein,DEM,50935,29.51,896293,235061,1324,1324,0,0
18,18,DEM County Chief Executive (Vote For 1),Michael E. Lamb,DEM,34147,19.78,896293,235061,1324,1324,0,0
19,19,DEM County Chief Executive (Vote For 1),Dave Fawcett,DEM,16712,9.68,896293,235061,1324,1324,0,0
20,20,DEM County Chief Executive (Vote For 1),Theresa Sciulli Colaizzi,DEM,3663,2.12,896293,235061,1324,1324,0,0
21,21,DEM County Chief Executive (Vote For 1),William Parker,DEM,1961,1.14,896293,235061,1324,1324,0,0
22,22,DEM County Chief Executive (Vote For 1),Write-in,DEM,228,0.13,896293,235061,1324,1324,0,0
23,23,DEM County Treasurer (Vote For 1),Erica Rocchi Brusselars,DEM,104619,66,896293,235061,1324,1324,0,0
24,24,DEM County Treasurer (Vote For 1),Anthony Coghill,DEM,53431,33.71,896293,235061,1324,1324,0,0
25,25,DEM County Treasurer (Vote For 1),Write-in,DEM,475,0.3,896293,235061,1324,1324,0,0
26,26,DEM District Attorney (Vote For 1),Matt Dugan,DEM,94974,55.62,896293,235061,1324,1324,0,0
27,27,DEM District Attorney (Vote For 1),Steve Zappala,DEM,75575,44.26,896293,235061,1324,1324,0,0
28,28,DEM District Attorney (Vote For 1),Write-in,DEM,196,0.11,896293,235061,1324,1324,0,0
29,29,DEM County Controller (Vote For 1),Corey O'Connor,DEM,135666,81.35,896293,235061,1324,1324,0,0
30,30,DEM County Controller (Vote For 1),Darwin Leuba,DEM,30719,18.42,896293,235061,1324,1324,0,0
31,31,DEM County Controller (Vote For 1),Write-in,DEM,381,0.23,896293,235061,1324,1324,0,0
32,32,DEM County Council At-Large (Vote For 1),Bethany Hallam,DEM,89464,56.33,896293,235061,1324,1324,0,0
33,33,DEM County Council At-Large (Vote For 1),Joanna Doven,DEM,68393,43.06,896293,235061,1324,1324,0,0
34,34,DEM County Council At-Large (Vote For 1),Write-in,DEM,969,0.61,896293,235061,1324,1324,0,0
35,35,DEM County Council by District District 2 (Vote For 1),Todd Hamer,DEM,8648,98.31,71301,19711,67,67,0,0
36,36,DEM County Council by District District 2 (Vote For 1),Write-in,DEM,149,1.69,71301,19711,67,67,0,0
37,37,DEM County Council by District District 5 (Vote For 1),Dan Grzybek,DEM,12788,98.95,73310,22377,94,94,0,0
38,38,DEM County Council by District District 5 (Vote For 1),Write-in,DEM,136,1.05,73310,22377,94,94,0,0
39,39,DEM County Council by District District 6 (Vote For 1),John F. Palmiere,DEM,10104,98.93,67370,17240,98,98,0,0
40,40,DEM County Council by District District 6 (Vote For 1),Write-in,DEM,109,1.07,67370,17240,98,98,0,0
41,41,DEM County Council by District District 7 (Vote For 1),Nick Futules,DEM,11345,98.67,66652,18343,106,106,0,0
42,42,DEM County Council by District District 7 (Vote For 1),Write-in,DEM,153,1.33,66652,18343,106,106,0,0
43,43,DEM County Council by District District 10 (Vote For 1),DeWitt  Walton,DEM,5184,38.41,73159,16280,138,138,0,0
44,44,DEM County Council by District District 10 (Vote For 1),Carlos Thomas,DEM,4450,32.97,73159,16280,138,138,0,0
45,45,DEM County Council by District District 10 (Vote For 1),Eric S. Smith,DEM,3801,28.16,73159,16280,138,138,0,0
46,46,DEM County Council by District District 10 (Vote For 1),Write-in,DEM,62,0.46,73159,16280,138,138,0,0
47,47,DEM County Council by District District 11 (Vote For 1),Paul Klein,DEM,9227,61.3,71626,18830,117,117,0,0
48,48,DEM County Council by District District 11 (Vote For 1),Dennis McDermott,DEM,5761,38.28,71626,18830,117,117,0,0
49,49,DEM County Council by District District 11 (Vote For 1),Write-in,DEM,63,0.42,71626,18830,117,117,0,0
50,50,DEM County Council by District District 13 (Vote For 1),David Bonaroti,DEM,11570,96.42,71093,16871,121,121,0,0
51,51,DEM County Council by District District 13 (Vote For 1),Write-in,DEM,430,3.58,71093,16871,121,121,0,0
52,52,DEM Pittsburgh Controller (Vote For 1),Rachael Heisler,DEM,22367,48.79,222236,53070,402,402,0,0
53,53,DEM Pittsburgh Controller (Vote For 1),Mark V. DePasquale,DEM,12213,26.64,222236,53070,402,402,0,0
54,54,DEM Pittsburgh Controller (Vote For 1),Tracy Royston,DEM,11132,24.28,222236,53070,402,402,0,0
55,55,DEM Pittsburgh Controller (Vote For 1),Write-in,DEM,127,0.28,222236,53070,402,402,0,0
56,56,DEM Pittsburgh City Council District 1 (Vote For 1),Bobby Wilson,DEM,3614,78.36,24224,5652,37,37,0,0
57,57,DEM Pittsburgh City Council District 1 (Vote For 1),Steven Oberst,DEM,972,21.08,24224,5652,37,37,0,0
58,58,DEM Pittsburgh City Council District 1 (Vote For 1),Write-in,DEM,26,0.56,24224,5652,37,37,0,0
59,59,DEM Pittsburgh City Council District 3 (Vote For 1),Bob Charland,DEM,2878,97.92,25338,3828,42,42,0,0
60,60,DEM Pittsburgh City Council District 3 (Vote For 1),Write-in,DEM,61,2.08,25338,3828,42,42,0,0
61,61,DEM Pittsburgh City Council District 5 (Vote For 1),Barb Warwick,DEM,5288,76.6,24942,7898,46,46,0,0
62,62,DEM Pittsburgh City Council District 5 (Vote For 1),Laura  Brillman,DEM,1590,23.03,24942,7898,46,46,0,0
63,63,DEM Pittsburgh City Council District 5 (Vote For 1),Write-in,DEM,25,0.36,24942,7898,46,46,0,0
64,64,DEM Pittsburgh City Council District 7 (Vote For 1),Deb Gross,DEM,5112,65.56,27797,8692,45,45,0,0
65,65,DEM Pittsburgh City Council District 7 (Vote For 1),Jordan Botta,DEM,2661,34.12,27797,8692,45,45,0,0
66,66,DEM Pittsburgh City Council District 7 (Vote For 1),Write-in,DEM,25,0.32,27797,8692,45,45,0,0
67,67,DEM Pittsburgh City Council District 9 (Vote For 1),Khari Mosley,DEM,4550,70.08,26701,7176,64,64,0,0
68,68,DEM Pittsburgh City Council District 9 (Vote For 1),Khadijah Harris,DEM,1915,29.49,26701,7176,64,64,0,0
69,69,DEM Pittsburgh City Council District 9 (Vote For 1),Write-in,DEM,28,0.43,26701,7176,64,64,0,0
70,70,DEM Pittsburgh Schools District 2 (Vote For 1),Devon Taliaferro,DEM,4358,58.99,28905,8789,48,48,0,0
71,71,DEM Pittsburgh Schools District 2 (Vote For 1),Ron Sofo,DEM,3006,40.69,28905,8789,48,48,0,0
72,72,DEM Pittsburgh Schools District 2 (Vote For 1),Write-in,DEM,24,0.32,28905,8789,48,48,0,0
73,73,DEM Pittsburgh Schools District 4 (Vote For 1),Yael Silk,DEM,5380,98.5,27366,6826,35,35,0,0
74,74,DEM Pittsburgh Schools District 4 (Vote For 1),Write-in,DEM,82,1.5,27366,6826,35,35,0,0
75,75,DEM Pittsburgh Schools District 6 (Vote For 1),Emma Yourd,DEM,4252,97.88,25001,6307,49,49,0,0
76,76,DEM Pittsburgh Schools District 6 (Vote For 1),Write-in,DEM,92,2.12,25001,6307,49,49,0,0
77,77,DEM Pittsburgh Schools District 8 (Vote For 1),Dwayne Barker,DEM,3195,98.43,23668,4221,44,44,0,0
78,78,DEM Pittsburgh Schools District 8 (Vote For 1),Write-in,DEM,51,1.57,23668,4221,44,44,0,0
79,79,DEM Magisterial District Judge District 05-02-01 (Vote For 1),Tara  Smith,DEM,3036,98.7,18575,4633,21,21,0,0
80,80,DEM Magisterial District Judge District 05-02-01 (Vote For 1),Write-in,DEM,40,1.3,18575,4633,21,21,0,0
81,81,DEM Magisterial District Judge District 05-02-03 (Vote For 1),"Daniel J. Konieczka, Jr.",DEM,4767,98.86,27766,7763,46,46,0,0
82,82,DEM Magisterial District Judge District 05-02-03 (Vote For 1),Write-in,DEM,55,1.14,27766,7763,46,46,0,0
83,83,DEM Magisterial District Judge District 05-02-05 (Vote For 1),Carolyn Saldari Bengel,DEM,1632,70.41,13191,3706,23,23,0,0
84,84,DEM Magisterial District Judge District 05-02-05 (Vote For 1),Thomas A. Babinsack,DEM,683,29.47,13191,3706,23,23,0,0
85,85,DEM Magisterial District Judge District 05-02-05 (Vote For 1),Write-in,DEM,3,0.13,13191,3706,23,23,0,0
86,86,DEM Magisterial District Judge District 05-02-07 (Vote For 1),Jeffrey L.  Herbst,DEM,3302,95.43,22183,5654,28,28,0,0
87,87,DEM Magisterial District Judge District 05-02-07 (Vote For 1),Write-in,DEM,158,4.57,22183,5654,28,28,0,0
88,88,DEM Magisterial District Judge District 05-02-08 (Vote For 1),Lisa Caulfield,DEM,2197,50.72,16549,5171,26,26,0,0
89,89,DEM Magisterial District Judge District 05-02-08 (Vote For 1),Weldianne Scales,DEM,1501,34.65,16549,5171,26,26,0,0
90,90,DEM Magisterial District Judge District 05-02-08 (Vote For 1),Brooke Burchette Williams,DEM,628,14.5,16549,5171,26,26,0,0
91,91,DEM Magisterial District Judge District 05-02-08 (Vote For 1),Write-in,DEM,6,0.14,16549,5171,26,26,0,0
92,92,DEM Magisterial District Judge District 05-02-10 (Vote For 1),Iren Evans,DEM,2082,69.94,14773,3675,20,20,0,0
93,93,DEM Magisterial District Judge District 05-02-10 (Vote For 1),Todd Elliott Koger,DEM,779,26.17,14773,3675,20,20,0,0
94,94,DEM Magisterial District Judge District 05-02-10 (Vote For 1),Write-in,DEM,116,3.9,14773,3675,20,20,0,0
95,95,DEM Magisterial District Judge District 05-02-12 (Vote For 1),Eric Fischer,DEM,3060,54.56,41155,10781,37,37,0,0
96,96,DEM Magisterial District Judge District 05-02-12 (Vote For 1),Matthew J. Brungo,DEM,2532,45.15,41155,10781,37,37,0,0
97,97,DEM Magisterial District Judge District 05-02-12 (Vote For 1),Write-in,DEM,16,0.29,41155,10781,37,37,0,0
98,98,DEM Magisterial District Judge District 05-02-15 (Vote For 1),Patrick D. Campbell,DEM,2098,98.45,11084,2982,21,21,0,0
99,99,DEM Magisterial District Judge District 05-02-15 (Vote For 1),Write-in,DEM,33,1.55,11084,2982,21,21,0,0
100,100,DEM Magisterial District Judge District 05-02-16 (Vote For 1),Michael W. Thatcher,DEM,3393,98.86,24762,6596,32,32,0,0
101,101,DEM Magisterial District Judge District 05-02-16 (Vote For 1),Write-in,DEM,39,1.14,24762,6596,32,32,0,0
102,102,DEM Magisterial District Judge District 05-02-23 (Vote For 1),Jack  Kobistek,DEM,2077,98.76,13308,3129,20,20,0,0
103,103,DEM Magisterial District Judge District 05-02-23 (Vote For 1),Write-in,DEM,26,1.24,13308,3129,20,20,0,0
104,104,DEM Magisterial District Judge District 05-02-27 (Vote For 1),Nina Ricciardi,DEM,2790,98.55,25460,3525,38,38,0,0
105,105,DEM Magisterial District Judge District 05-02-27 (Vote For 1),Write-in,DEM,41,1.45,25460,3525,38,38,0,0
106,106,DEM Magisterial District Judge District 05-02-31 (Vote For 1),Kate Lovelace,DEM,2479,32.02,28256,8737,50,50,0,0
107,107,DEM Magisterial District Judge District 05-02-31 (Vote For 1),Casey P. Mullen,DEM,1923,24.84,28256,8737,50,50,0,0
108,108,DEM Magisterial District Judge District 05-02-31 (Vote For 1),Philip Roberts,DEM,1485,19.18,28256,8737,50,50,0,0
109,109,DEM Magisterial District Judge District 05-02-31 (Vote For 1),Rachel Rosnick,DEM,1397,18.04,28256,8737,50,50,0,0
110,110,DEM Magisterial District Judge District 05-02-31 (Vote For 1),Anthony Vaccarello,DEM,331,4.28,28256,8737,50,50,0,0
111,111,DEM Magisterial District Judge District 05-02-31 (Vote For 1),Richard J. McCague,DEM,79,1.02,28256,8737,50,50,0,0
112,112,DEM Magisterial District Judge District 05-02-31 (Vote For 1),Write-in,DEM,48,0.62,28256,8737,50,50,0,0
113,113,DEM Magisterial District Judge District 05-02-32 (Vote For 1),Melanie Pallone,DEM,2234,54.51,24627,7352,27,27,0,0
114,114,DEM Magisterial District Judge District 05-02-32 (Vote For 1),Matt Feldmeier,DEM,897,21.89,24627,7352,27,27,0,0
115,115,DEM Magisterial District Judge District 05-02-32 (Vote For 1),Ryan Schneiderlochner,DEM,547,13.35,24627,7352,27,27,0,0
116,116,DEM Magisterial District Judge District 05-02-32 (Vote For 1),Margareth Sweeney,DEM,403,9.83,24627,7352,27,27,0,0
117,117,DEM Magisterial District Judge District 05-02-32 (Vote For 1),Write-in,DEM,17,0.41,24627,7352,27,27,0,0
118,118,DEM Magisterial District Judge District 05-02-35 (Vote For 1),Dan Butler,DEM,9229,98.33,41580,11800,55,55,0,0
119,119,DEM Magisterial District Judge District 05-02-35 (Vote For 1),Write-in,DEM,157,1.67,41580,11800,55,55,0,0
120,120,DEM Magisterial District Judge District 05-02-36 (Vote For 1),"James J. Hanley, Jr.",DEM,2584,97.92,11856,3418,26,26,0,0
121,121,DEM Magisterial District Judge District 05-02-36 (Vote For 1),Write-in,DEM,55,2.08,11856,3418,26,26,0,0
122,122,DEM Magisterial District Judge District 05-02-43 (Vote For 1),Carla  Swearingen-Batch,DEM,3861,99.36,18012,5747,16,16,0,0
123,123,DEM Magisterial District Judge District 05-02-43 (Vote For 1),Write-in,DEM,25,0.64,18012,5747,16,16,0,0
124,124,DEM Magisterial District Judge District 05-03-02 (Vote For 1),Giuseppe  Rosselli,DEM,1575,46.07,21957,6808,25,25,0,0
125,125,DEM Magisterial District Judge District 05-03-02 (Vote For 1),Michael J. Lepore,DEM,1107,32.38,21957,6808,25,25,0,0
126,126,DEM Magisterial District Judge District 05-03-02 (Vote For 1),Glen Sovich,DEM,715,20.91,21957,6808,25,25,0,0
127,127,DEM Magisterial District Judge District 05-03-02 (Vote For 1),Write-in,DEM,22,0.64,21957,6808,25,25,0,0
128,128,DEM Magisterial District Judge District 05-03-03 (Vote For 1),Mitchell Karaica,DEM,780,50.55,7602,2530,11,11,0,0
129,129,DEM Magisterial District Judge District 05-03-03 (Vote For 1),Michael J. Girardi,DEM,754,48.87,7602,2530,11,11,0,0
130,130,DEM Magisterial District Judge District 05-03-03 (Vote For 1),Write-in,DEM,9,0.58,7602,2530,11,11,0,0
131,131,DEM Magisterial District Judge District 05-03-06 (Vote For 1),Bruce J. Boni,DEM,961,97.86,7527,1376,18,18,0,0
132,132,DEM Magisterial District Judge District 05-03-06 (Vote For 1),Write-in,DEM,21,2.14,7527,1376,18,18,0,0
133,133,DEM Magisterial District Judge District 05-03-14 (Vote For 1),Richard King,DEM,2829,97.52,19733,3864,40,40,0,0
134,134,DEM Magisterial District Judge District 05-03-14 (Vote For 1),Write-in,DEM,72,2.48,19733,3864,40,40,0,0
135,135,DEM School Director Allegheny Valley (Vote For 5),Amy Sarno,DEM,871,18.11,6814,2346,10,10,0,0
136,136,DEM School Director Allegheny Valley (Vote For 5),Paula Jean Moretti,DEM,841,17.48,6814,2346,10,10,0,0
137,137,DEM School Director Allegheny Valley (Vote For 5),Nicole L. Paulovich,DEM,761,15.82,6814,2346,10,10,0,0
138,138,DEM School Director Allegheny Valley (Vote For 5),Glenna L. Renaldi,DEM,726,15.09,6814,2346,10,10,0,0
139,139,DEM School Director Allegheny Valley (Vote For 5),Kathleen J. Haas,DEM,644,13.39,6814,2346,10,10,0,0
140,140,DEM School Director Allegheny Valley (Vote For 5),Colleen Crumb,DEM,536,11.14,6814,2346,10,10,0,0
141,141,DEM School Director Allegheny Valley (Vote For 5),James Schiemer,DEM,385,8,6814,2346,10,10,0,0
142,142,DEM School Director Allegheny Valley (Vote For 5),Write-in,DEM,46,0.96,6814,2346,10,10,0,0
143,143,DEM School Director Allegheny Valley (Vote For 1),Write-in,DEM,150,100,6814,2346,10,10,0,0
144,144,DEM School Director Avonworth (Vote For 5),Yuling Cheng,DEM,1238,21.18,9518,2582,9,9,0,0
145,145,DEM School Director Avonworth (Vote For 5),Danielle White,DEM,1152,19.71,9518,2582,9,9,0,0
146,146,DEM School Director Avonworth (Vote For 5),John Brandt,DEM,1144,19.57,9518,2582,9,9,0,0
147,147,DEM School Director Avonworth (Vote For 5),Jenna Paulat,DEM,1142,19.53,9518,2582,9,9,0,0
148,148,DEM School Director Avonworth (Vote For 5),Nora Silvey,DEM,1141,19.52,9518,2582,9,9,0,0
149,149,DEM School Director Avonworth (Vote For 5),Write-in,DEM,29,0.5,9518,2582,9,9,0,0
150,150,DEM School Director Baldwin Whitehall (Vote For 5),Janice Tarson,DEM,2959,18.23,27567,7348,38,38,0,0
151,151,DEM School Director Baldwin Whitehall (Vote For 5),Anthony J. DiCesaro,DEM,2566,15.81,27567,7348,38,38,0,0
152,152,DEM School Director Baldwin Whitehall (Vote For 5),Peter D. Giglione,DEM,2543,15.66,27567,7348,38,38,0,0
153,153,DEM School Director Baldwin Whitehall (Vote For 5),John Bell,DEM,2277,14.03,27567,7348,38,38,0,0
154,154,DEM School Director Baldwin Whitehall (Vote For 5),Dan Knezevich,DEM,2153,13.26,27567,7348,38,38,0,0
155,155,DEM School Director Baldwin Whitehall (Vote For 5),Robert Achtzehn,DEM,2066,12.73,27567,7348,38,38,0,0
156,156,DEM School Director Baldwin Whitehall (Vote For 5),Erik Spratt,DEM,1581,9.74,27567,7348,38,38,0,0
157,157,DEM School Director Baldwin Whitehall (Vote For 5),Write-in,DEM,90,0.55,27567,7348,38,38,0,0
158,158,DEM School Director Bethel Park (Vote For 5),Liz Avon,DEM,2510,13.84,25848,7684,29,29,0,0
159,159,DEM School Director Bethel Park (Vote For 5),Danielle Gosnell,DEM,2488,13.72,25848,7684,29,29,0,0
160,160,DEM School Director Bethel Park (Vote For 5),Kimberly Walsh Turner,DEM,2073,11.43,25848,7684,29,29,0,0
161,161,DEM School Director Bethel Park (Vote For 5),James H. Modrak,DEM,2014,11.11,25848,7684,29,29,0,0
162,162,DEM School Director Bethel Park (Vote For 5),Darren McGregor,DEM,1964,10.83,25848,7684,29,29,0,0
163,163,DEM School Director Bethel Park (Vote For 5),Andy  Cronican,DEM,1807,9.97,25848,7684,29,29,0,0
164,164,DEM School Director Bethel Park (Vote For 5),Barry Christenson,DEM,1770,9.76,25848,7684,29,29,0,0
165,165,DEM School Director Bethel Park (Vote For 5),Damian Werts,DEM,1744,9.62,25848,7684,29,29,0,0
166,166,DEM School Director Bethel Park (Vote For 5),Vincent Scalzo,DEM,1701,9.38,25848,7684,29,29,0,0
167,167,DEM School Director Bethel Park (Vote For 5),Write-in,DEM,61,0.34,25848,7684,29,29,0,0
168,168,DEM School Director Brentwood (Vote For 5),"Robert F. Kircher, Jr.",DEM,689,21.88,6509,1363,10,10,0,0
169,169,DEM School Director Brentwood (Vote For 5),David Schaap,DEM,635,20.17,6509,1363,10,10,0,0
170,170,DEM School Director Brentwood (Vote For 5),Richard H. Briner,DEM,607,19.28,6509,1363,10,10,0,0
171,171,DEM School Director Brentwood (Vote For 5),Roger E. Gaughan,DEM,605,19.21,6509,1363,10,10,0,0
172,172,DEM School Director Brentwood (Vote For 5),"David S. Tinker, II",DEM,581,18.45,6509,1363,10,10,0,0
173,173,DEM School Director Brentwood (Vote For 5),Write-in,DEM,32,1.02,6509,1363,10,10,0,0
174,174,DEM School Director Carlynton (Vote For 5),Kelly Ann Zaletski,DEM,1199,22.69,10041,2272,15,15,0,0
175,175,DEM School Director Carlynton (Vote For 5),Jim Schriver,DEM,1006,19.04,10041,2272,15,15,0,0
176,176,DEM School Director Carlynton (Vote For 5),Derek Luke,DEM,955,18.07,10041,2272,15,15,0,0
177,177,DEM School Director Carlynton (Vote For 5),Joseph C. Appel,DEM,947,17.92,10041,2272,15,15,0,0
178,178,DEM School Director Carlynton (Vote For 5),George Honchar,DEM,937,17.73,10041,2272,15,15,0,0
179,179,DEM School Director Carlynton (Vote For 5),Write-in,DEM,240,4.54,10041,2272,15,15,0,0
180,180,DEM School Director Chartiers Valley (Vote For 5),Kate Drury,DEM,2084,15.08,22319,6100,29,29,0,0
181,181,DEM School Director Chartiers Valley (Vote For 5),Jeff Choura,DEM,1976,14.3,22319,6100,29,29,0,0
182,182,DEM School Director Chartiers Valley (Vote For 5),Sonja P. Svihla,DEM,1881,13.61,22319,6100,29,29,0,0
183,183,DEM School Director Chartiers Valley (Vote For 5),Louise F. Huehn,DEM,1678,12.15,22319,6100,29,29,0,0
184,184,DEM School Director Chartiers Valley (Vote For 5),Darren G. Mariano,DEM,1675,12.12,22319,6100,29,29,0,0
185,185,DEM School Director Chartiers Valley (Vote For 5),Robert Kearney,DEM,1644,11.9,22319,6100,29,29,0,0
186,186,DEM School Director Chartiers Valley (Vote For 5),Priscilla Tarr,DEM,1483,10.73,22319,6100,29,29,0,0
187,187,DEM School Director Chartiers Valley (Vote For 5),Ed Brosky,DEM,1322,9.57,22319,6100,29,29,0,0
188,188,DEM School Director Chartiers Valley (Vote For 5),Write-in,DEM,73,0.53,22319,6100,29,29,0,0
189,189,DEM School Director Clairton At-Large (Vote For 1),Felix Fusco,DEM,631,97.38,3913,863,12,12,0,0
190,190,DEM School Director Clairton At-Large (Vote For 1),Write-in,DEM,17,2.62,3913,863,12,12,0,0
191,191,DEM School Director Clairton Region 1 (Vote For 1),Jeffery Potts,DEM,101,54.3,1015,240,3,3,0,0
192,192,DEM School Director Clairton Region 1 (Vote For 1),Kathy Santoline,DEM,83,44.62,1015,240,3,3,0,0
193,193,DEM School Director Clairton Region 1 (Vote For 1),Write-in,DEM,2,1.08,1015,240,3,3,0,0
194,194,DEM School Director Clairton Region 2 (Vote For 1),Rikell Ford,DEM,109,97.32,758,147,3,3,0,0
195,195,DEM School Director Clairton Region 2 (Vote For 1),Write-in,DEM,3,2.68,758,147,3,3,0,0
196,196,DEM School Director Clairton Region 3 (Vote For 1),Jawanna Warren,DEM,138,97.87,1055,206,3,3,0,0
197,197,DEM School Director Clairton Region 3 (Vote For 1),Write-in,DEM,3,2.13,1055,206,3,3,0,0
198,198,DEM School Director Clairton Region 4 (Vote For 1),Roger Tachoir,DEM,190,96.45,1085,270,3,3,0,0
199,199,DEM School Director Clairton Region 4 (Vote For 1),Write-in,DEM,7,3.55,1085,270,3,3,0,0
200,200,DEM School Director Clairton Region 4 (Vote For 1),Kailon P. Lyons,DEM,145,65.02,1085,270,3,3,0,0
201,201,DEM School Director Clairton Region 4 (Vote For 1),Marie E. Sopko,DEM,78,34.98,1085,270,3,3,0,0
202,202,DEM School Director Clairton Region 4 (Vote For 1),Write-in,DEM,0,0,1085,270,3,3,0,0
203,203,DEM School Director Cornell (Vote For 5),Karen K. Murphy,DEM,594,24.26,4416,1093,10,10,0,0
204,204,DEM School Director Cornell (Vote For 5),Mark  Cavicchia,DEM,495,20.22,4416,1093,10,10,0,0
205,205,DEM School Director Cornell (Vote For 5),Michael S. Griffith,DEM,473,19.32,4416,1093,10,10,0,0
206,206,DEM School Director Cornell (Vote For 5),Catherine G. Cocco,DEM,442,18.06,4416,1093,10,10,0,0
207,207,DEM School Director Cornell (Vote For 5),Caryn Code,DEM,421,17.2,4416,1093,10,10,0,0
208,208,DEM School Director Cornell (Vote For 5),Write-in,DEM,23,0.94,4416,1093,10,10,0,0
209,209,DEM School Director Cornell (Vote For 1),Scott Spencer,DEM,689,98.71,4416,1093,10,10,0,0
210,210,DEM School Director Cornell (Vote For 1),Write-in,DEM,9,1.29,4416,1093,10,10,0,0
211,211,DEM School Director Deer Lakes (Vote For 5),Cristy McCloskey,DEM,1120,21.48,10241,2790,11,11,0,0
212,212,DEM School Director Deer Lakes (Vote For 5),Susan  Claus,DEM,910,17.45,10241,2790,11,11,0,0
213,213,DEM School Director Deer Lakes (Vote For 5),Larry Neidig,DEM,742,14.23,10241,2790,11,11,0,0
214,214,DEM School Director Deer Lakes (Vote For 5),James Calvert,DEM,739,14.17,10241,2790,11,11,0,0
215,215,DEM School Director Deer Lakes (Vote For 5),Phillip Ziendarski,DEM,642,12.31,10241,2790,11,11,0,0
216,216,DEM School Director Deer Lakes (Vote For 5),Pietro Giuseppe Porco,DEM,635,12.18,10241,2790,11,11,0,0
217,217,DEM School Director Deer Lakes (Vote For 5),"Leonard Verdetto, III",DEM,397,7.61,10241,2790,11,11,0,0
218,218,DEM School Director Deer Lakes (Vote For 5),Write-in,DEM,29,0.56,10241,2790,11,11,0,0
219,219,DEM School Director Duquesne (Vote For 5),Sonya Gooden,DEM,354,27.27,3273,562,10,10,0,0
220,220,DEM School Director Duquesne (Vote For 5),Calvina Harris,DEM,323,24.88,3273,562,10,10,0,0
221,221,DEM School Director Duquesne (Vote For 5),Cedric F. Robertson,DEM,269,20.72,3273,562,10,10,0,0
222,222,DEM School Director Duquesne (Vote For 5),Burton Comensky,DEM,237,18.26,3273,562,10,10,0,0
223,223,DEM School Director Duquesne (Vote For 5),Write-in,DEM,115,8.86,3273,562,10,10,0,0
224,224,DEM School Director East Allegheny Region 1 (Vote For 1),Tisha Thomas,DEM,152,100,818,185,2,2,0,0
225,225,DEM School Director East Allegheny Region 1 (Vote For 1),Write-in,DEM,0,0,818,185,2,2,0,0
226,226,DEM School Director East Allegheny Region 5 (Vote For 1),"George Yusko, Jr.",DEM,195,97.01,1153,290,2,2,0,0
227,227,DEM School Director East Allegheny Region 5 (Vote For 1),Write-in,DEM,6,2.99,1153,290,2,2,0,0
228,228,DEM School Director East Allegheny Region 6 (Vote For 1),Daniel Ziober,DEM,142,100,901,215,2,2,0,0
229,229,DEM School Director East Allegheny Region 6 (Vote For 1),Write-in,DEM,0,0,901,215,2,2,0,0
230,230,DEM School Director East Allegheny Region 8 (Vote For 1),"John Paul Savinda, Jr.",DEM,120,100,871,190,2,2,0,0
231,231,DEM School Director East Allegheny Region 8 (Vote For 1),Write-in,DEM,0,0,871,190,2,2,0,0
232,232,DEM School Director East Allegheny Region 9 (Vote For 1),Merle Wayne Pusey,DEM,92,98.92,865,138,2,2,0,0
233,233,DEM School Director East Allegheny Region 9 (Vote For 1),Write-in,DEM,1,1.08,865,138,2,2,0,0
234,234,DEM School Director Elizabeth Forward (Vote For 5),Megan K. Ferraro,DEM,1183,27.94,11872,3133,16,16,0,0
235,235,DEM School Director Elizabeth Forward (Vote For 5),Thomas J. Sharkey,DEM,962,22.72,11872,3133,16,16,0,0
236,236,DEM School Director Elizabeth Forward (Vote For 5),Keith Balint,DEM,943,22.27,11872,3133,16,16,0,0
237,237,DEM School Director Elizabeth Forward (Vote For 5),Scott Henry,DEM,884,20.88,11872,3133,16,16,0,0
238,238,DEM School Director Elizabeth Forward (Vote For 5),Write-in,DEM,262,6.19,11872,3133,16,16,0,0
239,239,DEM School Director Fort Cherry (Vote For 5),Jodi Nation McKay,DEM,20,37.74,217,40,1,1,0,0
240,240,DEM School Director Fort Cherry (Vote For 5),Juliann Sepesy,DEM,17,32.08,217,40,1,1,0,0
241,241,DEM School Director Fort Cherry (Vote For 5),Amanda Lynn Herforth,DEM,15,28.3,217,40,1,1,0,0
242,242,DEM School Director Fort Cherry (Vote For 5),Write-in,DEM,1,1.89,217,40,1,1,0,0
243,243,DEM School Director Fox Chapel Region 1 (Vote For 2),Catherine Findley,DEM,954,53.99,6197,1861,9,9,0,0
244,244,DEM School Director Fox Chapel Region 1 (Vote For 2),Eric Hamilton,DEM,789,44.65,6197,1861,9,9,0,0
245,245,DEM School Director Fox Chapel Region 1 (Vote For 2),Write-in,DEM,24,1.36,6197,1861,9,9,0,0
246,246,DEM School Director Fox Chapel Region 2 (Vote For 2),Vanessa Lynch,DEM,978,51.15,8420,2163,8,8,0,0
247,247,DEM School Director Fox Chapel Region 2 (Vote For 2),Ronald P. Frank,DEM,919,48.06,8420,2163,8,8,0,0
248,248,DEM School Director Fox Chapel Region 2 (Vote For 2),Write-in,DEM,15,0.78,8420,2163,8,8,0,0
249,249,DEM School Director Fox Chapel Region 3 (Vote For 1),Marybeth Dadd,DEM,1569,98.93,8006,2608,10,10,0,0
250,250,DEM School Director Fox Chapel Region 3 (Vote For 1),Write-in,DEM,17,1.07,8006,2608,10,10,0,0
251,251,DEM School Director Gateway (Vote For 5),Susan DeLaney,DEM,2268,17.05,22183,5654,28,28,0,0
252,252,DEM School Director Gateway (Vote For 5),Valerie Warning,DEM,2076,15.6,22183,5654,28,28,0,0
253,253,DEM School Director Gateway (Vote For 5),Donna Burns,DEM,1863,14,22183,5654,28,28,0,0
254,254,DEM School Director Gateway (Vote For 5),John Ritter,DEM,1504,11.3,22183,5654,28,28,0,0
255,255,DEM School Director Gateway (Vote For 5),Cheryl E. Boise,DEM,1459,10.97,22183,5654,28,28,0,0
256,256,DEM School Director Gateway (Vote For 5),Kelly Matrazzo,DEM,1425,10.71,22183,5654,28,28,0,0
257,257,DEM School Director Gateway (Vote For 5),Janette I. Beighel,DEM,1304,9.8,22183,5654,28,28,0,0
258,258,DEM School Director Gateway (Vote For 5),George  Lapcevich,DEM,1286,9.67,22183,5654,28,28,0,0
259,259,DEM School Director Gateway (Vote For 5),Write-in,DEM,120,0.9,22183,5654,28,28,0,0
260,260,DEM School Director Gateway (Vote For 1),John M. Bova,DEM,3122,98.55,22183,5654,28,28,0,0
261,261,DEM School Director Gateway (Vote For 1),Write-in,DEM,46,1.45,22183,5654,28,28,0,0
262,262,DEM School Director Hampton (Vote For 5),Trisha Marie Webb,DEM,1673,19.59,14156,3728,13,13,0,0
263,263,DEM School Director Hampton (Vote For 5),Matthew A. Jarrell,DEM,1450,16.98,14156,3728,13,13,0,0
264,264,DEM School Director Hampton (Vote For 5),Robert J. Shages,DEM,1392,16.3,14156,3728,13,13,0,0
265,265,DEM School Director Hampton (Vote For 5),Maureen Farrell Perkins,DEM,1105,12.94,14156,3728,13,13,0,0
266,266,DEM School Director Hampton (Vote For 5),Joy Midgley,DEM,1071,12.54,14156,3728,13,13,0,0
267,267,DEM School Director Hampton (Vote For 5),"Byron P. Hannah, II",DEM,1027,12.03,14156,3728,13,13,0,0
268,268,DEM School Director Hampton (Vote For 5),Jenny L. Kennedy,DEM,796,9.32,14156,3728,13,13,0,0
269,269,DEM School Director Hampton (Vote For 5),Write-in,DEM,24,0.28,14156,3728,13,13,0,0
270,270,DEM School Director Highlands Region 1 (Vote For 2),Jenny Bosak,DEM,228,30.4,3882,885,7,7,0,0
271,271,DEM School Director Highlands Region 1 (Vote For 2),Christa Jones,DEM,178,23.73,3882,885,7,7,0,0
272,272,DEM School Director Highlands Region 1 (Vote For 2),Justin Kipp,DEM,174,23.2,3882,885,7,7,0,0
273,273,DEM School Director Highlands Region 1 (Vote For 2),Gene Witt,DEM,162,21.6,3882,885,7,7,0,0
274,274,DEM School Director Highlands Region 1 (Vote For 2),Write-in,DEM,8,1.07,3882,885,7,7,0,0
275,275,DEM School Director Highlands Region 2 (Vote For 1),Autumn M. Monaghan,DEM,345,59.69,3451,943,7,7,0,0
276,276,DEM School Director Highlands Region 2 (Vote For 1),Alan Winter,DEM,224,38.75,3451,943,7,7,0,0
277,277,DEM School Director Highlands Region 2 (Vote For 1),Write-in,DEM,9,1.56,3451,943,7,7,0,0
278,278,DEM School Director Highlands Region 3 (Vote For 2),Kristie J. Babinsack,DEM,521,34.25,4981,1644,7,7,0,0
279,279,DEM School Director Highlands Region 3 (Vote For 2),Elijah Majocha,DEM,386,25.38,4981,1644,7,7,0,0
280,280,DEM School Director Highlands Region 3 (Vote For 2),Misty D. Chybrzynski Woody,DEM,319,20.97,4981,1644,7,7,0,0
281,281,DEM School Director Highlands Region 3 (Vote For 2),Laura Butler,DEM,274,18.01,4981,1644,7,7,0,0
282,282,DEM School Director Highlands Region 3 (Vote For 2),Write-in,DEM,21,1.38,4981,1644,7,7,0,0
283,283,DEM School Director Keystone Oaks Region 1 (Vote For 1),Raeann Lindsey,DEM,628,69.93,5947,1418,8,8,0,0
284,284,DEM School Director Keystone Oaks Region 1 (Vote For 1),Paul Gromek,DEM,263,29.29,5947,1418,8,8,0,0
285,285,DEM School Director Keystone Oaks Region 1 (Vote For 1),Write-in,DEM,7,0.78,5947,1418,8,8,0,0
286,286,DEM School Director Keystone Oaks Region 2 (Vote For 2),Tamara Donahue,DEM,1059,57.06,6196,1644,10,10,0,0
287,287,DEM School Director Keystone Oaks Region 2 (Vote For 2),Ian R. Wilson,DEM,784,42.24,6196,1644,10,10,0,0
288,288,DEM School Director Keystone Oaks Region 2 (Vote For 2),Write-in,DEM,13,0.7,6196,1644,10,10,0,0
289,289,DEM School Director Keystone Oaks Region 3 (Vote For 2),Theresa Lydon,DEM,563,53.16,3700,1020,4,4,0,0
290,290,DEM School Director Keystone Oaks Region 3 (Vote For 2),Thomas LaPorte,DEM,492,46.46,3700,1020,4,4,0,0
291,291,DEM School Director Keystone Oaks Region 3 (Vote For 2),Write-in,DEM,4,0.38,3700,1020,4,4,0,0
292,292,DEM School Director McKeesport Area (Vote For 5),Mark Holtzman,DEM,1633,11.83,18740,5101,45,45,0,0
293,293,DEM School Director McKeesport Area (Vote For 5),James Brown,DEM,1457,10.56,18740,5101,45,45,0,0
294,294,DEM School Director McKeesport Area (Vote For 5),Diane Elias,DEM,1370,9.93,18740,5101,45,45,0,0
295,295,DEM School Director McKeesport Area (Vote For 5),Matthew Keller,DEM,1131,8.2,18740,5101,45,45,0,0
296,296,DEM School Director McKeesport Area (Vote For 5),Jason Pavlecic,DEM,1078,7.81,18740,5101,45,45,0,0
297,297,DEM School Director McKeesport Area (Vote For 5),Thomas Filotei,DEM,1048,7.59,18740,5101,45,45,0,0
298,298,DEM School Director McKeesport Area (Vote For 5),David Seropian,DEM,1037,7.51,18740,5101,45,45,0,0
299,299,DEM School Director McKeesport Area (Vote For 5),Joe Lopretto,DEM,1020,7.39,18740,5101,45,45,0,0
300,300,DEM School Director McKeesport Area (Vote For 5),Tiffany Wampler,DEM,1014,7.35,18740,5101,45,45,0,0
301,301,DEM School Director McKeesport Area (Vote For 5),Cameron L. Preston,DEM,981,7.11,18740,5101,45,45,0,0
302,302,DEM School Director McKeesport Area (Vote For 5),Matthew Mols,DEM,929,6.73,18740,5101,45,45,0,0
303,303,DEM School Director McKeesport Area (Vote For 5),Nikita Crumb,DEM,698,5.06,18740,5101,45,45,0,0
304,304,DEM School Director McKeesport Area (Vote For 5),Jeffery Anderson,DEM,351,2.54,18740,5101,45,45,0,0
305,305,DEM School Director McKeesport Area (Vote For 5),Write-in,DEM,53,0.38,18740,5101,45,45,0,0
306,306,DEM School Director Montour Region 1 (Vote For 2),Mark Rippole,DEM,873,50.52,6606,1720,7,7,0,0
307,307,DEM School Director Montour Region 1 (Vote For 2),Thomas Barclay,DEM,842,48.73,6606,1720,7,7,0,0
308,308,DEM School Director Montour Region 1 (Vote For 2),Write-in,DEM,13,0.75,6606,1720,7,7,0,0
309,309,DEM School Director Montour Region 2 (Vote For 3),Mary Ellen Moore,DEM,1474,34.18,8110,2694,7,7,0,0
310,310,DEM School Director Montour Region 2 (Vote For 3),Mark Hutter,DEM,1409,32.68,8110,2694,7,7,0,0
311,311,DEM School Director Montour Region 2 (Vote For 3),Ken Barth,DEM,1398,32.42,8110,2694,7,7,0,0
312,312,DEM School Director Montour Region 2 (Vote For 3),Write-in,DEM,31,0.72,8110,2694,7,7,0,0
313,313,DEM School Director Moon Area (Vote For 5),Sarah Simmons,DEM,1984,22.78,19859,4662,15,15,0,0
314,314,DEM School Director Moon Area (Vote For 5),Bryan Seybert,DEM,1600,18.37,19859,4662,15,15,0,0
315,315,DEM School Director Moon Area (Vote For 5),Kristin Sainovich,DEM,1167,13.4,19859,4662,15,15,0,0
316,316,DEM School Director Moon Area (Vote For 5),Crystal Barr,DEM,1141,13.1,19859,4662,15,15,0,0
317,317,DEM School Director Moon Area (Vote For 5),Adam Gill,DEM,1033,11.86,19859,4662,15,15,0,0
318,318,DEM School Director Moon Area (Vote For 5),Bob Zieger,DEM,892,10.24,19859,4662,15,15,0,0
319,319,DEM School Director Moon Area (Vote For 5),David White,DEM,805,9.24,19859,4662,15,15,0,0
320,320,DEM School Director Moon Area (Vote For 5),Write-in,DEM,88,1.01,19859,4662,15,15,0,0
321,321,DEM School Director Mt. Lebanon (Vote For 5),Eva Gelman,DEM,4577,18.56,25866,8625,38,38,0,0
322,322,DEM School Director Mt. Lebanon (Vote For 5),Valerie Fleisher,DEM,4545,18.43,25866,8625,38,38,0,0
323,323,DEM School Director Mt. Lebanon (Vote For 5),Brenna Crable,DEM,4405,17.86,25866,8625,38,38,0,0
324,324,DEM School Director Mt. Lebanon (Vote For 5),Todd Hoffman,DEM,4188,16.98,25866,8625,38,38,0,0
325,325,DEM School Director Mt. Lebanon (Vote For 5),Jacob Wyland,DEM,4146,16.81,25866,8625,38,38,0,0
326,326,DEM School Director Mt. Lebanon (Vote For 5),Dana M. DiDonato,DEM,1582,6.42,25866,8625,38,38,0,0
327,327,DEM School Director Mt. Lebanon (Vote For 5),Ben Webster,DEM,1096,4.44,25866,8625,38,38,0,0
328,328,DEM School Director Mt. Lebanon (Vote For 5),Write-in,DEM,120,0.49,25866,8625,38,38,0,0
329,329,DEM School Director Mt. Lebanon (Vote For 1),Melinda Berdyck,DEM,4696,85.04,25866,8625,38,38,0,0
330,330,DEM School Director Mt. Lebanon (Vote For 1),Jordon McMichael,DEM,801,14.51,25866,8625,38,38,0,0
331,331,DEM School Director Mt. Lebanon (Vote For 1),Write-in,DEM,25,0.45,25866,8625,38,38,0,0
332,332,DEM School Director North Allegheny (Vote For 5),Elizabeth Warner,DEM,4872,17.12,41270,11429,38,38,0,0
333,333,DEM School Director North Allegheny (Vote For 5),Anisha Shah,DEM,4716,16.57,41270,11429,38,38,0,0
334,334,DEM School Director North Allegheny (Vote For 5),Bob Gibbs,DEM,4594,16.14,41270,11429,38,38,0,0
335,335,DEM School Director North Allegheny (Vote For 5),Jaime Martinez,DEM,4517,15.87,41270,11429,38,38,0,0
336,336,DEM School Director North Allegheny (Vote For 5),Sylvana Bonner,DEM,4512,15.85,41270,11429,38,38,0,0
337,337,DEM School Director North Allegheny (Vote For 5),Libby Blackburn,DEM,1279,4.49,41270,11429,38,38,0,0
338,338,DEM School Director North Allegheny (Vote For 5),Kate Matz,DEM,1045,3.67,41270,11429,38,38,0,0
339,339,DEM School Director North Allegheny (Vote For 5),Marcie Crow,DEM,1001,3.52,41270,11429,38,38,0,0
340,340,DEM School Director North Allegheny (Vote For 5),Mike Weniger,DEM,987,3.47,41270,11429,38,38,0,0
341,341,DEM School Director North Allegheny (Vote For 5),Janet Redwing Sidor,DEM,864,3.04,41270,11429,38,38,0,0
342,342,DEM School Director North Allegheny (Vote For 5),Write-in,DEM,75,0.26,41270,11429,38,38,0,0
343,343,DEM School Director North Hills (Vote For 5),Helen D. Spade,DEM,2676,12.63,28537,8265,40,40,0,0
344,344,DEM School Director North Hills (Vote For 5),Phil Little,DEM,2645,12.48,28537,8265,40,40,0,0
345,345,DEM School Director North Hills (Vote For 5),Rachael Rennebeck,DEM,2414,11.39,28537,8265,40,40,0,0
346,346,DEM School Director North Hills (Vote For 5),Ashley Stephens,DEM,2172,10.25,28537,8265,40,40,0,0
347,347,DEM School Director North Hills (Vote For 5),Samantha Ellwood,DEM,2160,10.19,28537,8265,40,40,0,0
348,348,DEM School Director North Hills (Vote For 5),Deanna Philpott,DEM,2150,10.15,28537,8265,40,40,0,0
349,349,DEM School Director North Hills (Vote For 5),Dana Merlino,DEM,1451,6.85,28537,8265,40,40,0,0
350,350,DEM School Director North Hills (Vote For 5),April Lynn Casey,DEM,1441,6.8,28537,8265,40,40,0,0
351,351,DEM School Director North Hills (Vote For 5),"John C. Hoffman, Jr.",DEM,1369,6.46,28537,8265,40,40,0,0
352,352,DEM School Director North Hills (Vote For 5),Kathryn Poniatowski,DEM,1361,6.42,28537,8265,40,40,0,0
353,353,DEM School Director North Hills (Vote For 5),Traci L. Brown,DEM,1288,6.08,28537,8265,40,40,0,0
354,354,DEM School Director North Hills (Vote For 5),Write-in,DEM,64,0.3,28537,8265,40,40,0,0
355,355,DEM School Director Northgate (Vote For 5),Katrina Eames,DEM,1057,21.18,9057,2051,12,12,0,0
356,356,DEM School Director Northgate (Vote For 5),Wendi Lee,DEM,1003,20.1,9057,2051,12,12,0,0
357,357,DEM School Director Northgate (Vote For 5),Abigail Marx,DEM,972,19.48,9057,2051,12,12,0,0
358,358,DEM School Director Northgate (Vote For 5),Michael Rajakovic,DEM,970,19.44,9057,2051,12,12,0,0
359,359,DEM School Director Northgate (Vote For 5),William Bergmann,DEM,947,18.98,9057,2051,12,12,0,0
360,360,DEM School Director Northgate (Vote For 5),Write-in,DEM,41,0.82,9057,2051,12,12,0,0
361,361,DEM School Director Northgate (Vote For 1),Laura Pollanen,DEM,1305,99.01,9057,2051,12,12,0,0
362,362,DEM School Director Northgate (Vote For 1),Write-in,DEM,13,0.99,9057,2051,12,12,0,0
363,363,DEM School Director Norwin (Vote For 5),Matt Thomas,DEM,2,22.22,1257,352,2,2,0,0
364,364,DEM School Director Norwin (Vote For 5),Thomas Ryan,DEM,1,11.11,1257,352,2,2,0,0
365,365,DEM School Director Norwin (Vote For 5),Lynda Funk,DEM,1,11.11,1257,352,2,2,0,0
366,366,DEM School Director Norwin (Vote For 5),Tammy Moreno,DEM,1,11.11,1257,352,2,2,0,0
367,367,DEM School Director Norwin (Vote For 5),"Tim Kotch, Sr.",DEM,1,11.11,1257,352,2,2,0,0
368,368,DEM School Director Norwin (Vote For 5),Heath Shrum,DEM,1,11.11,1257,352,2,2,0,0
369,369,DEM School Director Norwin (Vote For 5),Robert Wayman,DEM,1,11.11,1257,352,2,2,0,0
370,370,DEM School Director Norwin (Vote For 5),Nina Totin,DEM,1,11.11,1257,352,2,2,0,0
371,371,DEM School Director Norwin (Vote For 5),Dale Weisensee,DEM,0,0,1257,352,2,2,0,0
372,372,DEM School Director Norwin (Vote For 5),Bill Bojalad,DEM,0,0,1257,352,2,2,0,0
373,373,DEM School Director Norwin (Vote For 5),Write-in,DEM,0,0,1257,352,2,2,0,0
374,374,DEM School Director Penn Hills (Vote For 5),Jackie Blakey-Tate,DEM,3538,18.31,29789,7183,50,50,0,0
375,375,DEM School Director Penn Hills (Vote For 5),Heather Broman,DEM,3293,17.04,29789,7183,50,50,0,0
376,376,DEM School Director Penn Hills (Vote For 5),Erin Vecchio,DEM,2870,14.85,29789,7183,50,50,0,0
377,377,DEM School Director Penn Hills (Vote For 5),Devon Goetze,DEM,2568,13.29,29789,7183,50,50,0,0
378,378,DEM School Director Penn Hills (Vote For 5),Robert A. Marra,DEM,2440,12.63,29789,7183,50,50,0,0
379,379,DEM School Director Penn Hills (Vote For 5),Meryl R. Thomas,DEM,2397,12.4,29789,7183,50,50,0,0
380,380,DEM School Director Penn Hills (Vote For 5),Larry Choby,DEM,2156,11.16,29789,7183,50,50,0,0
381,381,DEM School Director Penn Hills (Vote For 5),Write-in,DEM,61,0.32,29789,7183,50,50,0,0
382,382,DEM School Director Penn-Trafford (Vote For 2),Scott Koscho,DEM,5,55.56,54,10,1,1,0,0
383,383,DEM School Director Penn-Trafford (Vote For 2),Nick A. Petrucci,DEM,4,44.44,54,10,1,1,0,0
384,384,DEM School Director Penn-Trafford (Vote For 2),Write-in,DEM,0,0,54,10,1,1,0,0
385,385,DEM School Director Pine Richland Region 1 (Vote For 2),Ashley Fortier,DEM,638,56.71,7313,1553,5,5,0,0
386,386,DEM School Director Pine Richland Region 1 (Vote For 2),Heather Curtin,DEM,471,41.87,7313,1553,5,5,0,0
387,387,DEM School Director Pine Richland Region 1 (Vote For 2),Write-in,DEM,16,1.42,7313,1553,5,5,0,0
388,388,DEM School Director Pine Richland Region 2 (Vote For 1),Russell Patterson,DEM,566,65.13,6853,1813,6,6,0,0
389,389,DEM School Director Pine Richland Region 2 (Vote For 1),Leslie Miller,DEM,296,34.06,6853,1813,6,6,0,0
390,390,DEM School Director Pine Richland Region 2 (Vote For 1),Write-in,DEM,7,0.81,6853,1813,6,6,0,0
391,391,DEM School Director Pine Richland Region 3 (Vote For 2),Jennifer Beuse,DEM,511,39.31,5650,1429,5,5,0,0
392,392,DEM School Director Pine Richland Region 3 (Vote For 2),Matthew M. Mehalik,DEM,457,35.15,5650,1429,5,5,0,0
393,393,DEM School Director Pine Richland Region 3 (Vote For 2),Philip R. Morrissette,DEM,175,13.46,5650,1429,5,5,0,0
394,394,DEM School Director Pine Richland Region 3 (Vote For 2),Mike Wiethorn,DEM,154,11.85,5650,1429,5,5,0,0
395,395,DEM School Director Pine Richland Region 3 (Vote For 2),Write-in,DEM,3,0.23,5650,1429,5,5,0,0
396,396,DEM School Director Plum (Vote For 5),Renee M. Richardson,DEM,1784,14.7,19236,5596,21,21,0,0
397,397,DEM School Director Plum (Vote For 5),Michael Caliguiri,DEM,1613,13.29,19236,5596,21,21,0,0
398,398,DEM School Director Plum (Vote For 5),Amy L. Wetmore,DEM,1601,13.19,19236,5596,21,21,0,0
399,399,DEM School Director Plum (Vote For 5),Michelle Stepnick,DEM,1294,10.66,19236,5596,21,21,0,0
400,400,DEM School Director Plum (Vote For 5),Justin S. Newman,DEM,1291,10.64,19236,5596,21,21,0,0
401,401,DEM School Director Plum (Vote For 5),Adam  Hill,DEM,1104,9.1,19236,5596,21,21,0,0
402,402,DEM School Director Plum (Vote For 5),"Michael Devine, Jr.",DEM,935,7.7,19236,5596,21,21,0,0
403,403,DEM School Director Plum (Vote For 5),Lindsay Arenth,DEM,685,5.64,19236,5596,21,21,0,0
404,404,DEM School Director Plum (Vote For 5),Eric Gumkowski,DEM,385,3.17,19236,5596,21,21,0,0
405,405,DEM School Director Plum (Vote For 5),Mark Stropkaj,DEM,380,3.13,19236,5596,21,21,0,0
406,406,DEM School Director Plum (Vote For 5),Thomas Edward Feeney,DEM,317,2.61,19236,5596,21,21,0,0
407,407,DEM School Director Plum (Vote For 5),Aaron Butler,DEM,303,2.5,19236,5596,21,21,0,0
408,408,DEM School Director Plum (Vote For 5),Gary Motor,DEM,223,1.84,19236,5596,21,21,0,0
409,409,DEM School Director Plum (Vote For 5),Phil Sewell,DEM,176,1.45,19236,5596,21,21,0,0
410,410,DEM School Director Plum (Vote For 5),Write-in,DEM,44,0.36,19236,5596,21,21,0,0
411,411,DEM School Director Quaker Valley Region 1 (Vote For 1),Gianni Floro,DEM,365,62.39,3168,1130,4,4,0,0
412,412,DEM School Director Quaker Valley Region 1 (Vote For 1),William B. Jasper,DEM,219,37.44,3168,1130,4,4,0,0
413,413,DEM School Director Quaker Valley Region 1 (Vote For 1),Write-in,DEM,1,0.17,3168,1130,4,4,0,0
414,414,DEM School Director Quaker Valley Region 2 (Vote For 2),Geoff Barnes,DEM,338,36.31,3012,938,4,4,0,0
415,415,DEM School Director Quaker Valley Region 2 (Vote For 2),Corinna Garcia-Skorpenske,DEM,266,28.57,3012,938,4,4,0,0
416,416,DEM School Director Quaker Valley Region 2 (Vote For 2),Juliane Mazzarella,DEM,169,18.15,3012,938,4,4,0,0
417,417,DEM School Director Quaker Valley Region 2 (Vote For 2),Angela Hawes,DEM,147,15.79,3012,938,4,4,0,0
418,418,DEM School Director Quaker Valley Region 2 (Vote For 2),Write-in,DEM,11,1.18,3012,938,4,4,0,0
419,419,DEM School Director Quaker Valley Region 3 (Vote For 2),Jessica Webster,DEM,619,39.88,4695,1649,8,8,0,0
420,420,DEM School Director Quaker Valley Region 3 (Vote For 2),Melissa Walls,DEM,615,39.63,4695,1649,8,8,0,0
421,421,DEM School Director Quaker Valley Region 3 (Vote For 2),John English,DEM,189,12.18,4695,1649,8,8,0,0
422,422,DEM School Director Quaker Valley Region 3 (Vote For 2),George M. Smith,DEM,123,7.93,4695,1649,8,8,0,0
423,423,DEM School Director Quaker Valley Region 3 (Vote For 2),Write-in,DEM,6,0.39,4695,1649,8,8,0,0
424,424,DEM School Director Riverview (Vote For 5),Jennifer K. Chaparro,DEM,1055,17.63,7004,2179,9,9,0,0
425,425,DEM School Director Riverview (Vote For 5),Antonio Paris,DEM,966,16.14,7004,2179,9,9,0,0
426,426,DEM School Director Riverview (Vote For 5),Leanne Jacobs-Rohan,DEM,931,15.56,7004,2179,9,9,0,0
427,427,DEM School Director Riverview (Vote For 5),Erin Schuetz,DEM,907,15.16,7004,2179,9,9,0,0
428,428,DEM School Director Riverview (Vote For 5),Roger Pogoda,DEM,789,13.19,7004,2179,9,9,0,0
429,429,DEM School Director Riverview (Vote For 5),Nick Paradise,DEM,397,6.63,7004,2179,9,9,0,0
430,430,DEM School Director Riverview (Vote For 5),Colette Saxon-Kmetz,DEM,331,5.53,7004,2179,9,9,0,0
431,431,DEM School Director Riverview (Vote For 5),Melissa Botta-Havran,DEM,309,5.16,7004,2179,9,9,0,0
432,432,DEM School Director Riverview (Vote For 5),Seth Wermager,DEM,250,4.18,7004,2179,9,9,0,0
433,433,DEM School Director Riverview (Vote For 5),Write-in,DEM,49,0.82,7004,2179,9,9,0,0
434,434,DEM School Director Shaler Area Region 1 (Vote For 1),Jim Tunstall,DEM,1559,98.8,8849,2408,15,15,0,0
435,435,DEM School Director Shaler Area Region 1 (Vote For 1),Write-in,DEM,19,1.2,8849,2408,15,15,0,0
436,436,DEM School Director Shaler Area Region 2 (Vote For 2),Eileen  Phillips,DEM,1338,53.65,9738,2738,16,16,0,0
437,437,DEM School Director Shaler Area Region 2 (Vote For 2),Jason Machajewski,DEM,1125,45.11,9738,2738,16,16,0,0
438,438,DEM School Director Shaler Area Region 2 (Vote For 2),Write-in,DEM,31,1.24,9738,2738,16,16,0,0
439,439,DEM School Director Shaler Area Region 3 (Vote For 2),Dorothy J. Petrancosta,DEM,1117,49.64,9179,2617,15,15,0,0
440,440,DEM School Director Shaler Area Region 3 (Vote For 2),James L. Fisher,DEM,1099,48.84,9179,2617,15,15,0,0
441,441,DEM School Director Shaler Area Region 3 (Vote For 2),Write-in,DEM,34,1.51,9179,2617,15,15,0,0
442,442,DEM School Director South Allegheny (Vote For 5),Amy Moranelli-Johnson,DEM,742,26.68,7016,1528,13,13,0,0
443,443,DEM School Director South Allegheny (Vote For 5),Carol Craig,DEM,682,24.52,7016,1528,13,13,0,0
444,444,DEM School Director South Allegheny (Vote For 5),Jason Ewing,DEM,674,24.24,7016,1528,13,13,0,0
445,445,DEM School Director South Allegheny (Vote For 5),Lauren DiBeneditto Huey,DEM,607,21.83,7016,1528,13,13,0,0
446,446,DEM School Director South Allegheny (Vote For 5),Write-in,DEM,76,2.73,7016,1528,13,13,0,0
447,447,DEM School Director South Fayette (Vote For 5),Thomas Iagnemma,DEM,1139,17.94,12121,3503,12,12,0,0
448,448,DEM School Director South Fayette (Vote For 5),Teresa E. Burroughs,DEM,965,15.2,12121,3503,12,12,0,0
449,449,DEM School Director South Fayette (Vote For 5),Rebecca Bruce,DEM,944,14.87,12121,3503,12,12,0,0
450,450,DEM School Director South Fayette (Vote For 5),William Gray,DEM,841,13.24,12121,3503,12,12,0,0
451,451,DEM School Director South Fayette (Vote For 5),Esther Cardillo,DEM,797,12.55,12121,3503,12,12,0,0
452,452,DEM School Director South Fayette (Vote For 5),Jason Olexa,DEM,609,9.59,12121,3503,12,12,0,0
453,453,DEM School Director South Fayette (Vote For 5),P. Ryan Fornella,DEM,608,9.57,12121,3503,12,12,0,0
454,454,DEM School Director South Fayette (Vote For 5),Barry Miller,DEM,386,6.08,12121,3503,12,12,0,0
455,455,DEM School Director South Fayette (Vote For 5),Write-in,DEM,61,0.96,12121,3503,12,12,0,0
456,456,DEM School Director South Park (Vote For 5),Angela Girol,DEM,1123,18.96,10044,2680,13,13,0,0
457,457,DEM School Director South Park (Vote For 5),Brenda M. Lindsay,DEM,1099,18.55,10044,2680,13,13,0,0
458,458,DEM School Director South Park (Vote For 5),Nicholas J. Rudolph,DEM,1013,17.1,10044,2680,13,13,0,0
459,459,DEM School Director South Park (Vote For 5),Gary Smith,DEM,949,16.02,10044,2680,13,13,0,0
460,460,DEM School Director South Park (Vote For 5),Lire Jackson,DEM,831,14.03,10044,2680,13,13,0,0
461,461,DEM School Director South Park (Vote For 5),David Giusti,DEM,737,12.44,10044,2680,13,13,0,0
462,462,DEM School Director South Park (Vote For 5),Write-in,DEM,171,2.89,10044,2680,13,13,0,0
463,463,DEM School Director At-Large Steel Valley (Vote For 3),David Colasante,DEM,1506,49.02,11084,2982,21,21,0,0
464,464,DEM School Director At-Large Steel Valley (Vote For 3),James Bulger,DEM,1361,44.3,11084,2982,21,21,0,0
465,465,DEM School Director At-Large Steel Valley (Vote For 3),Write-in,DEM,205,6.67,11084,2982,21,21,0,0
466,466,DEM School Director Steel Valley Region 2 (Vote For 1),James Bulger,DEM,566,96.26,2969,929,6,6,0,0
467,467,DEM School Director Steel Valley Region 2 (Vote For 1),Write-in,DEM,22,3.74,2969,929,6,6,0,0
468,468,DEM School Director Steel Valley Region 3 (Vote For 1),Daniel Rojtas,DEM,837,97.1,3907,1296,5,5,0,0
469,469,DEM School Director Steel Valley Region 3 (Vote For 1),Write-in,DEM,25,2.9,3907,1296,5,5,0,0
470,470,DEM School Director At-Large Sto-Rox (Vote For 1),Write-in,DEM,146,100,7527,1376,18,18,0,0
471,471,DEM School Director Sto-Rox Region 1 (Vote For 2),Write-in,DEM,66,100,3555,511,7,7,0,0
472,472,DEM School Director Sto-Rox Region 2 (Vote For 2),Write-in,DEM,68,100,3972,865,11,11,0,0
473,473,DEM School Director Sto-Rox Region 2 (Vote For 1),Write-in,DEM,48,100,3972,865,11,11,0,0
474,474,DEM School Director Upper Saint Clair (Vote For 5),Kathleen Carroll,DEM,1538,14.84,16024,4593,18,18,0,0
475,475,DEM School Director Upper Saint Clair (Vote For 5),Chris Daley,DEM,1420,13.7,16024,4593,18,18,0,0
476,476,DEM School Director Upper Saint Clair (Vote For 5),Sebastien Dubreil,DEM,1289,12.43,16024,4593,18,18,0,0
477,477,DEM School Director Upper Saint Clair (Vote For 5),Mateusz Kruk,DEM,1214,11.71,16024,4593,18,18,0,0
478,478,DEM School Director Upper Saint Clair (Vote For 5),R. Matthew Wynne,DEM,1188,11.46,16024,4593,18,18,0,0
479,479,DEM School Director Upper Saint Clair (Vote For 5),Angela B. Petersen,DEM,923,8.9,16024,4593,18,18,0,0
480,480,DEM School Director Upper Saint Clair (Vote For 5),Barbara L. Bolas,DEM,845,8.15,16024,4593,18,18,0,0
481,481,DEM School Director Upper Saint Clair (Vote For 5),Kelly Parker Hanna,DEM,739,7.13,16024,4593,18,18,0,0
482,482,DEM School Director Upper Saint Clair (Vote For 5),Hallie Hawkins Snyder,DEM,700,6.75,16024,4593,18,18,0,0
483,483,DEM School Director Upper Saint Clair (Vote For 5),Justin Daniel Lamber,DEM,487,4.7,16024,4593,18,18,0,0
484,484,DEM School Director Upper Saint Clair (Vote For 5),Write-in,DEM,24,0.23,16024,4593,18,18,0,0
485,485,DEM School Director West Allegheny Region 1 (Vote For 2),Robert Ostrander,DEM,336,71.79,3178,825,3,3,0,0
486,486,DEM School Director West Allegheny Region 1 (Vote For 2),Write-in,DEM,132,28.21,3178,825,3,3,0,0
487,487,DEM School Director West Allegheny Region 2 (Vote For 1),Steven Psomas,DEM,500,51.55,8901,1805,4,4,0,0
488,488,DEM School Director West Allegheny Region 2 (Vote For 1),Eric Vannoy,DEM,460,47.42,8901,1805,4,4,0,0
489,489,DEM School Director West Allegheny Region 2 (Vote For 1),Write-in,DEM,10,1.03,8901,1805,4,4,0,0
490,490,DEM School Director West Allegheny Region 3 (Vote For 2),Victoria Hatton Bozic,DEM,331,37.96,4692,1021,3,3,0,0
491,491,DEM School Director West Allegheny Region 3 (Vote For 2),Mark Rosen,DEM,328,37.61,4692,1021,3,3,0,0
492,492,DEM School Director West Allegheny Region 3 (Vote For 2),Steven R. Pons,DEM,202,23.17,4692,1021,3,3,0,0
493,493,DEM School Director West Allegheny Region 3 (Vote For 2),Write-in,DEM,11,1.26,4692,1021,3,3,0,0
494,494,DEM School Director West Jefferson Hills (Vote For 5),Suzanne Downer,DEM,1335,17.68,14954,3963,20,20,0,0
495,495,DEM School Director West Jefferson Hills (Vote For 5),Chelsea Campolongo,DEM,1249,16.55,14954,3963,20,20,0,0
496,496,DEM School Director West Jefferson Hills (Vote For 5),David M. Dominick,DEM,1183,15.67,14954,3963,20,20,0,0
497,497,DEM School Director West Jefferson Hills (Vote For 5),Denise Kahler,DEM,1049,13.9,14954,3963,20,20,0,0
498,498,DEM School Director West Jefferson Hills (Vote For 5),Brian P. Smith,DEM,979,12.97,14954,3963,20,20,0,0
499,499,DEM School Director West Jefferson Hills (Vote For 5),Tracey Arthrell,DEM,923,12.23,14954,3963,20,20,0,0
500,500,DEM School Director West Jefferson Hills (Vote For 5),Anthony J. Rash,DEM,782,10.36,14954,3963,20,20,0,0
501,501,DEM School Director West Jefferson Hills (Vote For 5),Write-in,DEM,49,0.65,14954,3963,20,20,0,0
502,502,DEM School Director West Jefferson Hills (Vote For 1),Suzanne Downer,DEM,827,40.82,14954,3963,20,20,0,0
503,503,DEM School Director West Jefferson Hills (Vote For 1),Adam Matthew Rice,DEM,490,24.19,14954,3963,20,20,0,0
504,504,DEM School Director West Jefferson Hills (Vote For 1),David M. Dominick,DEM,409,20.19,14954,3963,20,20,0,0
505,505,DEM School Director West Jefferson Hills (Vote For 1),Brian P. Smith,DEM,290,14.31,14954,3963,20,20,0,0
506,506,DEM School Director West Jefferson Hills (Vote For 1),Write-in,DEM,10,0.49,14954,3963,20,20,0,0
507,507,DEM School Director West Mifflin Area (Vote For 5),Janelle L. Kopay,DEM,1872,16.72,14315,4121,23,23,0,0
508,508,DEM School Director West Mifflin Area (Vote For 5),Gina Englert,DEM,1850,16.53,14315,4121,23,23,0,0
509,509,DEM School Director West Mifflin Area (Vote For 5),Matthew J. Blazevich,DEM,1290,11.52,14315,4121,23,23,0,0
510,510,DEM School Director West Mifflin Area (Vote For 5),Joseph Gajdos,DEM,1200,10.72,14315,4121,23,23,0,0
511,511,DEM School Director West Mifflin Area (Vote For 5),Tony DiCenzo,DEM,1171,10.46,14315,4121,23,23,0,0
512,512,DEM School Director West Mifflin Area (Vote For 5),Nicholas Alexandroff,DEM,1163,10.39,14315,4121,23,23,0,0
513,513,DEM School Director West Mifflin Area (Vote For 5),Jonathan Mattis,DEM,989,8.83,14315,4121,23,23,0,0
514,514,DEM School Director West Mifflin Area (Vote For 5),Steven Arbasak,DEM,859,7.67,14315,4121,23,23,0,0
515,515,DEM School Director West Mifflin Area (Vote For 5),Jay Grossic,DEM,678,6.06,14315,4121,23,23,0,0
516,516,DEM School Director West Mifflin Area (Vote For 5),Write-in,DEM,123,1.1,14315,4121,23,23,0,0
517,517,DEM School Director Wilkinsburg (Vote For 5),LaTonya Washington,DEM,1479,19.41,12064,2657,17,17,0,0
518,518,DEM School Director Wilkinsburg (Vote For 5),Ashley R. Comans,DEM,1351,17.73,12064,2657,17,17,0,0
519,519,DEM School Director Wilkinsburg (Vote For 5),Monica Garcia,DEM,1344,17.64,12064,2657,17,17,0,0
520,520,DEM School Director Wilkinsburg (Vote For 5),Amanda Barber,DEM,1278,16.78,12064,2657,17,17,0,0
521,521,DEM School Director Wilkinsburg (Vote For 5),Sharmaine Gamble,DEM,1096,14.39,12064,2657,17,17,0,0
522,522,DEM School Director Wilkinsburg (Vote For 5),Debra Raubenstrauch,DEM,1024,13.44,12064,2657,17,17,0,0
523,523,DEM School Director Wilkinsburg (Vote For 5),Write-in,DEM,46,0.6,12064,2657,17,17,0,0
524,524,DEM School Director Wilkinsburg (Vote For 2),Michael Rose,DEM,776,20.85,12064,2657,17,17,0,0
525,525,DEM School Director Wilkinsburg (Vote For 2),Ashley R. Comans,DEM,737,19.8,12064,2657,17,17,0,0
526,526,DEM School Director Wilkinsburg (Vote For 2),Monica Garcia,DEM,641,17.22,12064,2657,17,17,0,0
527,527,DEM School Director Wilkinsburg (Vote For 2),Sharmaine Gamble,DEM,608,16.34,12064,2657,17,17,0,0
528,528,DEM School Director Wilkinsburg (Vote For 2),W. Dennis Bossick,DEM,536,14.4,12064,2657,17,17,0,0
529,529,DEM School Director Wilkinsburg (Vote For 2),Amanda Barber,DEM,411,11.04,12064,2657,17,17,0,0
530,530,DEM School Director Wilkinsburg (Vote For 2),Write-in,DEM,13,0.35,12064,2657,17,17,0,0
531,531,DEM School Director Woodland Hills Region 1 (Vote For 2),Tamara Allen-Thomas,DEM,922,25.48,11221,3082,18,18,0,0
532,532,DEM School Director Woodland Hills Region 1 (Vote For 2),Doneika Griffin,DEM,867,23.96,11221,3082,18,18,0,0
533,533,DEM School Director Woodland Hills Region 1 (Vote For 2),Timothy Reed,DEM,761,21.03,11221,3082,18,18,0,0
534,534,DEM School Director Woodland Hills Region 1 (Vote For 2),Carlton Scott,DEM,636,17.58,11221,3082,18,18,0,0
535,535,DEM School Director Woodland Hills Region 1 (Vote For 2),William Timbers,DEM,429,11.86,11221,3082,18,18,0,0
536,536,DEM School Director Woodland Hills Region 1 (Vote For 2),Write-in,DEM,3,0.08,11221,3082,18,18,0,0
537,537,DEM School Director Woodland Hills Region 2 (Vote For 2),Melanie Timbers,DEM,1245,30.09,11867,3301,20,20,0,0
538,538,DEM School Director Woodland Hills Region 2 (Vote For 2),Terri Lawson,DEM,1025,24.77,11867,3301,20,20,0,0
539,539,DEM School Director Woodland Hills Region 2 (Vote For 2),Teri L. Gilmore,DEM,746,18.03,11867,3301,20,20,0,0
540,540,DEM School Director Woodland Hills Region 2 (Vote For 2),Michael Rensland,DEM,396,9.57,11867,3301,20,20,0,0
541,541,DEM School Director Woodland Hills Region 2 (Vote For 2),Robert Clanagan-Bey,DEM,342,8.26,11867,3301,20,20,0,0
542,542,DEM School Director Woodland Hills Region 2 (Vote For 2),Craig E. Thomas,DEM,336,8.12,11867,3301,20,20,0,0
543,543,DEM School Director Woodland Hills Region 2 (Vote For 2),Write-in,DEM,48,1.16,11867,3301,20,20,0,0
544,544,DEM School Director Woodland Hills Region 2 (Vote For 1),Write-in,DEM,350,100,11867,3301,20,20,0,0
545,545,DEM School Director Woodland Hills Region 3 (Vote For 1),Laura Arthrell,DEM,1160,52.56,10635,2914,20,20,0,0
546,546,DEM School Director Woodland Hills Region 3 (Vote For 1),Karen Lyons,DEM,1033,46.81,10635,2914,20,20,0,0
547,547,DEM School Director Woodland Hills Region 3 (Vote For 1),Write-in,DEM,14,0.63,10635,2914,20,20,0,0
548,548,DEM Commissioner Aleppo (Vote For 2),Judith M. Haluka,DEM,219,95.22,1319,487,1,1,0,0
549,549,DEM Commissioner Aleppo (Vote For 2),Write-in,DEM,11,4.78,1319,487,1,1,0,0
550,550,DEM Member of Council Aspinwall (Vote For 3),Heth R. Turnquist,DEM,381,22.02,2204,918,3,3,0,0
551,551,DEM Member of Council Aspinwall (Vote For 3),"Mark Chimel, II",DEM,363,20.98,2204,918,3,3,0,0
552,552,DEM Member of Council Aspinwall (Vote For 3),Patti McCaffrey,DEM,360,20.81,2204,918,3,3,0,0
553,553,DEM Member of Council Aspinwall (Vote For 3),"Louis Curcio, Jr.",DEM,325,18.79,2204,918,3,3,0,0
554,554,DEM Member of Council Aspinwall (Vote For 3),David C. Brown,DEM,286,16.53,2204,918,3,3,0,0
555,555,DEM Member of Council Aspinwall (Vote For 3),Write-in,DEM,15,0.87,2204,918,3,3,0,0
556,556,DEM Mayor Avalon (Vote For 1),Write-in,DEM,85,100,3347,825,6,6,0,0
557,557,DEM Tax Collector Avalon (Vote For 1),Write-in,DEM,39,100,3347,825,6,6,0,0
558,558,DEM Member of Council Avalon Ward 1 (Vote For 2),Write-in,DEM,22,100,1030,236,1,1,0,0
559,559,DEM Member of Council Avalon Ward 2 (Vote For 1),Write-in,DEM,14,100,1092,270,2,2,0,0
560,560,DEM Member of Council Avalon Ward 2 (Vote For 1),Write-in,DEM,14,100,1092,270,2,2,0,0
561,561,DEM Member of Council Avalon Ward 3 (Vote For 1),Justin Harkleroad,DEM,204,99.51,1225,319,3,3,0,0
562,562,DEM Member of Council Avalon Ward 3 (Vote For 1),Write-in,DEM,1,0.49,1225,319,3,3,0,0
563,563,DEM Member of Council Baldwin Borough (Vote For 3),Patricia Boyer,DEM,1566,25.74,14208,3351,18,18,0,0
564,564,DEM Member of Council Baldwin Borough (Vote For 3),Elliot J. Rambo,DEM,1340,22.03,14208,3351,18,18,0,0
565,565,DEM Member of Council Baldwin Borough (Vote For 3),Paul J. Hayhurst,DEM,1179,19.38,14208,3351,18,18,0,0
566,566,DEM Member of Council Baldwin Borough (Vote For 3),Denise Maiden,DEM,1133,18.63,14208,3351,18,18,0,0
567,567,DEM Member of Council Baldwin Borough (Vote For 3),Angelo Mancuso,DEM,832,13.68,14208,3351,18,18,0,0
568,568,DEM Member of Council Baldwin Borough (Vote For 3),Write-in,DEM,33,0.54,14208,3351,18,18,0,0
569,569,DEM Commissioner Baldwin Township (Vote For 3),Write-in,DEM,49,100,1492,376,2,2,0,0
570,570,DEM Member of Council Bell Acres (Vote For 3),Christopher Abell,DEM,157,92.35,1175,399,1,1,0,0
571,571,DEM Member of Council Bell Acres (Vote For 3),Write-in,DEM,13,7.65,1175,399,1,1,0,0
572,572,DEM Auditor Bellevue (Vote For 1),Write-in,DEM,98,100,5710,1226,6,6,0,0
573,573,DEM Member of Council Bellevue Ward 1 (Vote For 1),Alicia Templeton,DEM,239,81.85,1839,412,2,2,0,0
574,574,DEM Member of Council Bellevue Ward 1 (Vote For 1),Write-in,DEM,53,18.15,1839,412,2,2,0,0
575,575,DEM Member of Council Bellevue Ward 2 (Vote For 1),Chelsea MacDonald,DEM,237,98.34,1979,393,2,2,0,0
576,576,DEM Member of Council Bellevue Ward 2 (Vote For 1),Write-in,DEM,4,1.66,1979,393,2,2,0,0
577,577,DEM Member of Council Bellevue Ward 2 (Vote For 1),Write-in,DEM,26,100,1979,393,2,2,0,0
578,578,DEM Member of Council Bellevue Ward 3 (Vote For 2),Amanda Sloane,DEM,246,48.81,1892,421,2,2,0,0
579,579,DEM Member of Council Bellevue Ward 3 (Vote For 2),Jillian Edmondson,DEM,218,43.25,1892,421,2,2,0,0
580,580,DEM Member of Council Bellevue Ward 3 (Vote For 2),Write-in,DEM,40,7.94,1892,421,2,2,0,0
581,581,DEM Member of Council Ben Avon (Vote For 3),Kara Roggenkamp,DEM,270,36.14,1444,444,2,2,0,0
582,582,DEM Member of Council Ben Avon (Vote For 3),Richard Wagner,DEM,232,31.06,1444,444,2,2,0,0
583,583,DEM Member of Council Ben Avon (Vote For 3),"Kenneth L. Opipery, Jr.",DEM,219,29.32,1444,444,2,2,0,0
584,584,DEM Member of Council Ben Avon (Vote For 3),Write-in,DEM,26,3.48,1444,444,2,2,0,0
585,585,DEM Member of Council Ben Avon Heights (Vote For 4),Patrick Lope,DEM,68,44.74,336,124,1,1,0,0
586,586,DEM Member of Council Ben Avon Heights (Vote For 4),Steven Stiller,DEM,65,42.76,336,124,1,1,0,0
587,587,DEM Member of Council Ben Avon Heights (Vote For 4),Write-in,DEM,19,12.5,336,124,1,1,0,0
588,588,DEM Member of Council Ben Avon Heights (Vote For 1),Write-in,DEM,8,100,336,124,1,1,0,0
589,589,DEM Member of Council Bethel Park Ward 2 (Vote For 1),Maureen Trent,DEM,361,94.26,2684,759,3,3,0,0
590,590,DEM Member of Council Bethel Park Ward 2 (Vote For 1),Write-in,DEM,22,5.74,2684,759,3,3,0,0
591,591,DEM Member of Council Bethel Park Ward 4 (Vote For 1),Brendan D. McCarthy,DEM,421,94.82,2921,890,3,3,0,0
592,592,DEM Member of Council Bethel Park Ward 4 (Vote For 1),Write-in,DEM,23,5.18,2921,890,3,3,0,0
593,593,DEM Member of Council Bethel Park Ward 6 (Vote For 1),Jessica O'Keefe,DEM,452,96.17,3054,938,3,3,0,0
594,594,DEM Member of Council Bethel Park Ward 6 (Vote For 1),Write-in,DEM,18,3.83,3054,938,3,3,0,0
595,595,DEM Member of Council Bethel Park Ward 8 (Vote For 1),Viola Garis,DEM,380,98.45,2783,828,4,4,0,0
596,596,DEM Member of Council Bethel Park Ward 8 (Vote For 1),Write-in,DEM,6,1.55,2783,828,4,4,0,0
597,597,DEM Member of Council Blawnox (Vote For 3),Kathryn Specht-Coban,DEM,139,28.54,961,256,1,1,0,0
598,598,DEM Member of Council Blawnox (Vote For 3),Elaine Palmer,DEM,138,28.34,961,256,1,1,0,0
599,599,DEM Member of Council Blawnox (Vote For 3),"John D. Simmons, Jr.",DEM,131,26.9,961,256,1,1,0,0
600,600,DEM Member of Council Blawnox (Vote For 3),Charles P. Stipetich,DEM,75,15.4,961,256,1,1,0,0
601,601,DEM Member of Council Blawnox (Vote For 3),Write-in,DEM,4,0.82,961,256,1,1,0,0
602,602,DEM Member of Council Brackenridge Ward 1 (Vote For 1),Timothy G. Connelly,DEM,80,98.77,469,135,1,1,0,0
603,603,DEM Member of Council Brackenridge Ward 1 (Vote For 1),Write-in,DEM,1,1.23,469,135,1,1,0,0
604,604,DEM Member of Council Brackenridge Ward 2 (Vote For 1),John D. Stanzione,DEM,137,99.28,733,214,1,1,0,0
605,605,DEM Member of Council Brackenridge Ward 2 (Vote For 1),Write-in,DEM,1,0.72,733,214,1,1,0,0
606,606,DEM Member of Council Brackenridge Ward 3 (Vote For 1),Verne Frederick Petz,DEM,78,100,624,133,1,1,0,0
607,607,DEM Member of Council Brackenridge Ward 3 (Vote For 1),Write-in,DEM,0,0,624,133,1,1,0,0
608,608,DEM Member of Council Braddock Ward 1 (Vote For 1),Chardae Jones,DEM,53,71.62,444,78,1,1,0,0
609,609,DEM Member of Council Braddock Ward 1 (Vote For 1),Kevin Henderson,DEM,21,28.38,444,78,1,1,0,0
610,610,DEM Member of Council Braddock Ward 1 (Vote For 1),Write-in,DEM,0,0,444,78,1,1,0,0
611,611,DEM Member of Council Braddock Ward 2 (Vote For 1),Write-in,DEM,47,100,573,105,1,1,0,0
612,612,DEM Member of Council Braddock Ward 3 (Vote For 1),Robert K. Parker,DEM,30,71.43,394,59,1,1,0,0
613,613,DEM Member of Council Braddock Ward 3 (Vote For 1),Write-in,DEM,12,28.57,394,59,1,1,0,0
614,614,DEM Member of Council Braddock Hills (Vote For 3),Thomas Evans,DEM,251,49.41,1263,365,2,2,0,0
615,615,DEM Member of Council Braddock Hills (Vote For 3),Michael Ursiny,DEM,204,40.16,1263,365,2,2,0,0
616,616,DEM Member of Council Braddock Hills (Vote For 3),Write-in,DEM,53,10.43,1263,365,2,2,0,0
617,617,DEM Member of Council Bradford Woods (Vote For 3),Todd Hipwell,DEM,142,94.67,990,319,1,1,0,0
618,618,DEM Member of Council Bradford Woods (Vote For 3),Write-in,DEM,8,5.33,990,319,1,1,0,0
619,619,DEM Member of Council Brentwood (Vote For 3),Richard Schubert,DEM,764,50.9,6509,1363,10,10,0,0
620,620,DEM Member of Council Brentwood (Vote For 3),Harold M. Smith,DEM,684,45.57,6509,1363,10,10,0,0
621,621,DEM Member of Council Brentwood (Vote For 3),Write-in,DEM,53,3.53,6509,1363,10,10,0,0
622,622,DEM Member of Council Brentwood (Vote For 1),Michael P. Foyle,DEM,882,98.88,6509,1363,10,10,0,0
623,623,DEM Member of Council Brentwood (Vote For 1),Write-in,DEM,10,1.12,6509,1363,10,10,0,0
624,624,DEM Member of Council Bridgeville (Vote For 3),Joseph Colosimo,DEM,341,33.2,3367,799,4,4,0,0
625,625,DEM Member of Council Bridgeville (Vote For 3),Michael Neely,DEM,337,32.81,3367,799,4,4,0,0
626,626,DEM Member of Council Bridgeville (Vote For 3),"Nino Petrocelli, Sr.",DEM,315,30.67,3367,799,4,4,0,0
627,627,DEM Member of Council Bridgeville (Vote For 3),Write-in,DEM,34,3.31,3367,799,4,4,0,0
628,628,DEM Tax Collector Carnegie (Vote For 1),Write-in,DEM,58,100,5301,1084,8,8,0,0
629,629,DEM Member of Council Carnegie Ward 1 (Vote For 2),Susan G. Demko,DEM,342,57.1,2888,554,4,4,0,0
630,630,DEM Member of Council Carnegie Ward 1 (Vote For 2),Thomas G. DiPietro,DEM,246,41.07,2888,554,4,4,0,0
631,631,DEM Member of Council Carnegie Ward 1 (Vote For 2),Write-in,DEM,11,1.84,2888,554,4,4,0,0
632,632,DEM Member of Council Carnegie Ward 2 (Vote For 1),Daniel Terry Lee,DEM,312,98.11,2413,530,4,4,0,0
633,633,DEM Member of Council Carnegie Ward 2 (Vote For 1),Write-in,DEM,6,1.89,2413,530,4,4,0,0
634,634,DEM Member of Council Castle Shannon (Vote For 3),Nancy Kovach,DEM,711,41.48,5947,1418,8,8,0,0
635,635,DEM Member of Council Castle Shannon (Vote For 3),Write-in,DEM,505,29.46,5947,1418,8,8,0,0
636,636,DEM Member of Council Castle Shannon (Vote For 3),Tom Beck,DEM,498,29.05,5947,1418,8,8,0,0
637,637,DEM Member of Council Chalfant (Vote For 4),Owen Lilac,DEM,88,47.83,573,143,1,1,0,0
638,638,DEM Member of Council Chalfant (Vote For 4),Derrick Royster,DEM,73,39.67,573,143,1,1,0,0
639,639,DEM Member of Council Chalfant (Vote For 4),Write-in,DEM,23,12.5,573,143,1,1,0,0
640,640,DEM Member of Council Cheswick (Vote For 3),Write-in,DEM,35,100,1264,533,2,2,0,0
641,641,DEM Member of Council Churchill (Vote For 3),Andrea Ditillo,DEM,466,27.49,2717,1001,4,4,0,0
642,642,DEM Member of Council Churchill (Vote For 3),Cherylie Blair Fuller,DEM,430,25.37,2717,1001,4,4,0,0
643,643,DEM Member of Council Churchill (Vote For 3),Jay Dworin,DEM,400,23.6,2717,1001,4,4,0,0
644,644,DEM Member of Council Churchill (Vote For 3),Matthew Castiglia,DEM,385,22.71,2717,1001,4,4,0,0
645,645,DEM Member of Council Churchill (Vote For 3),Write-in,DEM,14,0.83,2717,1001,4,4,0,0
646,646,DEM Member of Council Clairton Ward 1 (Vote For 1),R. Tony Kurta,DEM,106,56.68,1015,240,3,3,0,0
647,647,DEM Member of Council Clairton Ward 1 (Vote For 1),Susan ViGliotti,DEM,78,41.71,1015,240,3,3,0,0
648,648,DEM Member of Council Clairton Ward 1 (Vote For 1),Write-in,DEM,3,1.6,1015,240,3,3,0,0
649,649,DEM Member of Council Clairton Ward 4 (Vote For 1),Lamont A. Lewis,DEM,117,50.43,1085,270,3,3,0,0
650,650,DEM Member of Council Clairton Ward 4 (Vote For 1),Charlene Wade-Prescott,DEM,112,48.28,1085,270,3,3,0,0
651,651,DEM Member of Council Clairton Ward 4 (Vote For 1),Write-in,DEM,3,1.29,1085,270,3,3,0,0
652,652,DEM Commissioner Collier (Vote For 2),Deb Zymroz,DEM,891,60.04,6880,1845,6,6,0,0
653,653,DEM Commissioner Collier (Vote For 2),Ethan Styche,DEM,571,38.48,6880,1845,6,6,0,0
654,654,DEM Commissioner Collier (Vote For 2),Write-in,DEM,22,1.48,6880,1845,6,6,0,0
655,655,DEM Member of Council Coraopolis Ward 1 (Vote For 1),Michael Harris,DEM,96,54.55,910,219,2,2,0,0
656,656,DEM Member of Council Coraopolis Ward 1 (Vote For 1),Edward Pitassi,DEM,80,45.45,910,219,2,2,0,0
657,657,DEM Member of Council Coraopolis Ward 1 (Vote For 1),Write-in,DEM,0,0,910,219,2,2,0,0
658,658,DEM Member of Council Coraopolis Ward 2 (Vote For 1),Kim M. Haskins,DEM,81,59.56,767,185,1,1,0,0
659,659,DEM Member of Council Coraopolis Ward 2 (Vote For 1),John May,DEM,55,40.44,767,185,1,1,0,0
660,660,DEM Member of Council Coraopolis Ward 2 (Vote For 1),Write-in,DEM,0,0,767,185,1,1,0,0
661,661,DEM Member of Council Coraopolis Ward 3 (Vote For 1),Gary R. Flasco,DEM,150,94.34,1101,240,2,2,0,0
662,662,DEM Member of Council Coraopolis Ward 3 (Vote For 1),Write-in,DEM,9,5.66,1101,240,2,2,0,0
663,663,DEM Member of Council Coraopolis Ward 4 (Vote For 1),Robb J. Cardimen,DEM,132,75.86,966,258,2,2,0,0
664,664,DEM Member of Council Coraopolis Ward 4 (Vote For 1),Write-in,DEM,42,24.14,966,258,2,2,0,0
665,665,DEM Member of Council Crafton (Vote For 3),Kirsten Compitello,DEM,557,34.43,4332,1053,6,6,0,0
666,666,DEM Member of Council Crafton (Vote For 3),Pamela Pulkownik,DEM,518,32.01,4332,1053,6,6,0,0
667,667,DEM Member of Council Crafton (Vote For 3),Michael J. Hough,DEM,507,31.33,4332,1053,6,6,0,0
668,668,DEM Member of Council Crafton (Vote For 3),Write-in,DEM,36,2.22,4332,1053,6,6,0,0
669,669,DEM Commissioner At-Large Crescent (Vote For 2),Write-in,DEM,81,100,1695,403,2,2,0,0
670,670,DEM Commissioner Crescent Ward 1 (Vote For 1),Write-in,DEM,30,100,1034,257,1,1,0,0
671,671,DEM Tax Collector Dormont (Vote For 1),Victoria McGurk,DEM,1165,98.4,6196,1644,10,10,0,0
672,672,DEM Tax Collector Dormont (Vote For 1),Write-in,DEM,19,1.6,6196,1644,10,10,0,0
673,673,DEM Member of Council Dormont (Vote For 3),Kate Abel,DEM,1001,34.08,6196,1644,10,10,0,0
674,674,DEM Member of Council Dormont (Vote For 3),Daniele Ventresca,DEM,999,34.01,6196,1644,10,10,0,0
675,675,DEM Member of Council Dormont (Vote For 3),John Viard Moore,DEM,886,30.17,6196,1644,10,10,0,0
676,676,DEM Member of Council Dormont (Vote For 3),Write-in,DEM,51,1.74,6196,1644,10,10,0,0
677,677,DEM Member of Council Dravosburg (Vote For 2),Matthew Mols,DEM,127,36.49,1099,329,3,3,0,0
678,678,DEM Member of Council Dravosburg (Vote For 2),Gregory Dzuro,DEM,113,32.47,1099,329,3,3,0,0
679,679,DEM Member of Council Dravosburg (Vote For 2),Michael Raymond Palcsey,DEM,107,30.75,1099,329,3,3,0,0
680,680,DEM Member of Council Dravosburg (Vote For 2),Write-in,DEM,1,0.29,1099,329,3,3,0,0
681,681,DEM Controller Duquesne (Vote For 1),Write-in,DEM,40,100,3273,562,10,10,0,0
682,682,DEM Member of Council Duquesne (Vote For 2),Derek P. Artim,DEM,375,88.65,3273,562,10,10,0,0
683,683,DEM Member of Council Duquesne (Vote For 2),Write-in,DEM,48,11.35,3273,562,10,10,0,0
684,684,DEM Auditor East Deer (Vote For 1),Mary Frances Blose,DEM,142,100,877,234,2,2,0,0
685,685,DEM Auditor East Deer (Vote For 1),Write-in,DEM,0,0,877,234,2,2,0,0
686,686,DEM Commissioner At-Large East Deer (Vote For 3),Jennifer Savka,DEM,106,32.62,877,234,2,2,0,0
687,687,DEM Commissioner At-Large East Deer (Vote For 3),Rick Stoneburner,DEM,97,29.85,877,234,2,2,0,0
688,688,DEM Commissioner At-Large East Deer (Vote For 3),Anthony Taliani,DEM,91,28,877,234,2,2,0,0
689,689,DEM Commissioner At-Large East Deer (Vote For 3),Write-in,DEM,31,9.54,877,234,2,2,0,0
690,690,DEM Commissioner East Deer Ward 1 (Vote For 1),"Joseph E. Novosat, Jr.",DEM,48,96,311,72,1,1,0,0
691,691,DEM Commissioner East Deer Ward 1 (Vote For 1),Write-in,DEM,2,4,311,72,1,1,0,0
692,692,DEM Member of Council East Mckeesport (Vote For 3),Write-in,DEM,142,100,1337,305,3,3,0,0
693,693,DEM Member of Council At-Large East Pittsburgh (Vote For 2),Edward Ruane,DEM,93,52.54,1195,156,3,3,0,0
694,694,DEM Member of Council At-Large East Pittsburgh (Vote For 2),Ahmonique Washington,DEM,80,45.2,1195,156,3,3,0,0
695,695,DEM Member of Council At-Large East Pittsburgh (Vote For 2),Write-in,DEM,4,2.26,1195,156,3,3,0,0
696,696,DEM Member of Council Edgewood (Vote For 3),Moshe Sherman,DEM,599,48.78,2709,1018,3,3,0,0
697,697,DEM Member of Council Edgewood (Vote For 3),Ben Love,DEM,554,45.11,2709,1018,3,3,0,0
698,698,DEM Member of Council Edgewood (Vote For 3),Write-in,DEM,75,6.11,2709,1018,3,3,0,0
699,699,DEM Tax Collector Edgeworth (Vote For 1),Write-in,DEM,12,100,1410,514,2,2,0,0
700,700,DEM Member of Council Edgeworth (Vote For 3),Rebecca Mahr Cartus,DEM,200,92.17,1410,514,2,2,0,0
701,701,DEM Member of Council Edgeworth (Vote For 3),Write-in,DEM,17,7.83,1410,514,2,2,0,0
702,702,DEM Member of Council Elizabeth Borough (Vote For 3),Timothy C. Guffey,DEM,79,55.24,858,170,1,1,0,0
703,703,DEM Member of Council Elizabeth Borough (Vote For 3),Jason Berman,DEM,53,37.06,858,170,1,1,0,0
704,704,DEM Member of Council Elizabeth Borough (Vote For 3),Write-in,DEM,11,7.69,858,170,1,1,0,0
705,705,DEM Commissioner Elizabeth Township Ward 1 (Vote For 1),Mark Cain,DEM,197,91.63,1446,407,2,2,0,0
706,706,DEM Commissioner Elizabeth Township Ward 1 (Vote For 1),Write-in,DEM,18,8.37,1446,407,2,2,0,0
707,707,DEM Commissioner Elizabeth Township Ward 3 (Vote For 1),Jason Lenart,DEM,183,90.15,1323,380,1,1,0,0
708,708,DEM Commissioner Elizabeth Township Ward 3 (Vote For 1),Write-in,DEM,20,9.85,1323,380,1,1,0,0
709,709,DEM Commissioner Elizabeth Township Ward 5 (Vote For 1),Write-in,DEM,56,100,1198,268,2,2,0,0
710,710,DEM Commissioner Elizabeth Township Ward 7 (Vote For 1),Christopher John Evans,DEM,162,97.59,1205,296,1,1,0,0
711,711,DEM Commissioner Elizabeth Township Ward 7 (Vote For 1),Write-in,DEM,4,2.41,1205,296,1,1,0,0
712,712,DEM Mayor Emsworth (Vote For 1),Write-in,DEM,75,100,1750,401,2,2,0,0
713,713,DEM Member of Council Emsworth (Vote For 3),Write-in,DEM,45,100,1750,401,2,2,0,0
714,714,DEM Member of Council Emsworth (Vote For 1),Write-in,DEM,22,100,1750,401,2,2,0,0
715,715,DEM Member of Council Etna Ward 1 (Vote For 2),Megan Tunon,DEM,119,51.07,800,204,1,1,0,0
716,716,DEM Member of Council Etna Ward 1 (Vote For 2),Brad  Iannuzzi,DEM,111,47.64,800,204,1,1,0,0
717,717,DEM Member of Council Etna Ward 1 (Vote For 2),Write-in,DEM,3,1.29,800,204,1,1,0,0
718,718,DEM Member of Council Etna Ward 2 (Vote For 1),Ronald Trader,DEM,93,93,661,126,1,1,0,0
719,719,DEM Member of Council Etna Ward 2 (Vote For 1),Write-in,DEM,7,7,661,126,1,1,0,0
720,720,DEM Member of Council Etna Ward 3 (Vote For 1),Jessica Semler,DEM,114,97.44,699,174,1,1,0,0
721,721,DEM Member of Council Etna Ward 3 (Vote For 1),Write-in,DEM,3,2.56,699,174,1,1,0,0
722,722,DEM Member of Council Etna Ward 3 (Vote For 1),Write-in,DEM,10,100,699,174,1,1,0,0
723,723,DEM Auditor Fawn (Vote For 1),Write-in,DEM,7,100,1458,424,2,2,0,0
724,724,DEM Auditor Fawn (Vote For 1),Write-in,DEM,8,100,1458,424,2,2,0,0
725,725,DEM Supervisor Fawn (Vote For 2),Jay  Swager,DEM,150,81.52,1458,424,2,2,0,0
726,726,DEM Supervisor Fawn (Vote For 2),Write-in,DEM,34,18.48,1458,424,2,2,0,0
727,727,DEM Auditor Findlay (Vote For 1),Write-in,DEM,36,100,4692,1021,3,3,0,0
728,728,DEM Supervisor Findlay (Vote For 1),Write-in,DEM,98,100,4692,1021,3,3,0,0
729,729,DEM Tax Collector Forest Hills (Vote For 1),Nina Sowiski,DEM,1351,98.76,5328,1854,8,8,0,0
730,730,DEM Tax Collector Forest Hills (Vote For 1),Write-in,DEM,17,1.24,5328,1854,8,8,0,0
731,731,DEM Member of Council Forest Hills (Vote For 3),Joseph DeCrosta,DEM,961,27.73,5328,1854,8,8,0,0
732,732,DEM Member of Council Forest Hills (Vote For 3),John Lawrence,DEM,909,26.23,5328,1854,8,8,0,0
733,733,DEM Member of Council Forest Hills (Vote For 3),Ian Clarke Bacon,DEM,885,25.54,5328,1854,8,8,0,0
734,734,DEM Member of Council Forest Hills (Vote For 3),William Burleigh,DEM,687,19.83,5328,1854,8,8,0,0
735,735,DEM Member of Council Forest Hills (Vote For 3),Write-in,DEM,23,0.66,5328,1854,8,8,0,0
736,736,DEM Auditor Forward (Vote For 1),Write-in,DEM,7,100,2005,676,4,4,0,0
737,737,DEM Auditor Forward (Vote For 1),Write-in,DEM,5,100,2005,676,4,4,0,0
738,738,DEM Auditor Forward (Vote For 1),Write-in,DEM,6,100,2005,676,4,4,0,0
739,739,DEM Supervisor Forward (Vote For 1),David Levdansky,DEM,233,73.27,2005,676,4,4,0,0
740,740,DEM Supervisor Forward (Vote For 1),Write-in,DEM,85,26.73,2005,676,4,4,0,0
741,741,DEM Member of Council Fox Chapel (Vote For 3),Betsy Monroe,DEM,647,44.44,4677,1352,5,5,0,0
742,742,DEM Member of Council Fox Chapel (Vote For 3),Frederick C.  Leech,DEM,508,34.89,4677,1352,5,5,0,0
743,743,DEM Member of Council Fox Chapel (Vote For 3),Write-in,DEM,301,20.67,4677,1352,5,5,0,0
744,744,DEM Member of Council Franklin Park Ward 1 (Vote For 1),Jiang Li,DEM,436,99.09,3849,971,3,3,0,0
745,745,DEM Member of Council Franklin Park Ward 1 (Vote For 1),Write-in,DEM,4,0.91,3849,971,3,3,0,0
746,746,DEM Member of Council Franklin Park Ward 2 (Vote For 1),Laura E. Czekaj,DEM,511,98.84,3909,1125,3,3,0,0
747,747,DEM Member of Council Franklin Park Ward 2 (Vote For 1),Write-in,DEM,6,1.16,3909,1125,3,3,0,0
748,748,DEM Member of Council Franklin Park Ward 3 (Vote For 1),Brian Samuel Malkin,DEM,443,99.33,3324,995,3,3,0,0
749,749,DEM Member of Council Franklin Park Ward 3 (Vote For 1),Write-in,DEM,3,0.67,3324,995,3,3,0,0
750,750,DEM Auditor Frazer (Vote For 1),Write-in,DEM,3,100,788,184,1,1,0,0
751,751,DEM Supervisor Frazer (Vote For 1),Matthew S. Beacom,DEM,93,98.94,788,184,1,1,0,0
752,752,DEM Supervisor Frazer (Vote For 1),Write-in,DEM,1,1.06,788,184,1,1,0,0
753,753,DEM Member of Council Glassport (Vote For 4),Angelo  Norelli,DEM,278,25.39,2568,526,6,6,0,0
754,754,DEM Member of Council Glassport (Vote For 4),Mark Stecak,DEM,277,25.3,2568,526,6,6,0,0
755,755,DEM Member of Council Glassport (Vote For 4),David Kowalski,DEM,266,24.29,2568,526,6,6,0,0
756,756,DEM Member of Council Glassport (Vote For 4),Amy Nabors,DEM,259,23.65,2568,526,6,6,0,0
757,757,DEM Member of Council Glassport (Vote For 4),Write-in,DEM,15,1.37,2568,526,6,6,0,0
758,758,DEM Member of Council Glassport (Vote For 1),Meghan DeVerse,DEM,298,94.9,2568,526,6,6,0,0
759,759,DEM Member of Council Glassport (Vote For 1),Write-in,DEM,16,5.1,2568,526,6,6,0,0
760,760,DEM Auditor Glenfield (Vote For 1),Write-in,DEM,1,100,142,46,1,1,0,0
761,761,DEM Auditor Glenfield (Vote For 1),Write-in,DEM,0,0,142,46,1,1,0,0
762,762,DEM Auditor Glenfield (Vote For 1),Write-in,DEM,0,0,142,46,1,1,0,0
763,763,DEM Member of Council Glenfield (Vote For 3),Write-in,DEM,24,100,142,46,1,1,0,0
764,764,DEM Member of Council Green Tree (Vote For 3),Emily Schwartz,DEM,593,36.34,3700,1020,4,4,0,0
765,765,DEM Member of Council Green Tree (Vote For 3),Ron Panza,DEM,524,32.11,3700,1020,4,4,0,0
766,766,DEM Member of Council Green Tree (Vote For 3),Arthur J. Tintori,DEM,503,30.82,3700,1020,4,4,0,0
767,767,DEM Member of Council Green Tree (Vote For 3),Write-in,DEM,12,0.74,3700,1020,4,4,0,0
768,768,DEM Controller Hampton (Vote For 1),Write-in,DEM,182,100,14156,3728,13,13,0,0
769,769,DEM Member of Council Hampton (Vote For 2),Richard O. Kernick,DEM,1657,51.17,14156,3728,13,13,0,0
770,770,DEM Member of Council Hampton (Vote For 2),Peter Catone,DEM,1550,47.87,14156,3728,13,13,0,0
771,771,DEM Member of Council Hampton (Vote For 2),Write-in,DEM,31,0.96,14156,3728,13,13,0,0
772,772,DEM Auditor Harmar (Vote For 1),Write-in,DEM,5,100,2225,699,3,3,0,0
773,773,DEM Auditor Harmar (Vote For 1),Write-in,DEM,5,100,2225,699,3,3,0,0
774,774,DEM Auditor Harmar (Vote For 1),Write-in,DEM,5,100,2225,699,3,3,0,0
775,775,DEM Supervisor Harmar (Vote For 2),Erik Brannock,DEM,236,50.11,2225,699,3,3,0,0
776,776,DEM Supervisor Harmar (Vote For 2),Joseph Gress,DEM,233,49.47,2225,699,3,3,0,0
777,777,DEM Supervisor Harmar (Vote For 2),Write-in,DEM,2,0.42,2225,699,3,3,0,0
778,778,DEM Commissioner Harrison Ward 1 (Vote For 1),Charles Dizard,DEM,291,98.64,1551,544,3,3,0,0
779,779,DEM Commissioner Harrison Ward 1 (Vote For 1),Write-in,DEM,4,1.36,1551,544,3,3,0,0
780,780,DEM Commissioner Harrison Ward 3 (Vote For 1),Eric Scott Bengel,DEM,213,50.47,1694,657,2,2,0,0
781,781,DEM Commissioner Harrison Ward 3 (Vote For 1),Gary L. Hines,DEM,206,48.82,1694,657,2,2,0,0
782,782,DEM Commissioner Harrison Ward 3 (Vote For 1),Write-in,DEM,3,0.71,1694,657,2,2,0,0
783,783,DEM Commissioner Harrison Ward 5 (Vote For 1),Gary Meanor,DEM,180,97.83,1260,306,2,2,0,0
784,784,DEM Commissioner Harrison Ward 5 (Vote For 1),Write-in,DEM,4,2.17,1260,306,2,2,0,0
785,785,DEM Member of Council Haysville (Vote For 3),Write-in,DEM,8,100,58,19,1,1,0,0
786,786,DEM Member of Council Haysville (Vote For 2),Write-in,DEM,3,100,58,19,1,1,0,0
787,787,DEM Member of Council Heidelberg (Vote For 2),Write-in,DEM,79,100,891,225,1,1,0,0
788,788,DEM Member of Council Homestead Ward 1 (Vote For 1),Lloyd Cunningham,DEM,119,96.75,825,167,2,2,0,0
789,789,DEM Member of Council Homestead Ward 1 (Vote For 1),Write-in,DEM,4,3.25,825,167,2,2,0,0
790,790,DEM Member of Council Homestead Ward 2 (Vote For 1),Connie D. Burwell,DEM,81,100,685,99,2,2,0,0
791,791,DEM Member of Council Homestead Ward 2 (Vote For 1),Write-in,DEM,0,0,685,99,2,2,0,0
792,792,DEM Member of Council Homestead Ward 3 (Vote For 1),Henry A. White,DEM,55,61.11,641,97,2,2,0,0
793,793,DEM Member of Council Homestead Ward 3 (Vote For 1),Donald Dais,DEM,33,36.67,641,97,2,2,0,0
794,794,DEM Member of Council Homestead Ward 3 (Vote For 1),Write-in,DEM,2,2.22,641,97,2,2,0,0
795,795,Dem Auditor Indiana (Vote For 1),Write-in,DEM,65,100,5301,1307,5,5,0,0
796,796,Dem Auditor Indiana (Vote For 1),Write-in,DEM,58,100,5301,1307,5,5,0,0
797,797,DEM Supervisor Indiana District 1 (Vote For 1),Kara  Novogradac,DEM,90,95.74,944,196,1,1,0,0
798,798,DEM Supervisor Indiana District 1 (Vote For 1),Write-in,DEM,4,4.26,944,196,1,1,0,0
799,799,DEM Supervisor Indiana District 2 (Vote For 1),Nettie Owens,DEM,98,90.74,845,193,1,1,0,0
800,800,DEM Supervisor Indiana District 2 (Vote For 1),Write-in,DEM,10,9.26,845,193,1,1,0,0
801,801,DEM Supervisor Indiana District 3 (Vote For 1),Emily S. Cook,DEM,150,86.21,1492,362,1,1,0,0
802,802,DEM Supervisor Indiana District 3 (Vote For 1),Write-in,DEM,24,13.79,1492,362,1,1,0,0
803,803,DEM Supervisor Indiana District 4 (Vote For 1),Sarah Hertweck,DEM,191,97.95,1108,336,1,1,0,0
804,804,DEM Supervisor Indiana District 4 (Vote For 1),Write-in,DEM,4,2.05,1108,336,1,1,0,0
805,805,DEM Tax Collector Ingram (Vote For 1),Patricia A. Romonovich,DEM,384,98.71,2311,567,3,3,0,0
806,806,DEM Tax Collector Ingram (Vote For 1),Write-in,DEM,5,1.29,2311,567,3,3,0,0
807,807,DEM Member of Council Ingram (Vote For 3),Samantha Jo Wilfert,DEM,320,50.87,2311,567,3,3,0,0
808,808,DEM Member of Council Ingram (Vote For 3),Peter Fiset,DEM,259,41.18,2311,567,3,3,0,0
809,809,DEM Member of Council Ingram (Vote For 3),Write-in,DEM,50,7.95,2311,567,3,3,0,0
810,810,DEM Member of Council Ingram (Vote For 1),Denise Embrey,DEM,266,70.74,2311,567,3,3,0,0
811,811,DEM Member of Council Ingram (Vote For 1),Richard L. Smith,DEM,100,26.6,2311,567,3,3,0,0
812,812,DEM Member of Council Ingram (Vote For 1),Write-in,DEM,10,2.66,2311,567,3,3,0,0
813,813,DEM Member of Council Jefferson Hills (Vote For 3),Karen M. Bucy,DEM,831,34.52,8580,2285,9,9,0,0
814,814,DEM Member of Council Jefferson Hills (Vote For 3),Nicole Stoicovy-Ruscitto,DEM,812,33.73,8580,2285,9,9,0,0
815,815,DEM Member of Council Jefferson Hills (Vote For 3),Edward Vincent Manfredi,DEM,700,29.08,8580,2285,9,9,0,0
816,816,DEM Member of Council Jefferson Hills (Vote For 3),Write-in,DEM,64,2.66,8580,2285,9,9,0,0
817,817,DEM Member of Council Jefferson Hills (Vote For 1),Karen M. Bucy,DEM,570,53.12,8580,2285,9,9,0,0
818,818,DEM Member of Council Jefferson Hills (Vote For 1),Nicole Stoicovy-Ruscitto,DEM,480,44.73,8580,2285,9,9,0,0
819,819,DEM Member of Council Jefferson Hills (Vote For 1),Write-in,DEM,23,2.14,8580,2285,9,9,0,0
820,820,DEM Commissioner Kennedy (Vote For 2),Chris DiNardo,DEM,1421,53.54,6563,2190,7,7,0,0
821,821,DEM Commissioner Kennedy (Vote For 2),Frederick Kauffmann,DEM,1085,40.88,6563,2190,7,7,0,0
822,822,DEM Commissioner Kennedy (Vote For 2),Write-in,DEM,148,5.58,6563,2190,7,7,0,0
823,823,DEM Tax Collector Kilbuck (Vote For 1),Write-in,DEM,4,100,603,184,1,1,0,0
824,824,DEM Auditor Kilbuck (Vote For 1),Write-in,DEM,4,100,603,184,1,1,0,0
825,825,DEM Auditor Kilbuck (Vote For 1),Write-in,DEM,3,100,603,184,1,1,0,0
826,826,DEM Auditor Kilbuck (Vote For 1),Write-in,DEM,3,100,603,184,1,1,0,0
827,827,DEM Supervisor Kilbuck (Vote For 1),Write-in,DEM,23,100,603,184,1,1,0,0
828,828,DEM Tax Collector Leet (Vote For 1),Write-in,DEM,21,100,1189,478,2,2,0,0
829,829,DEM Commissioner Leet (Vote For 3),Donna  Adipietro,DEM,158,26.73,1189,478,2,2,0,0
830,830,DEM Commissioner Leet (Vote For 3),Martin C. McDaniel,DEM,147,24.87,1189,478,2,2,0,0
831,831,DEM Commissioner Leet (Vote For 3),Kristine Shelton,DEM,144,24.37,1189,478,2,2,0,0
832,832,DEM Commissioner Leet (Vote For 3),"William S. Wanto, Jr.",DEM,85,14.38,1189,478,2,2,0,0
833,833,DEM Commissioner Leet (Vote For 3),Write-in,DEM,57,9.64,1189,478,2,2,0,0
834,834,DEM Member of Council Leetsdale (Vote For 3),Benjimen J. Frederick,DEM,85,29.93,804,253,1,1,0,0
835,835,DEM Member of Council Leetsdale (Vote For 3),Scott Zahner,DEM,85,29.93,804,253,1,1,0,0
836,836,DEM Member of Council Leetsdale (Vote For 3),Roger A. Nanni,DEM,67,23.59,804,253,1,1,0,0
837,837,DEM Member of Council Leetsdale (Vote For 3),Write-in,DEM,47,16.55,804,253,1,1,0,0
838,838,DEM Member of Council Liberty (Vote For 3),Christopher Michael Ponchak,DEM,157,34.58,1580,371,2,2,0,0
839,839,DEM Member of Council Liberty (Vote For 3),Michael John Zrenchak,DEM,147,32.38,1580,371,2,2,0,0
840,840,DEM Member of Council Liberty (Vote For 3),David Jon Newton Sowa,DEM,143,31.5,1580,371,2,2,0,0
841,841,DEM Member of Council Liberty (Vote For 3),Write-in,DEM,7,1.54,1580,371,2,2,0,0
842,842,DEM Member of Council Liberty (Vote For 1),Janice R. Matyasovsky,DEM,188,98.43,1580,371,2,2,0,0
843,843,DEM Member of Council Liberty (Vote For 1),Write-in,DEM,3,1.57,1580,371,2,2,0,0
844,844,DEM Tax Collector Lincoln (Vote For 1),Write-in,DEM,9,100,645,153,1,1,0,0
845,845,DEM Member of Council Lincoln (Vote For 3),Keli Vereb,DEM,72,34.45,645,153,1,1,0,0
846,846,DEM Member of Council Lincoln (Vote For 3),William D. Denne,DEM,69,33.01,645,153,1,1,0,0
847,847,DEM Member of Council Lincoln (Vote For 3),Paul S. Vereb,DEM,67,32.06,645,153,1,1,0,0
848,848,DEM Member of Council Lincoln (Vote For 3),Write-in,DEM,1,0.48,645,153,1,1,0,0
849,849,Dem Auditor Marshall (Vote For 1),Write-in,DEM,17,100,7201,1610,7,7,0,0
850,850,Dem Auditor Marshall (Vote For 1),Write-in,DEM,18,100,7201,1610,7,7,0,0
851,851,DEM Supervisor Marshall (Vote For 1),Write-in,DEM,45,100,7201,1610,7,7,0,0
852,852,DEM Member of Council McCandless Ward 1 (Vote For 1),Write-in,DEM,115,100,3139,791,3,3,0,0
853,853,DEM Member of Council McCandless Ward 3 (Vote For 1),Write-in,DEM,317,100,3050,931,3,3,0,0
854,854,DEM Member of Council McCandless Ward 5 (Vote For 1),Write-in,DEM,207,100,3211,968,3,3,0,0
855,855,DEM Member of Council McCandless Ward 7 (Vote For 1),Patricia  Cloonan,DEM,426,98.61,3105,861,3,3,0,0
856,856,DEM Member of Council McCandless Ward 7 (Vote For 1),Write-in,DEM,6,1.39,3105,861,3,3,0,0
857,857,DEM Member of Council McDonald (Vote For 4),Tom Rockwell,DEM,22,56.41,217,40,1,1,0,0
858,858,DEM Member of Council McDonald (Vote For 4),Thomas A. McQuillan,DEM,16,41.03,217,40,1,1,0,0
859,859,DEM Member of Council McDonald (Vote For 4),Write-in,DEM,1,2.56,217,40,1,1,0,0
860,860,DEM Mayor McKeesport (Vote For 1),Michael Cherepko,DEM,1277,54.53,10877,2838,32,32,0,0
861,861,DEM Mayor McKeesport (Vote For 1),Corry J. Sanders,DEM,676,28.86,10877,2838,32,32,0,0
862,862,DEM Mayor McKeesport (Vote For 1),Joe Lopretto,DEM,379,16.18,10877,2838,32,32,0,0
863,863,DEM Mayor McKeesport (Vote For 1),Write-in,DEM,10,0.43,10877,2838,32,32,0,0
864,864,DEM Member of Council McKeesport (Vote For 4),Keith Soles,DEM,1383,22.57,10877,2838,32,32,0,0
865,865,DEM Member of Council McKeesport (Vote For 4),Amber Webb,DEM,1262,20.6,10877,2838,32,32,0,0
866,866,DEM Member of Council McKeesport (Vote For 4),Richard Dellapenna,DEM,1165,19.01,10877,2838,32,32,0,0
867,867,DEM Member of Council McKeesport (Vote For 4),LuEthel Nesbit,DEM,1157,18.88,10877,2838,32,32,0,0
868,868,DEM Member of Council McKeesport (Vote For 4),Harold Allen,DEM,1074,17.53,10877,2838,32,32,0,0
869,869,DEM Member of Council McKeesport (Vote For 4),Write-in,DEM,86,1.4,10877,2838,32,32,0,0
870,870,DEM Member of Council McKees Rocks Ward 1 (Vote For 1),Craig Myers,DEM,74,97.37,723,90,2,2,0,0
871,871,DEM Member of Council McKees Rocks Ward 1 (Vote For 1),Write-in,DEM,2,2.63,723,90,2,2,0,0
872,872,DEM Member of Council McKees Rocks Ward 1 (Vote For 1),Barbara A. Marquez,DEM,72,97.3,723,90,2,2,0,0
873,873,DEM Member of Council McKees Rocks Ward 1 (Vote For 1),Write-in,DEM,2,2.7,723,90,2,2,0,0
874,874,DEM Member of Council McKees Rocks Ward 2 (Vote For 1),John Malesnick,DEM,97,97.98,1130,133,2,2,0,0
875,875,DEM Member of Council McKees Rocks Ward 2 (Vote For 1),Write-in,DEM,2,2.02,1130,133,2,2,0,0
876,876,DEM Member of Council McKees Rocks Ward 3 (Vote For 3),"Ralph C. Gallagher, Jr.",DEM,174,46.77,1702,288,3,3,0,0
877,877,DEM Member of Council McKees Rocks Ward 3 (Vote For 3),Arthur Brinza,DEM,152,40.86,1702,288,3,3,0,0
878,878,DEM Member of Council McKees Rocks Ward 3 (Vote For 3),Write-in,DEM,46,12.37,1702,288,3,3,0,0
879,879,DEM Member of Council Millvale (Vote For 4),Katie Dembowski,DEM,323,28.66,2231,502,5,5,0,0
880,880,DEM Member of Council Millvale (Vote For 4),Denise Rudar,DEM,275,24.4,2231,502,5,5,0,0
881,881,DEM Member of Council Millvale (Vote For 4),"Paul D. Bossung, Jr.",DEM,258,22.89,2231,502,5,5,0,0
882,882,DEM Member of Council Millvale (Vote For 4),William G. Stout,DEM,252,22.36,2231,502,5,5,0,0
883,883,DEM Member of Council Millvale (Vote For 4),Write-in,DEM,19,1.69,2231,502,5,5,0,0
884,884,DEM Member of Council Millvale (Vote For 1),Tyler Halt,DEM,329,96.76,2231,502,5,5,0,0
885,885,DEM Member of Council Millvale (Vote For 1),Write-in,DEM,11,3.24,2231,502,5,5,0,0
886,886,DEM Member of Council Monroeville Ward 2 (Vote For 1),Eric Poach,DEM,484,92.19,2899,943,3,3,0,0
887,887,DEM Member of Council Monroeville Ward 2 (Vote For 1),Write-in,DEM,41,7.81,2899,943,3,3,0,0
888,888,DEM Member of Council Monroeville Ward 4 (Vote For 1),"James C. Johns, Jr.",DEM,231,53.6,2585,731,3,3,0,0
889,889,DEM Member of Council Monroeville Ward 4 (Vote For 1),Steven Wolfram,DEM,178,41.3,2585,731,3,3,0,0
890,890,DEM Member of Council Monroeville Ward 4 (Vote For 1),Write-in,DEM,22,5.1,2585,731,3,3,0,0
891,891,DEM Member of Council Monroeville Ward 6 (Vote For 1),Bob Williams,DEM,458,97.86,2997,683,4,4,0,0
892,892,DEM Member of Council Monroeville Ward 6 (Vote For 1),Write-in,DEM,10,2.14,2997,683,4,4,0,0
893,893,DEM Auditor Moon (Vote For 1),Write-in,DEM,213,100,18164,4259,13,13,0,0
894,894,DEM Supervisor Moon (Vote For 2),Kathleen Madonna-Emmerling,DEM,2157,93.26,18164,4259,13,13,0,0
895,895,DEM Supervisor Moon (Vote For 2),Write-in,DEM,156,6.74,18164,4259,13,13,0,0
896,896,DEM Commissioner Mt. Lebanon Ward 1 (Vote For 1),Jeff Siegler,DEM,692,57.67,5156,1818,7,7,0,0
897,897,DEM Commissioner Mt. Lebanon Ward 1 (Vote For 1),Robert Mackey,DEM,503,41.92,5156,1818,7,7,0,0
898,898,DEM Commissioner Mt. Lebanon Ward 1 (Vote For 1),Write-in,DEM,5,0.42,5156,1818,7,7,0,0
899,899,DEM Commissioner Mt. Lebanon Ward 3 (Vote For 1),Anne Swager Wilson,DEM,1081,98.54,5201,1781,8,8,0,0
900,900,DEM Commissioner Mt. Lebanon Ward 3 (Vote For 1),Write-in,DEM,16,1.46,5201,1781,8,8,0,0
901,901,DEM Commissioner Mt. Lebanon Ward 5 (Vote For 1),Andrew Flynn,DEM,1102,99.1,4953,1613,8,8,0,0
902,902,DEM Commissioner Mt. Lebanon Ward 5 (Vote For 1),Write-in,DEM,10,0.9,4953,1613,8,8,0,0
903,903,DEM Member of Council Mt. Oliver (Vote For 3),Christina A. Reft,DEM,173,36.97,2178,288,4,4,0,0
904,904,DEM Member of Council Mt. Oliver (Vote For 3),Frank C. Bernardini,DEM,138,29.49,2178,288,4,4,0,0
905,905,DEM Member of Council Mt. Oliver (Vote For 3),Francis Heckmann,DEM,137,29.27,2178,288,4,4,0,0
906,906,DEM Member of Council Mt. Oliver (Vote For 3),Write-in,DEM,20,4.27,2178,288,4,4,0,0
907,907,DEM Member of Council Munhall (Vote For 3),Bernie Shields,DEM,857,22.39,7583,2128,12,12,0,0
908,908,DEM Member of Council Munhall (Vote For 3),John K. Ondo,DEM,847,22.13,7583,2128,12,12,0,0
909,909,DEM Member of Council Munhall (Vote For 3),Timothy Eads,DEM,734,19.17,7583,2128,12,12,0,0
910,910,DEM Member of Council Munhall (Vote For 3),James M. Barca,DEM,697,18.21,7583,2128,12,12,0,0
911,911,DEM Member of Council Munhall (Vote For 3),Phillip Ostrowski,DEM,646,16.88,7583,2128,12,12,0,0
912,912,DEM Member of Council Munhall (Vote For 3),Write-in,DEM,47,1.23,7583,2128,12,12,0,0
913,913,DEM Commissioner At-Large Neville (Vote For 1),David Kerr,DEM,113,94.17,672,191,3,3,0,0
914,914,DEM Commissioner At-Large Neville (Vote For 1),Write-in,DEM,7,5.83,672,191,3,3,0,0
915,915,DEM Commissioner Neville Ward 1 (Vote For 1),Mark Stewart,DEM,33,76.74,241,67,1,1,0,0
916,916,DEM Commissioner Neville Ward 1 (Vote For 1),Write-in,DEM,10,23.26,241,67,1,1,0,0
917,917,DEM Commissioner Neville Ward 3 (Vote For 1),Jim Brown,DEM,57,100,239,84,1,1,0,0
918,918,DEM Commissioner Neville Ward 3 (Vote For 1),Write-in,DEM,0,0,239,84,1,1,0,0
919,919,DEM Member of Council North Braddock Ward 1 (Vote For 1),Charles Nigro,DEM,201,96.63,1110,238,3,3,0,0
920,920,DEM Member of Council North Braddock Ward 1 (Vote For 1),Write-in,DEM,7,3.37,1110,238,3,3,0,0
921,921,DEM Member of Council North Braddock Ward 2 (Vote For 1),John A. Vahosky,DEM,148,95.48,929,180,2,2,0,0
922,922,DEM Member of Council North Braddock Ward 2 (Vote For 1),Write-in,DEM,7,4.52,929,180,2,2,0,0
923,923,DEM Member of Council North Braddock Ward 3 (Vote For 2),Lisa Franklin-Robinson,DEM,97,63.4,810,121,2,2,0,0
924,924,DEM Member of Council North Braddock Ward 3 (Vote For 2),"Michael Breaston, Jr.",DEM,55,35.95,810,121,2,2,0,0
925,925,DEM Member of Council North Braddock Ward 3 (Vote For 2),Write-in,DEM,1,0.65,810,121,2,2,0,0
926,926,DEM Auditor North Fayette (Vote For 1),Write-in,DEM,79,100,11037,2336,5,5,0,0
927,927,DEM Supervisor North Fayette (Vote For 1),Write-in,DEM,310,100,11037,2336,5,5,0,0
928,928,DEM Commissioner North Versailles Ward 1 (Vote For 1),George Thompson,DEM,201,94.81,1244,317,2,2,0,0
929,929,DEM Commissioner North Versailles Ward 1 (Vote For 1),Write-in,DEM,11,5.19,1244,317,2,2,0,0
930,930,DEM Commissioner North Versailles Ward 3 (Vote For 1),Louise Beswick,DEM,142,53.99,1083,339,2,2,0,0
931,931,DEM Commissioner North Versailles Ward 3 (Vote For 1),Allen R. Wagner,DEM,121,46.01,1083,339,2,2,0,0
932,932,DEM Commissioner North Versailles Ward 3 (Vote For 1),Write-in,DEM,0,0,1083,339,2,2,0,0
933,933,DEM Commissioner North Versailles Ward 5 (Vote For 1),"Russell P. Saula, Sr.",DEM,98,100,865,138,2,2,0,0
934,934,DEM Commissioner North Versailles Ward 5 (Vote For 1),Write-in,DEM,0,0,865,138,2,2,0,0
935,935,DEM Commissioner North Versailles Ward 7 (Vote For 1),Frank J. Bivins,DEM,123,99.19,618,143,1,1,0,0
936,936,DEM Commissioner North Versailles Ward 7 (Vote For 1),Write-in,DEM,1,0.81,618,143,1,1,0,0
937,937,DEM Member of Council Oakdale (Vote For 3),Jonathan Paul DeBor,DEM,140,44.3,1042,294,2,2,0,0
938,938,DEM Member of Council Oakdale (Vote For 3),Jordan Rupe,DEM,106,33.54,1042,294,2,2,0,0
939,939,DEM Member of Council Oakdale (Vote For 3),Write-in,DEM,70,22.15,1042,294,2,2,0,0
940,940,DEM Member of Council Oakmont (Vote For 3),Nancy Ride,DEM,915,34.26,5391,1756,6,6,0,0
941,941,DEM Member of Council Oakmont (Vote For 3),Jennifer Paris,DEM,876,32.8,5391,1756,6,6,0,0
942,942,DEM Member of Council Oakmont (Vote For 3),Deborah L. Ormay,DEM,860,32.2,5391,1756,6,6,0,0
943,943,DEM Member of Council Oakmont (Vote For 3),Write-in,DEM,20,0.75,5391,1756,6,6,0,0
944,944,DEM Auditor O'Hara (Vote For 1),Write-in,DEM,92,100,7311,2285,10,10,0,0
945,945,DEM Member of Council O'Hara (Vote For 2),Paul L. Cullen,DEM,1308,88.68,7311,2285,10,10,0,0
946,946,DEM Member of Council O'Hara (Vote For 2),Write-in,DEM,167,11.32,7311,2285,10,10,0,0
947,947,DEM Supervisor Ohio (Vote For 1),Jason Hines,DEM,779,98.61,5385,1429,3,3,0,0
948,948,DEM Supervisor Ohio (Vote For 1),Write-in,DEM,11,1.39,5385,1429,3,3,0,0
949,949,DEM Member of Council Glen Osborne (Vote For 3),Joshua Marc Lambert,DEM,64,42.11,460,165,1,1,0,0
950,950,DEM Member of Council Glen Osborne (Vote For 3),Michael Borrebach,DEM,56,36.84,460,165,1,1,0,0
951,951,DEM Member of Council Glen Osborne (Vote For 3),Write-in,DEM,32,21.05,460,165,1,1,0,0
952,952,DEM Mayor Penn Hills (Vote For 1),Pauline Calabrese,DEM,2837,48.7,29789,7183,50,50,0,0
953,953,DEM Mayor Penn Hills (Vote For 1),Qiana Buckner,DEM,1674,28.73,29789,7183,50,50,0,0
954,954,DEM Mayor Penn Hills (Vote For 1),Frank Pecora,DEM,1303,22.37,29789,7183,50,50,0,0
955,955,DEM Mayor Penn Hills (Vote For 1),Write-in,DEM,12,0.21,29789,7183,50,50,0,0
956,956,DEM Controller Penn Hills (Vote For 1),Nicholas J. Futules,DEM,5070,99.06,29789,7183,50,50,0,0
957,957,DEM Controller Penn Hills (Vote For 1),Write-in,DEM,48,0.94,29789,7183,50,50,0,0
958,958,DEM Member of Council Penn Hills (Vote For 2),Shawn Kerestus,DEM,3200,36.95,29789,7183,50,50,0,0
959,959,DEM Member of Council Penn Hills (Vote For 2),Alan Waldron,DEM,2844,32.84,29789,7183,50,50,0,0
960,960,DEM Member of Council Penn Hills (Vote For 2),Mark Brodnicki,DEM,2557,29.52,29789,7183,50,50,0,0
961,961,DEM Member of Council Penn Hills (Vote For 2),Write-in,DEM,60,0.69,29789,7183,50,50,0,0
962,962,DEM Member of Council Pennsbury Village (Vote For 3),Barbara Cinpinski,DEM,84,51.85,564,144,1,1,0,0
963,963,DEM Member of Council Pennsbury Village (Vote For 3),Marita Haubrick,DEM,74,45.68,564,144,1,1,0,0
964,964,DEM Member of Council Pennsbury Village (Vote For 3),Write-in,DEM,4,2.47,564,144,1,1,0,0
965,965,DEM Supervisor Pine (Vote For 3),Write-in,DEM,168,100,10967,2443,8,8,0,0
966,966,DEM Member of Council Pitcairn (Vote For 3),James M. Rullo,DEM,221,34.69,1819,398,3,3,0,0
967,967,DEM Member of Council Pitcairn (Vote For 3),Lisa Petrosky,DEM,209,32.81,1819,398,3,3,0,0
968,968,DEM Member of Council Pitcairn (Vote For 3),Deborah Marto,DEM,195,30.61,1819,398,3,3,0,0
969,969,DEM Member of Council Pitcairn (Vote For 3),Write-in,DEM,12,1.88,1819,398,3,3,0,0
970,970,DEM Member of Council Pitcairn (Vote For 1),Debra Freeman,DEM,229,97.86,1819,398,3,3,0,0
971,971,DEM Member of Council Pitcairn (Vote For 1),Write-in,DEM,5,2.14,1819,398,3,3,0,0
972,972,DEM Member of Council Pleasant Hills (Vote For 3),Nicole Leckenby,DEM,771,52.45,6138,1631,10,10,0,0
973,973,DEM Member of Council Pleasant Hills (Vote For 3),Joseph M. Esper,DEM,609,41.43,6138,1631,10,10,0,0
974,974,DEM Member of Council Pleasant Hills (Vote For 3),Write-in,DEM,90,6.12,6138,1631,10,10,0,0
975,975,DEM Member of Council Plum (Vote For 3),Ryan Joseph Delaney,DEM,2101,49.89,19236,5596,21,21,0,0
976,976,DEM Member of Council Plum (Vote For 3),"James Patrick McBride, II",DEM,1825,43.34,19236,5596,21,21,0,0
977,977,DEM Member of Council Plum (Vote For 3),Write-in,DEM,285,6.77,19236,5596,21,21,0,0
978,978,DEM Tax Collector Port Vue (Vote For 1),Lori A. DiMarco,DEM,321,99.07,2223,478,4,4,0,0
979,979,DEM Tax Collector Port Vue (Vote For 1),Write-in,DEM,3,0.93,2223,478,4,4,0,0
980,980,DEM Member of Council Port Vue (Vote For 3),Kenneth J. Hresko,DEM,264,35.82,2223,478,4,4,0,0
981,981,DEM Member of Council Port Vue (Vote For 3),Gregory M. Lombardo,DEM,237,32.16,2223,478,4,4,0,0
982,982,DEM Member of Council Port Vue (Vote For 3),Brandon M. Hale,DEM,224,30.39,2223,478,4,4,0,0
983,983,DEM Member of Council Port Vue (Vote For 3),Write-in,DEM,12,1.63,2223,478,4,4,0,0
984,984,DEM Tax Collector Rankin (Vote For 1),Carl Lewis,DEM,182,97.33,1079,233,3,3,0,0
985,985,DEM Tax Collector Rankin (Vote For 1),Write-in,DEM,5,2.67,1079,233,3,3,0,0
986,986,DEM Member of Council Rankin Ward 1 (Vote For 1),Write-in,DEM,12,100,317,72,1,1,0,0
987,987,DEM Member of Council Rankin Ward 1 (Vote For 1),Write-in,DEM,9,100,317,72,1,1,0,0
988,988,DEM Member of Council Rankin Ward 2 (Vote For 1),Glenn Ford,DEM,54,58.7,377,101,1,1,0,0
989,989,DEM Member of Council Rankin Ward 2 (Vote For 1),"James Wesley Weems, Jr.",DEM,19,20.65,377,101,1,1,0,0
990,990,DEM Member of Council Rankin Ward 2 (Vote For 1),"Ramont Clay, Jr.",DEM,18,19.57,377,101,1,1,0,0
991,991,DEM Member of Council Rankin Ward 2 (Vote For 1),Write-in,DEM,1,1.09,377,101,1,1,0,0
992,992,DEM Member of Council Rankin Ward 3 (Vote For 1),Write-in,DEM,23,100,385,60,1,1,0,0
993,993,DEM Tax Collector Reserve (Vote For 1),Write-in,DEM,58,100,2375,694,4,4,0,0
994,994,DEM Commissioner At-Large Reserve (Vote For 1),Robert Stephens,DEM,391,86.89,2375,694,4,4,0,0
995,995,DEM Commissioner At-Large Reserve (Vote For 1),Write-in,DEM,59,13.11,2375,694,4,4,0,0
996,996,DEM Commissioner Reserve Ward 1 (Vote For 1),Edward J. Vincent,DEM,104,92.86,506,153,1,1,0,0
997,997,DEM Commissioner Reserve Ward 1 (Vote For 1),Write-in,DEM,8,7.14,506,153,1,1,0,0
998,998,DEM Commissioner Reserve Ward 3 (Vote For 1),John Kaib,DEM,79,94.05,518,139,1,1,0,0
999,999,DEM Commissioner Reserve Ward 3 (Vote For 1),Write-in,DEM,5,5.95,518,139,1,1,0,0
1000,1000,DEM Supervisor At-Large Richland (Vote For 1),Write-in,DEM,132,100,8849,2352,8,8,0,0
1001,1001,DEM Supervisor Richland Supervisor 3 (Vote For 1),Write-in,DEM,30,100,2145,581,2,2,0,0
1002,1002,DEM Supervisor Richland Supervisor 4 (Vote For 1),Write-in,DEM,40,100,2086,630,2,2,0,0
1003,1003,DEM Commissioner Robinson (Vote For 2),Gina Pravlochak,DEM,1790,44.67,11449,3557,9,9,0,0
1004,1004,DEM Commissioner Robinson (Vote For 2),James Mancini,DEM,1610,40.18,11449,3557,9,9,0,0
1005,1005,DEM Commissioner Robinson (Vote For 2),Write-in,DEM,607,15.15,11449,3557,9,9,0,0
1006,1006,DEM Commissioner Ross Ward 1 (Vote For 1),Daniel DeMarco,DEM,337,65.18,2628,818,4,4,0,0
1007,1007,DEM Commissioner Ross Ward 1 (Vote For 1),George D. Tunney,DEM,178,34.43,2628,818,4,4,0,0
1008,1008,DEM Commissioner Ross Ward 1 (Vote For 1),Write-in,DEM,2,0.39,2628,818,4,4,0,0
1009,1009,DEM Commissioner Ross Ward 3 (Vote For 1),Sarah Poweska,DEM,396,97.78,2562,720,4,4,0,0
1010,1010,DEM Commissioner Ross Ward 3 (Vote For 1),Write-in,DEM,9,2.22,2562,720,4,4,0,0
1011,1011,DEM Commissioner Ross Ward 5 (Vote For 1),William A. McKellar,DEM,334,80.29,2501,771,4,4,0,0
1012,1012,DEM Commissioner Ross Ward 5 (Vote For 1),Write-in,DEM,82,19.71,2501,771,4,4,0,0
1013,1013,DEM Commissioner Ross Ward 7 (Vote For 1),Patrick Mullin,DEM,357,75.64,2440,699,4,4,0,0
1014,1014,DEM Commissioner Ross Ward 7 (Vote For 1),Christopher Davidson,DEM,114,24.15,2440,699,4,4,0,0
1015,1015,DEM Commissioner Ross Ward 7 (Vote For 1),Write-in,DEM,1,0.21,2440,699,4,4,0,0
1016,1016,DEM Commissioner Ross Ward 9 (Vote For 1),Zebulon E. Plotnick,DEM,354,96.2,2471,819,3,3,0,0
1017,1017,DEM Commissioner Ross Ward 9 (Vote For 1),Write-in,DEM,14,3.8,2471,819,3,3,0,0
1018,1018,DEM Tax Collector Rosslyn Farms (Vote For 1),Write-in,DEM,1,100,408,135,1,1,0,0
1019,1019,DEM Member of Council Rosslyn Farms (Vote For 3),Eve Jackson,DEM,76,95,408,135,1,1,0,0
1020,1020,DEM Member of Council Rosslyn Farms (Vote For 3),Write-in,DEM,4,5,408,135,1,1,0,0
1021,1021,DEM Commissioner Scott Ward 1 (Vote For 1),Eileen L. Meyers,DEM,131,97.76,1185,213,2,2,0,0
1022,1022,DEM Commissioner Scott Ward 1 (Vote For 1),Write-in,DEM,3,2.24,1185,213,2,2,0,0
1023,1023,DEM Commissioner Scott Ward 3 (Vote For 1),Write-in,DEM,18,100,1182,348,2,2,0,0
1024,1024,DEM Commissioner Scott Ward 5 (Vote For 1),Thomas M. Castello,DEM,196,96.55,1286,360,2,2,0,0
1025,1025,DEM Commissioner Scott Ward 5 (Vote For 1),Write-in,DEM,7,3.45,1286,360,2,2,0,0
1026,1026,DEM Commissioner Scott Ward 7 (Vote For 1),Nicholas Seibel,DEM,251,98.82,1512,494,2,2,0,0
1027,1027,DEM Commissioner Scott Ward 7 (Vote For 1),Write-in,DEM,3,1.18,1512,494,2,2,0,0
1028,1028,DEM Commissioner Scott Ward 9 (Vote For 1),Kathleen D. Gazda,DEM,82,97.62,647,135,2,2,0,0
1029,1029,DEM Commissioner Scott Ward 9 (Vote For 1),Write-in,DEM,2,2.38,647,135,2,2,0,0
1030,1030,DEM Member of Council Sewickley Ward 1 (Vote For 1),Julie Barnes,DEM,156,96.3,934,298,1,1,0,0
1031,1031,DEM Member of Council Sewickley Ward 1 (Vote For 1),Write-in,DEM,6,3.7,934,298,1,1,0,0
1032,1032,DEM Member of Council Sewickley Ward 2 (Vote For 2),Cynthia Mullins,DEM,180,81.45,1070,367,2,2,0,0
1033,1033,DEM Member of Council Sewickley Ward 2 (Vote For 2),Write-in,DEM,41,18.55,1070,367,2,2,0,0
1034,1034,DEM Member of Council Sewickley Ward 3 (Vote For 1),Thomas G. Rostek,DEM,171,100,1008,273,1,1,0,0
1035,1035,DEM Member of Council Sewickley Ward 3 (Vote For 1),Write-in,DEM,0,0,1008,273,1,1,0,0
1036,1036,DEM Tax Collector Sewickley Heights (Vote For 1),Write-in,DEM,6,100,741,228,1,1,0,0
1037,1037,DEM Member of Council Sewickley Heights (Vote For 3),Write-in,DEM,23,100,741,228,1,1,0,0
1038,1038,DEM Member of Council Sewickley Hills (Vote For 2),Write-in,DEM,33,100,565,190,1,1,0,0
1039,1039,DEM Commissioner Shaler Ward 1 (Vote For 1),Frank Iozzo,DEM,504,98.82,2769,751,5,5,0,0
1040,1040,DEM Commissioner Shaler Ward 1 (Vote For 1),Write-in,DEM,6,1.18,2769,751,5,5,0,0
1041,1041,DEM Commissioner Shaler Ward 3 (Vote For 1),Write-in,DEM,320,100,3096,1041,5,5,0,0
1042,1042,DEM Commissioner Shaler Ward 5 (Vote For 1),Christopher Squire,DEM,409,84.5,3046,883,5,5,0,0
1043,1043,DEM Commissioner Shaler Ward 5 (Vote For 1),Write-in,DEM,75,15.5,3046,883,5,5,0,0
1044,1044,DEM Commissioner Shaler Ward 7 (Vote For 1),Chris Chirdon,DEM,385,78.41,2909,822,4,4,0,0
1045,1045,DEM Commissioner Shaler Ward 7 (Vote For 1),Write-in,DEM,106,21.59,2909,822,4,4,0,0
1046,1046,DEM Member of Council Sharpsburg (Vote For 3),Sarah Ishman,DEM,244,30.35,2169,514,3,3,0,0
1047,1047,DEM Member of Council Sharpsburg (Vote For 3),Kacie Cope,DEM,231,28.73,2169,514,3,3,0,0
1048,1048,DEM Member of Council Sharpsburg (Vote For 3),Jonathan Jaso,DEM,214,26.62,2169,514,3,3,0,0
1049,1049,DEM Member of Council Sharpsburg (Vote For 3),Write-in,DEM,115,14.3,2169,514,3,3,0,0
1050,1050,DEM Member of Council Sharpsburg (Vote For 1),Write-in,DEM,217,100,2169,514,3,3,0,0
1051,1051,DEM Commissioner South Fayette (Vote For 4),Chuck Lazzini,DEM,1503,26.48,12121,3503,12,12,0,0
1052,1052,DEM Commissioner South Fayette (Vote For 4),Leigh Ann Oravecz,DEM,1441,25.39,12121,3503,12,12,0,0
1053,1053,DEM Commissioner South Fayette (Vote For 4),Write-in,DEM,1378,24.28,12121,3503,12,12,0,0
1054,1054,DEM Commissioner South Fayette (Vote For 4),Joseph Horowitz,DEM,686,12.09,12121,3503,12,12,0,0
1055,1055,DEM Commissioner South Fayette (Vote For 4),Gwen Ann Rodi,DEM,668,11.77,12121,3503,12,12,0,0
1056,1056,DEM Auditor South Park (Vote For 1),Rick Self,DEM,1486,99.07,10044,2680,13,13,0,0
1057,1057,DEM Auditor South Park (Vote For 1),Write-in,DEM,14,0.93,10044,2680,13,13,0,0
1058,1058,DEM Supervisor South Park (Vote For 1),Sharon Adams,DEM,648,39.83,10044,2680,13,13,0,0
1059,1059,DEM Supervisor South Park (Vote For 1),Lawrence Cardillo,DEM,630,38.72,10044,2680,13,13,0,0
1060,1060,DEM Supervisor South Park (Vote For 1),Raymond R. Stasny,DEM,335,20.59,10044,2680,13,13,0,0
1061,1061,DEM Supervisor South Park (Vote For 1),Write-in,DEM,14,0.86,10044,2680,13,13,0,0
1062,1062,DEM Commissioner South Versailles (Vote For 2),Write-in,DEM,30,100,216,74,1,1,0,0
1063,1063,DEM Mayor Springdale Borough (Vote For 1),Write-in,DEM,137,100,2184,708,4,4,0,0
1064,1064,DEM Member of Council Springdale Borough (Vote For 3),Write-in,DEM,138,100,2184,708,4,4,0,0
1065,1065,DEM Commissioner Springdale Township (Vote For 3),Mariana Burns,DEM,168,51.22,1141,406,1,1,0,0
1066,1066,DEM Commissioner Springdale Township (Vote For 3),Rick Schwartz,DEM,151,46.04,1141,406,1,1,0,0
1067,1067,DEM Commissioner Springdale Township (Vote For 3),Write-in,DEM,9,2.74,1141,406,1,1,0,0
1068,1068,DEM Tax Collector Stowe (Vote For 1),Write-in,DEM,165,100,3972,865,11,11,0,0
1069,1069,DEM Commissioner Stowe (Vote For 3),Cheryl McDermott,DEM,433,25.79,3972,865,11,11,0,0
1070,1070,DEM Commissioner Stowe (Vote For 3),Tyler Kochirka,DEM,292,17.39,3972,865,11,11,0,0
1071,1071,DEM Commissioner Stowe (Vote For 3),Jeffrey Paul,DEM,268,15.96,3972,865,11,11,0,0
1072,1072,DEM Commissioner Stowe (Vote For 3),Kelly Cropper Hall,DEM,247,14.71,3972,865,11,11,0,0
1073,1073,DEM Commissioner Stowe (Vote For 3),David M. Rugh,DEM,227,13.52,3972,865,11,11,0,0
1074,1074,DEM Commissioner Stowe (Vote For 3),Peter Fabiano,DEM,185,11.02,3972,865,11,11,0,0
1075,1075,DEM Commissioner Stowe (Vote For 3),Write-in,DEM,27,1.61,3972,865,11,11,0,0
1076,1076,DEM Member of Council Swissvale (Vote For 3),Brittany Swartzwelder,DEM,1068,30.09,6668,1808,11,11,0,0
1077,1077,DEM Member of Council Swissvale (Vote For 3),Christopher B. Ansell,DEM,885,24.94,6668,1808,11,11,0,0
1078,1078,DEM Member of Council Swissvale (Vote For 3),Kevin Hanes,DEM,731,20.6,6668,1808,11,11,0,0
1079,1079,DEM Member of Council Swissvale (Vote For 3),Frank Berry,DEM,295,8.31,6668,1808,11,11,0,0
1080,1080,DEM Member of Council Swissvale (Vote For 3),Jeremy Brake-Zacherl,DEM,281,7.92,6668,1808,11,11,0,0
1081,1081,DEM Member of Council Swissvale (Vote For 3),David J. Miller,DEM,239,6.73,6668,1808,11,11,0,0
1082,1082,DEM Member of Council Swissvale (Vote For 3),Write-in,DEM,50,1.41,6668,1808,11,11,0,0
1083,1083,DEM Member of Council At-Large Tarentum (Vote For 1),Scott Dadowski,DEM,251,92.96,2424,461,5,5,0,0
1084,1084,DEM Member of Council At-Large Tarentum (Vote For 1),Write-in,DEM,19,7.04,2424,461,5,5,0,0
1085,1085,DEM Member of Council Tarentum Ward 1 (Vote For 1),Write-in,DEM,23,100,1076,212,2,2,0,0
1086,1086,DEM Member of Council Tarentum Ward 2 (4 Year Term) (Vote For 1),Scott Dadowski,DEM,68,98.55,508,105,1,1,0,0
1087,1087,DEM Member of Council Tarentum Ward 2 (4 Year Term) (Vote For 1),Write-in,DEM,1,1.45,508,105,1,1,0,0
1088,1088,DEM Member of Council Tarentum Ward 2 (2 Year Term) (Vote For 1),Kevin Bertocki,DEM,63,98.44,508,105,1,1,0,0
1089,1089,DEM Member of Council Tarentum Ward 2 (2 Year Term) (Vote For 1),Write-in,DEM,1,1.56,508,105,1,1,0,0
1090,1090,DEM Member of Council Tarentum Ward 3 (Vote For 1),Write-in,DEM,25,100,840,144,2,2,0,0
1091,1091,DEM Tax Collector Thornburg (Vote For 1),Write-in,DEM,11,100,392,146,1,1,0,0
1092,1092,DEM Member of Council Thornburg (Vote For 3),Mary Ditmore,DEM,90,73.77,392,146,1,1,0,0
1093,1093,DEM Member of Council Thornburg (Vote For 3),Write-in,DEM,32,26.23,392,146,1,1,0,0
1094,1094,DEM Member of Council Trafford (Vote For 4),"Casey L. Shoub, Sr.",DEM,7,58.33,54,10,1,1,0,0
1095,1095,DEM Member of Council Trafford (Vote For 4),Steven Pereovich,DEM,5,41.67,54,10,1,1,0,0
1096,1096,DEM Member of Council Trafford (Vote For 4),Write-in,DEM,0,0,54,10,1,1,0,0
1097,1097,DEM Member of Council Turtle Creek Ward 1 (Vote For 2),Write-in,DEM,41,100,1198,234,2,2,0,0
1098,1098,DEM Member of Council Turtle Creek Ward 2 (Vote For 2),Jill E. Henkel,DEM,94,55.29,947,170,2,2,0,0
1099,1099,DEM Member of Council Turtle Creek Ward 2 (Vote For 2),Nick Bianchi,DEM,67,39.41,947,170,2,2,0,0
1100,1100,DEM Member of Council Turtle Creek Ward 2 (Vote For 2),Write-in,DEM,9,5.29,947,170,2,2,0,0
1101,1101,DEM Member of Council Turtle Creek Ward 3 (Vote For 1),"Max E. Spencer, Jr.",DEM,132,98.51,971,189,2,2,0,0
1102,1102,DEM Member of Council Turtle Creek Ward 3 (Vote For 1),Write-in,DEM,2,1.49,971,189,2,2,0,0
1103,1103,DEM Commissioner At-Large Upper St Clair (Vote For 1),Samantha Rapuk,DEM,2078,98.86,16024,4593,18,18,0,0
1104,1104,DEM Commissioner At-Large Upper St Clair (Vote For 1),Write-in,DEM,24,1.14,16024,4593,18,18,0,0
1105,1105,DEM Commissioner Upper St Clair Ward 1 (Vote For 1),Thomas R. Garvey,DEM,476,99.79,3433,1015,4,4,0,0
1106,1106,DEM Commissioner Upper St Clair Ward 1 (Vote For 1),Write-in,DEM,1,0.21,3433,1015,4,4,0,0
1107,1107,DEM Commissioner Upper St Clair Ward 3 (Vote For 1),Casandra Hrvatin,DEM,409,99.03,2967,886,3,3,0,0
1108,1108,DEM Commissioner Upper St Clair Ward 3 (Vote For 1),Write-in,DEM,4,0.97,2967,886,3,3,0,0
1109,1109,DEM Commissioner Upper St Clair Ward 3 (Vote For 1),Samuel N. Guarino,DEM,383,97.7,2986,815,3,3,0,0
1110,1110,DEM Commissioner Upper St Clair Ward 3 (Vote For 1),Write-in,DEM,9,2.3,2986,815,3,3,0,0
1111,1111,DEM Member of Council Verona (Vote For 3),Sylvia K. Provenza,DEM,209,34.21,1613,423,3,3,0,0
1112,1112,DEM Member of Council Verona (Vote For 3),Nancy A. Carpenter,DEM,203,33.22,1613,423,3,3,0,0
1113,1113,DEM Member of Council Verona (Vote For 3),Timothy W. Long,DEM,168,27.5,1613,423,3,3,0,0
1114,1114,DEM Member of Council Verona (Vote For 3),Write-in,DEM,31,5.07,1613,423,3,3,0,0
1115,1115,DEM Member of Council Verona (Vote For 1),Nancy A. Carpenter,DEM,238,92.25,1613,423,3,3,0,0
1116,1116,DEM Member of Council Verona (Vote For 1),Write-in,DEM,20,7.75,1613,423,3,3,0,0
1117,1117,DEM Member of Council Versailles (Vote For 3),Write-in,DEM,90,100,949,211,2,2,0,0
1118,1118,DEM Member of Council Wall (Vote For 2),Write-in,DEM,8,100,290,63,1,1,0,0
1119,1119,DEM Auditor West Deer (Vote For 1),Write-in,DEM,69,100,8576,2372,8,8,0,0
1120,1120,DEM Supervisor West Deer Supervisor 1 (Vote For 1),Write-in,DEM,38,100,2069,528,2,2,0,0
1121,1121,DEM Supervisor West Deer Supervisor 3 (Vote For 1),Joey Lynn Resciniti,DEM,280,86.69,2511,705,2,2,0,0
1122,1122,DEM Supervisor West Deer Supervisor 3 (Vote For 1),Write-in,DEM,43,13.31,2511,705,2,2,0,0
1123,1123,DEM Supervisor West Deer Supervisor 4 (Vote For 1),Write-in,DEM,152,100,2342,780,2,2,0,0
1124,1124,DEM Auditor West Elizabeth (Vote For 1),Write-in,DEM,3,100,236,47,1,1,0,0
1125,1125,DEM Auditor West Elizabeth (Vote For 1),Write-in,DEM,2,100,236,47,1,1,0,0
1126,1126,DEM Member of Council West Elizabeth (Vote For 3),Write-in,DEM,26,100,236,47,1,1,0,0
1127,1127,DEM Member of Council West Homestead (Vote For 3),Write-in,DEM,565,100,1350,491,3,3,0,0
1128,1128,DEM Member of Council West Mifflin (Vote For 3),Robert J. Kostelnik,DEM,1941,30.45,13573,3915,21,21,0,0
1129,1129,DEM Member of Council West Mifflin (Vote For 3),Anthony E.  Topolnak,DEM,1692,26.54,13573,3915,21,21,0,0
1130,1130,DEM Member of Council West Mifflin (Vote For 3),Michael G. Moses,DEM,1601,25.11,13573,3915,21,21,0,0
1131,1131,DEM Member of Council West Mifflin (Vote For 3),Eddie Kellar,DEM,1085,17.02,13573,3915,21,21,0,0
1132,1132,DEM Member of Council West Mifflin (Vote For 3),Write-in,DEM,56,0.88,13573,3915,21,21,0,0
1133,1133,DEM Member of Council West View (Vote For 3),M. Kimberly Steele,DEM,686,37.94,4578,1222,7,7,0,0
1134,1134,DEM Member of Council West View (Vote For 3),Donald E. Mikec,DEM,563,31.14,4578,1222,7,7,0,0
1135,1135,DEM Member of Council West View (Vote For 3),Scott V. Miller,DEM,537,29.7,4578,1222,7,7,0,0
1136,1136,DEM Member of Council West View (Vote For 3),Write-in,DEM,22,1.22,4578,1222,7,7,0,0
1137,1137,DEM Member of Council West View (Vote For 1),Eugene Borio,DEM,715,97.68,4578,1222,7,7,0,0
1138,1138,DEM Member of Council West View (Vote For 1),Write-in,DEM,17,2.32,4578,1222,7,7,0,0
1139,1139,DEM Member of Council Whitaker (Vote For 3),Christopher Prilla,DEM,114,35.08,742,206,2,2,0,0
1140,1140,DEM Member of Council Whitaker (Vote For 3),Richard C. Lassige,DEM,102,31.38,742,206,2,2,0,0
1141,1141,DEM Member of Council Whitaker (Vote For 3),"Thomas A. Shimpeno, Jr.",DEM,99,30.46,742,206,2,2,0,0
1142,1142,DEM Member of Council Whitaker (Vote For 3),Write-in,DEM,10,3.08,742,206,2,2,0,0
1143,1143,DEM Member of Council Whitaker (Vote For 1),Daniel A. Urban,DEM,140,97.9,742,206,2,2,0,0
1144,1144,DEM Member of Council Whitaker (Vote For 1),Write-in,DEM,3,2.1,742,206,2,2,0,0
1145,1145,DEM Member of Council Whitehall (Vote For 3),Lacey Thomas,DEM,1270,24.2,10539,3273,16,16,0,0
1146,1146,DEM Member of Council Whitehall (Vote For 3),Beth Lynn  Eicher,DEM,1211,23.08,10539,3273,16,16,0,0
1147,1147,DEM Member of Council Whitehall (Vote For 3),Tristan  Lucchetti,DEM,991,18.89,10539,3273,16,16,0,0
1148,1148,DEM Member of Council Whitehall (Vote For 3),Glenn Nagy,DEM,951,18.12,10539,3273,16,16,0,0
1149,1149,DEM Member of Council Whitehall (Vote For 3),Philip J. Lahr,DEM,703,13.4,10539,3273,16,16,0,0
1150,1150,DEM Member of Council Whitehall (Vote For 3),Write-in,DEM,121,2.31,10539,3273,16,16,0,0
1151,1151,DEM Member of Council White Oak (Vote For 3),George C. Pambacas,DEM,780,38.75,5599,1649,7,7,0,0
1152,1152,DEM Member of Council White Oak (Vote For 3),Amanda Leckman DePaulis,DEM,711,35.32,5599,1649,7,7,0,0
1153,1153,DEM Member of Council White Oak (Vote For 3),Brian D. Dinkfelt,DEM,508,25.24,5599,1649,7,7,0,0
1154,1154,DEM Member of Council White Oak (Vote For 3),Write-in,DEM,14,0.7,5599,1649,7,7,0,0
1155,1155,DEM Commissioner At-Large Wilkins (Vote For 2),Michael Boyd,DEM,724,52.81,4815,1345,7,7,0,0
1156,1156,DEM Commissioner At-Large Wilkins (Vote For 2),Mark E. Wells,DEM,640,46.68,4815,1345,7,7,0,0
1157,1157,DEM Commissioner At-Large Wilkins (Vote For 2),Write-in,DEM,7,0.51,4815,1345,7,7,0,0
1158,1158,DEM Commissioner Wilkins Ward 1 (Vote For 1),Brittney Pepper,DEM,642,99.38,3296,944,5,5,0,0
1159,1159,DEM Commissioner Wilkins Ward 1 (Vote For 1),Write-in,DEM,4,0.62,3296,944,5,5,0,0
1160,1160,DEM Member of Council Wilkinsburg Ward 1 (Vote For 2),Linda A.  Atkins,DEM,405,29.98,3947,852,6,6,0,0
1161,1161,DEM Member of Council Wilkinsburg Ward 1 (Vote For 2),Renee Haynes-Johnson,DEM,345,25.54,3947,852,6,6,0,0
1162,1162,DEM Member of Council Wilkinsburg Ward 1 (Vote For 2),Monica Garcia,DEM,298,22.06,3947,852,6,6,0,0
1163,1163,DEM Member of Council Wilkinsburg Ward 1 (Vote For 2),Michael Rose,DEM,233,17.25,3947,852,6,6,0,0
1164,1164,DEM Member of Council Wilkinsburg Ward 1 (Vote For 2),James T. Hayden,DEM,68,5.03,3947,852,6,6,0,0
1165,1165,DEM Member of Council Wilkinsburg Ward 1 (Vote For 2),Write-in,DEM,2,0.15,3947,852,6,6,0,0
1166,1166,DEM Member of Council Wilkinsburg Ward 2 (Vote For 1),Moses Workman,DEM,324,52.6,3628,749,5,5,0,0
1167,1167,DEM Member of Council Wilkinsburg Ward 2 (Vote For 1),Sharmaine Gamble,DEM,183,29.71,3628,749,5,5,0,0
1168,1168,DEM Member of Council Wilkinsburg Ward 2 (Vote For 1),Jacquet Kehm,DEM,103,16.72,3628,749,5,5,0,0
1169,1169,DEM Member of Council Wilkinsburg Ward 2 (Vote For 1),Write-in,DEM,6,0.97,3628,749,5,5,0,0
1170,1170,DEM Member of Council Wilkinsburg Ward 3 (Vote For 1),NaTisha Washington,DEM,723,97.57,4489,1056,6,6,0,0
1171,1171,DEM Member of Council Wilkinsburg Ward 3 (Vote For 1),Write-in,DEM,18,2.43,4489,1056,6,6,0,0
1172,1172,DEM Member of Council Wilmerding (Vote For 4),Joseph Hartzell,DEM,102,43.4,1090,171,2,2,0,0
1173,1173,DEM Member of Council Wilmerding (Vote For 4),Leahmanda Barnes,DEM,77,32.77,1090,171,2,2,0,0
1174,1174,DEM Member of Council Wilmerding (Vote For 4),Write-in,DEM,56,23.83,1090,171,2,2,0,0
1175,1175,REP Justice of the Supreme Court (Vote For 1),Patricia A. McCullough,REP,32325,58.65,896293,235061,1324,1324,0,0
1176,1176,REP Justice of the Supreme Court (Vote For 1),Carolyn Carluccio,REP,22441,40.72,896293,235061,1324,1324,0,0
1177,1177,REP Justice of the Supreme Court (Vote For 1),Write-in,REP,351,0.64,896293,235061,1324,1324,0,0
1178,1178,REP Judge of the Superior Court (Vote For 2),"Harry F. Smail, Jr.",REP,39102,51.81,896293,235061,1324,1324,0,0
1179,1179,REP Judge of the Superior Court (Vote For 2),Maria Battista,REP,35541,47.09,896293,235061,1324,1324,0,0
1180,1180,REP Judge of the Superior Court (Vote For 2),Write-in,REP,834,1.1,896293,235061,1324,1324,0,0
1181,1181,REP Judge of the Commonwealth Court (Vote For 1),Megan Martin,REP,32670,66.29,896293,235061,1324,1324,0,0
1182,1182,REP Judge of the Commonwealth Court (Vote For 1),Josh Prince,REP,16119,32.71,896293,235061,1324,1324,0,0
1183,1183,REP Judge of the Commonwealth Court (Vote For 1),Write-in,REP,491,1,896293,235061,1324,1324,0,0
1184,1184,REP Judge of the Court of Common Pleas (Vote For 1),Anthony DeLuca,REP,28786,58.03,896293,235061,1324,1324,0,0
1185,1185,REP Judge of the Court of Common Pleas (Vote For 1),Patrick A. Sweeney,REP,12701,25.6,896293,235061,1324,1324,0,0
1186,1186,REP Judge of the Court of Common Pleas (Vote For 1),Andy Szefi,REP,7753,15.63,896293,235061,1324,1324,0,0
1187,1187,REP Judge of the Court of Common Pleas (Vote For 1),Write-in,REP,368,0.74,896293,235061,1324,1324,0,0
1188,1188,REP County Chief Executive (Vote For 1),Joseph E. Rockey,REP,44983,94.47,896293,235061,1324,1324,0,0
1189,1189,REP County Chief Executive (Vote For 1),Write-in,REP,2634,5.53,896293,235061,1324,1324,0,0
1190,1190,REP County Treasurer (Vote For 1),Write-in,REP,13755,100,896293,235061,1324,1324,0,0
1191,1191,REP District Attorney (Vote For 1),Write-in,REP,11857,100,896293,235061,1324,1324,0,0
1192,1192,REP County Controller (Vote For 1),Write-in,REP,13306,100,896293,235061,1324,1324,0,0
1193,1193,REP County Council At-Large (Vote For 1),Sam DeMarco,REP,45170,97.9,896293,235061,1324,1324,0,0
1194,1194,REP County Council At-Large (Vote For 1),Write-in,REP,968,2.1,896293,235061,1324,1324,0,0
1195,1195,REP County Council by District 2 (Vote For 1),Suzanne Filiaggi,REP,6802,99.11,71301,19711,67,67,0,0
1196,1196,REP County Council by District 2 (Vote For 1),Write-in,REP,61,0.89,71301,19711,67,67,0,0
1197,1197,REP County Council by District 5 (Vote For 1),Mike Embrescia,REP,5637,98.55,73310,22377,94,94,0,0
1198,1198,REP County Council by District 5 (Vote For 1),Write-in,REP,83,1.45,73310,22377,94,94,0,0
1199,1199,REP County Council by District 6 (Vote For 1),Write-in,REP,1183,100,67370,17240,98,98,0,0
1200,1200,REP County Council by District 7 (Vote For 1),Write-in,REP,242,100,66652,18343,106,106,0,0
1201,1201,REP County Council by District 10 (Vote For 1),Write-in,REP,87,100,73159,16280,138,138,0,0
1202,1202,REP County Council by District 11 (Vote For 1),Write-in,REP,349,100,71626,18830,117,117,0,0
1203,1203,REP County Council by District 13 (Vote For 1),Write-in,REP,215,100,71093,16871,121,121,0,0
1204,1204,REP Pittsburgh Controller (Vote For 1),Write-in,REP,475,100,222236,53070,402,402,0,0
1205,1205,REP Pittsburgh City Council District 1 (Vote For 1),Write-in,REP,80,100,24224,5652,37,37,0,0
1206,1206,REP Pittsburgh City Council District 3 (Vote For 1),Write-in,REP,42,100,25338,3828,42,42,0,0
1207,1207,REP Pittsburgh City Council District 5 (Vote For 1),Write-in,REP,64,100,24942,7898,46,46,0,0
1208,1208,REP Pittsburgh City Council District 7 (Vote For 1),Write-in,REP,46,100,27797,8692,45,45,0,0
1209,1209,REP Pittsburgh City Council District 9 (Vote For 1),Write-in,REP,32,100,26701,7176,64,64,0,0
1210,1210,REP Pittsburgh Schools District 2 (Vote For 1),Ron Sofo,REP,225,60.16,28905,8789,48,48,0,0
1211,1211,REP Pittsburgh Schools District 2 (Vote For 1),Devon Taliaferro,REP,141,37.7,28905,8789,48,48,0,0
1212,1212,REP Pittsburgh Schools District 2 (Vote For 1),Write-in,REP,8,2.14,28905,8789,48,48,0,0
1213,1213,REP Pittsburgh Schools District 4 (Vote For 1),Yael Silk,REP,214,95.11,27366,6826,35,35,0,0
1214,1214,REP Pittsburgh Schools District 4 (Vote For 1),Write-in,REP,11,4.89,27366,6826,35,35,0,0
1215,1215,REP Pittsburgh Schools District 6 (Vote For 1),Write-in,REP,65,100,25001,6307,49,49,0,0
1216,1216,REP Pittsburgh Schools District 8 (Vote For 1),Write-in,REP,29,100,23668,4221,44,44,0,0
1217,1217,REP Magisterial District Judge District 05-02-01 (Vote For 1),Tara Smith,REP,975,97.7,18575,4633,21,21,0,0
1218,1218,REP Magisterial District Judge District 05-02-01 (Vote For 1),Write-in,REP,23,2.3,18575,4633,21,21,0,0
1219,1219,REP Magisterial District Judge District 05-02-03 (Vote For 1),"Daniel J. Konieczka, Jr.",REP,1851,99.04,27766,7763,46,46,0,0
1220,1220,REP Magisterial District Judge District 05-02-03 (Vote For 1),Write-in,REP,18,0.96,27766,7763,46,46,0,0
1221,1221,REP Magisterial District Judge District 05-02-05 (Vote For 1),Carolyn Saldari Bengel,REP,825,61.66,13191,3706,23,23,0,0
1222,1222,REP Magisterial District Judge District 05-02-05 (Vote For 1),Thomas A. Babinsack,REP,513,38.34,13191,3706,23,23,0,0
1223,1223,REP Magisterial District Judge District 05-02-05 (Vote For 1),Write-in,REP,0,0,13191,3706,23,23,0,0
1224,1224,REP Magisterial District Judge District 05-02-07 (Vote For 1),Jeffrey L. Herbst,REP,1222,93.21,22183,5654,28,28,0,0
1225,1225,REP Magisterial District Judge District 05-02-07 (Vote For 1),Write-in,REP,89,6.79,22183,5654,28,28,0,0
1226,1226,REP Magisterial District Judge District 05-02-08 (Vote For 1),Lisa Caulfield,REP,519,96.11,16549,5171,26,26,0,0
1227,1227,REP Magisterial District Judge District 05-02-08 (Vote For 1),Write-in,REP,21,3.89,16549,5171,26,26,0,0
1228,1228,REP Magisterial District Judge District 05-02-10 (Vote For 1),Write-in,REP,36,100,14773,3675,20,20,0,0
1229,1229,REP Magisterial District Judge District 05-02-12 (Vote For 1),Matthew J. Brungo,REP,2809,70.28,41155,10781,37,37,0,0
1230,1230,REP Magisterial District Judge District 05-02-12 (Vote For 1),Eric Fischer,REP,1161,29.05,41155,10781,37,37,0,0
1231,1231,REP Magisterial District Judge District 05-02-12 (Vote For 1),Write-in,REP,27,0.68,41155,10781,37,37,0,0
1232,1232,REP Magisterial District Judge District 05-02-15 (Vote For 1),Patrick D. Campbell,REP,428,98.62,11084,2982,21,21,0,0
1233,1233,REP Magisterial District Judge District 05-02-15 (Vote For 1),Write-in,REP,6,1.38,11084,2982,21,21,0,0
1234,1234,REP Magisterial District Judge District 05-02-16 (Vote For 1),Michael W. Thatcher,REP,2118,99.2,24762,6596,32,32,0,0
1235,1235,REP Magisterial District Judge District 05-02-16 (Vote For 1),Write-in,REP,17,0.8,24762,6596,32,32,0,0
1236,1236,REP Magisterial District Judge District 05-02-23 (Vote For 1),Jack  Kobistek,REP,589,98.66,13308,3129,20,20,0,0
1237,1237,REP Magisterial District Judge District 05-02-23 (Vote For 1),Write-in,REP,8,1.34,13308,3129,20,20,0,0
1238,1238,REP Magisterial District Judge District 05-02-27 (Vote For 1),Write-in,REP,49,100,25460,3525,38,38,0,0
1239,1239,REP Magisterial District Judge District 05-02-31 (Vote For 1),Anthony Vaccarello,REP,273,90.7,28256,8737,50,50,0,0
1240,1240,REP Magisterial District Judge District 05-02-31 (Vote For 1),Write-in,REP,28,9.3,28256,8737,50,50,0,0
1241,1241,REP Magisterial District Judge District 05-02-32 (Vote For 1),Mike Doyle,REP,1219,42.02,24627,7352,27,27,0,0
1242,1242,REP Magisterial District Judge District 05-02-32 (Vote For 1),Matt Feldmeier,REP,823,28.37,24627,7352,27,27,0,0
1243,1243,REP Magisterial District Judge District 05-02-32 (Vote For 1),Ryan Schneiderlochner,REP,671,23.13,24627,7352,27,27,0,0
1244,1244,REP Magisterial District Judge District 05-02-32 (Vote For 1),Margareth Sweeney,REP,168,5.79,24627,7352,27,27,0,0
1245,1245,REP Magisterial District Judge District 05-02-32 (Vote For 1),Write-in,REP,20,0.69,24627,7352,27,27,0,0
1246,1246,REP Magisterial District Judge District 05-02-35 (Vote For 1),Dan Butler,REP,443,97.36,41580,11800,55,55,0,0
1247,1247,REP Magisterial District Judge District 05-02-35 (Vote For 1),Write-in,REP,12,2.64,41580,11800,55,55,0,0
1248,1248,REP Magisterial District Judge District 05-02-36 (Vote For 1),"James J. Hanley, Jr.",REP,224,97.82,11856,3418,26,26,0,0
1249,1249,REP Magisterial District Judge District 05-02-36 (Vote For 1),Write-in,REP,5,2.18,11856,3418,26,26,0,0
1250,1250,REP Magisterial District Judge District 05-02-43 (Vote For 1),Carla Swearingen-Batch,REP,1127,98.95,18012,5747,16,16,0,0
1251,1251,REP Magisterial District Judge District 05-02-43 (Vote For 1),Write-in,REP,12,1.05,18012,5747,16,16,0,0
1252,1252,REP Magisterial District Judge District 05-03-02 (Vote For 1),Joseph Bellissimo,REP,984,36.44,21957,6808,25,25,0,0
1253,1253,REP Magisterial District Judge District 05-03-02 (Vote For 1),Glen Sovich,REP,869,32.19,21957,6808,25,25,0,0
1254,1254,REP Magisterial District Judge District 05-03-02 (Vote For 1),Giuseppe Rosselli,REP,478,17.7,21957,6808,25,25,0,0
1255,1255,REP Magisterial District Judge District 05-03-02 (Vote For 1),Michael J. Lepore,REP,364,13.48,21957,6808,25,25,0,0
1256,1256,REP Magisterial District Judge District 05-03-02 (Vote For 1),Write-in,REP,5,0.19,21957,6808,25,25,0,0
1257,1257,REP Magisterial District Judge District 05-03-03 (Vote For 1),Michael J. Girardi,REP,575,63.33,7602,2530,11,11,0,0
1258,1258,REP Magisterial District Judge District 05-03-03 (Vote For 1),Mitchell Karaica,REP,330,36.34,7602,2530,11,11,0,0
1259,1259,REP Magisterial District Judge District 05-03-03 (Vote For 1),Write-in,REP,3,0.33,7602,2530,11,11,0,0
1260,1260,REP Magisterial District Judge District 05-03-06 (Vote For 1),Bruce J. Boni,REP,161,98.17,7527,1376,18,18,0,0
1261,1261,REP Magisterial District Judge District 05-03-06 (Vote For 1),Write-in,REP,3,1.83,7527,1376,18,18,0,0
1262,1262,REP Magisterial District Judge District 05-03-14 (Vote For 1),Richard King,REP,360,98.09,19733,3864,40,40,0,0
1263,1263,REP Magisterial District Judge District 05-03-14 (Vote For 1),Write-in,REP,7,1.91,19733,3864,40,40,0,0
1264,1264,REP School Director Allegheny Valley (Vote For 5),Paula Jean Moretti,REP,408,15.71,6814,2346,10,10,0,0
1265,1265,REP School Director Allegheny Valley (Vote For 5),Nicole L. Paulovich,REP,397,15.29,6814,2346,10,10,0,0
1266,1266,REP School Director Allegheny Valley (Vote For 5),Kathleen J. Haas,REP,394,15.17,6814,2346,10,10,0,0
1267,1267,REP School Director Allegheny Valley (Vote For 5),Amy Sarno,REP,372,14.32,6814,2346,10,10,0,0
1268,1268,REP School Director Allegheny Valley (Vote For 5),James Schiemer,REP,340,13.09,6814,2346,10,10,0,0
1269,1269,REP School Director Allegheny Valley (Vote For 5),Glenna L. Renaldi,REP,316,12.17,6814,2346,10,10,0,0
1270,1270,REP School Director Allegheny Valley (Vote For 5),Colleen Crumb,REP,305,11.74,6814,2346,10,10,0,0
1271,1271,REP School Director Allegheny Valley (Vote For 5),Write-in,REP,65,2.5,6814,2346,10,10,0,0
1272,1272,REP School Director Allegheny Valley (Vote For 1),Write-in,REP,165,100,6814,2346,10,10,0,0
1273,1273,REP School Director Avonworth (Vote For 5),John Brandt,REP,496,21.83,9518,2582,9,9,0,0
1274,1274,REP School Director Avonworth (Vote For 5),Danielle White,REP,460,20.25,9518,2582,9,9,0,0
1275,1275,REP School Director Avonworth (Vote For 5),Nora Silvey,REP,439,19.32,9518,2582,9,9,0,0
1276,1276,REP School Director Avonworth (Vote For 5),Jenna Paulat,REP,423,18.62,9518,2582,9,9,0,0
1277,1277,REP School Director Avonworth (Vote For 5),Yuling Cheng,REP,415,18.27,9518,2582,9,9,0,0
1278,1278,REP School Director Avonworth (Vote For 5),Write-in,REP,39,1.72,9518,2582,9,9,0,0
1279,1279,REP School Director Baldwin Whitehall (Vote For 5),John Bell,REP,981,17.13,27567,7348,38,38,0,0
1280,1280,REP School Director Baldwin Whitehall (Vote For 5),Dan Knezevich,REP,842,14.7,27567,7348,38,38,0,0
1281,1281,REP School Director Baldwin Whitehall (Vote For 5),Anthony J. DiCesaro,REP,833,14.55,27567,7348,38,38,0,0
1282,1282,REP School Director Baldwin Whitehall (Vote For 5),Janice Tarson,REP,802,14.01,27567,7348,38,38,0,0
1283,1283,REP School Director Baldwin Whitehall (Vote For 5),Peter D. Giglione,REP,801,13.99,27567,7348,38,38,0,0
1284,1284,REP School Director Baldwin Whitehall (Vote For 5),Erik Spratt,REP,775,13.53,27567,7348,38,38,0,0
1285,1285,REP School Director Baldwin Whitehall (Vote For 5),Robert Achtzehn,REP,638,11.14,27567,7348,38,38,0,0
1286,1286,REP School Director Baldwin Whitehall (Vote For 5),Write-in,REP,54,0.94,27567,7348,38,38,0,0
1287,1287,REP School Director Bethel Park (Vote For 5),James H. Modrak,REP,2185,17.32,25848,7684,29,29,0,0
1288,1288,REP School Director Bethel Park (Vote For 5),Barry Christenson,REP,2036,16.14,25848,7684,29,29,0,0
1289,1289,REP School Director Bethel Park (Vote For 5),Kimberly Walsh Turner,REP,1968,15.6,25848,7684,29,29,0,0
1290,1290,REP School Director Bethel Park (Vote For 5),Darren McGregor,REP,1964,15.57,25848,7684,29,29,0,0
1291,1291,REP School Director Bethel Park (Vote For 5),Vincent  Scalzo,REP,1955,15.5,25848,7684,29,29,0,0
1292,1292,REP School Director Bethel Park (Vote For 5),Danielle Gosnell,REP,781,6.19,25848,7684,29,29,0,0
1293,1293,REP School Director Bethel Park (Vote For 5),Liz Avon,REP,655,5.19,25848,7684,29,29,0,0
1294,1294,REP School Director Bethel Park (Vote For 5),Damian  Werts,REP,504,4,25848,7684,29,29,0,0
1295,1295,REP School Director Bethel Park (Vote For 5),Andy Cronican,REP,496,3.93,25848,7684,29,29,0,0
1296,1296,REP School Director Bethel Park (Vote For 5),Write-in,REP,68,0.54,25848,7684,29,29,0,0
1297,1297,REP School Director Brentwood (Vote For 5),"Robert F. Kircher, Jr.",REP,174,21.75,6509,1363,10,10,0,0
1298,1298,REP School Director Brentwood (Vote For 5),Roger E. Gaughan,REP,166,20.75,6509,1363,10,10,0,0
1299,1299,REP School Director Brentwood (Vote For 5),David Schaap,REP,159,19.88,6509,1363,10,10,0,0
1300,1300,REP School Director Brentwood (Vote For 5),Richard H. Briner,REP,147,18.38,6509,1363,10,10,0,0
1301,1301,REP School Director Brentwood (Vote For 5),"David S. Tinker, II",REP,142,17.75,6509,1363,10,10,0,0
1302,1302,REP School Director Brentwood (Vote For 5),Write-in,REP,12,1.5,6509,1363,10,10,0,0
1303,1303,REP School Director Carlynton (Vote For 5),Write-in,REP,577,32.49,10041,2272,15,15,0,0
1304,1304,REP School Director Carlynton (Vote For 5),Kelly Ann Zaletski,REP,266,14.98,10041,2272,15,15,0,0
1305,1305,REP School Director Carlynton (Vote For 5),Jim Schriver,REP,247,13.91,10041,2272,15,15,0,0
1306,1306,REP School Director Carlynton (Vote For 5),George Honchar,REP,239,13.46,10041,2272,15,15,0,0
1307,1307,REP School Director Carlynton (Vote For 5),Joseph C. Appel,REP,231,13.01,10041,2272,15,15,0,0
1308,1308,REP School Director Carlynton (Vote For 5),Derek Luke,REP,216,12.16,10041,2272,15,15,0,0
1309,1309,REP School Director Chartiers Valley (Vote For 5),Kate Drury,REP,1211,16,22319,6100,29,29,0,0
1310,1310,REP School Director Chartiers Valley (Vote For 5),Jeff Choura,REP,1163,15.36,22319,6100,29,29,0,0
1311,1311,REP School Director Chartiers Valley (Vote For 5),Ed Brosky,REP,1049,13.86,22319,6100,29,29,0,0
1312,1312,REP School Director Chartiers Valley (Vote For 5),Darren G. Mariano,REP,1042,13.76,22319,6100,29,29,0,0
1313,1313,REP School Director Chartiers Valley (Vote For 5),Louise F. Huehn,REP,1004,13.26,22319,6100,29,29,0,0
1314,1314,REP School Director Chartiers Valley (Vote For 5),Priscilla Tarr,REP,942,12.44,22319,6100,29,29,0,0
1315,1315,REP School Director Chartiers Valley (Vote For 5),Robert Kearney,REP,614,8.11,22319,6100,29,29,0,0
1316,1316,REP School Director Chartiers Valley (Vote For 5),Sonja P. Svihla,REP,479,6.33,22319,6100,29,29,0,0
1317,1317,REP School Director Chartiers Valley (Vote For 5),Write-in,REP,66,0.87,22319,6100,29,29,0,0
1318,1318,REP School Director Clairton At-Large (Vote For 1),Felix Fucso,REP,92,95.83,3913,863,12,12,0,0
1319,1319,REP School Director Clairton At-Large (Vote For 1),Write-in,REP,4,4.17,3913,863,12,12,0,0
1320,1320,REP School Director Clairton Region 1 (Vote For 1),Jeffery Potts,REP,32,88.89,1015,240,3,3,0,0
1321,1321,REP School Director Clairton Region 1 (Vote For 1),Write-in,REP,4,11.11,1015,240,3,3,0,0
1322,1322,REP School Director Clairton Region 2 (Vote For 1),Write-in,REP,1,100,758,147,3,3,0,0
1323,1323,REP School Director Clairton Region 3 (Vote For 1),Write-in,REP,5,100,1055,206,3,3,0,0
1324,1324,REP School Director Clairton Region 4 (Vote For 1),Roger Tachoir,REP,20,95.24,1085,270,3,3,0,0
1325,1325,REP School Director Clairton Region 4 (Vote For 1),Write-in,REP,1,4.76,1085,270,3,3,0,0
1326,1326,REP School Director Clairton Region 4 (Vote For 1),Kailon P. Lyons,REP,23,100,1085,270,3,3,0,0
1327,1327,REP School Director Clairton Region 4 (Vote For 1),Write-in,REP,0,0,1085,270,3,3,0,0
1328,1328,REP School Director Cornell (Vote For 5),Mark Cavicchia,REP,160,23.02,4416,1093,10,10,0,0
1329,1329,REP School Director Cornell (Vote For 5),Karen K. Murphy,REP,149,21.44,4416,1093,10,10,0,0
1330,1330,REP School Director Cornell (Vote For 5),Michael S. Griffith,REP,135,19.42,4416,1093,10,10,0,0
1331,1331,REP School Director Cornell (Vote For 5),Catherine G. Cocco,REP,125,17.99,4416,1093,10,10,0,0
1332,1332,REP School Director Cornell (Vote For 5),Caryn Code,REP,111,15.97,4416,1093,10,10,0,0
1333,1333,REP School Director Cornell (Vote For 5),Write-in,REP,15,2.16,4416,1093,10,10,0,0
1334,1334,REP School Director Cornell (Vote For 1),Scott Spencer,REP,172,96.63,4416,1093,10,10,0,0
1335,1335,REP School Director Cornell (Vote For 1),Write-in,REP,6,3.37,4416,1093,10,10,0,0
1336,1336,REP School Director Deer Lakes (Vote For 5),James Calvert,REP,636,16.77,10241,2790,11,11,0,0
1337,1337,REP School Director Deer Lakes (Vote For 5),Cristy McCloskey,REP,620,16.35,10241,2790,11,11,0,0
1338,1338,REP School Director Deer Lakes (Vote For 5),Pietro Giuseppe Porco,REP,569,15,10241,2790,11,11,0,0
1339,1339,REP School Director Deer Lakes (Vote For 5),"Leonard Verdetto, III",REP,564,14.87,10241,2790,11,11,0,0
1340,1340,REP School Director Deer Lakes (Vote For 5),Larry Neidig,REP,531,14,10241,2790,11,11,0,0
1341,1341,REP School Director Deer Lakes (Vote For 5),Susan Claus,REP,473,12.47,10241,2790,11,11,0,0
1342,1342,REP School Director Deer Lakes (Vote For 5),Phillip Ziendarski,REP,365,9.62,10241,2790,11,11,0,0
1343,1343,REP School Director Deer Lakes (Vote For 5),Write-in,REP,35,0.92,10241,2790,11,11,0,0
1344,1344,REP School Director Duquesne (Vote For 5),Write-in,REP,29,100,3273,562,10,10,0,0
1345,1345,REP School Director East Allegheny Region 1 (Vote For 1),Write-in,REP,1,100,818,185,2,2,0,0
1346,1346,REP School Director East Allegheny Region 5 (Vote For 1),Write-in,REP,14,100,1153,290,2,2,0,0
1347,1347,REP School Director East Allegheny Region 6 (Vote For 1),Write-in,REP,3,100,901,215,2,2,0,0
1348,1348,REP School Director East Allegheny Region 8 (Vote For 1),Write-in,REP,6,100,871,190,2,2,0,0
1349,1349,REP School Director East Allegheny Region 9 (Vote For 1),Write-in,REP,5,100,865,138,2,2,0,0
1350,1350,REP School Director Elizabeth Forward (Vote For 5),Megan K. Ferraro,REP,769,21.78,11872,3133,16,16,0,0
1351,1351,REP School Director Elizabeth Forward (Vote For 5),Travis Stoffer,REP,733,20.76,11872,3133,16,16,0,0
1352,1352,REP School Director Elizabeth Forward (Vote For 5),Thomas J. Sharkey,REP,682,19.31,11872,3133,16,16,0,0
1353,1353,REP School Director Elizabeth Forward (Vote For 5),Keith Balint,REP,621,17.59,11872,3133,16,16,0,0
1354,1354,REP School Director Elizabeth Forward (Vote For 5),Scott Henry,REP,602,17.05,11872,3133,16,16,0,0
1355,1355,REP School Director Elizabeth Forward (Vote For 5),Write-in,REP,124,3.51,11872,3133,16,16,0,0
1356,1356,REP School Director Fort Cherry (Vote For 5),Amanda Lynn Herforth,REP,12,33.33,217,40,1,1,0,0
1357,1357,REP School Director Fort Cherry (Vote For 5),Write-in,REP,9,25,217,40,1,1,0,0
1358,1358,REP School Director Fort Cherry (Vote For 5),Jodi Nation McKay,REP,8,22.22,217,40,1,1,0,0
1359,1359,REP School Director Fort Cherry (Vote For 5),Juliann Sepesy,REP,7,19.44,217,40,1,1,0,0
1360,1360,REP School Director Fox Chapel Region 1 (Vote For 2),Eric Hamilton,REP,327,97.61,6197,1861,9,9,0,0
1361,1361,REP School Director Fox Chapel Region 1 (Vote For 2),Write-in,REP,8,2.39,6197,1861,9,9,0,0
1362,1362,REP School Director Fox Chapel Region 2 (Vote For 2),Ronald P. Frank,REP,489,55.76,8420,2163,8,8,0,0
1363,1363,REP School Director Fox Chapel Region 2 (Vote For 2),Vanessa Lynch,REP,354,40.36,8420,2163,8,8,0,0
1364,1364,REP School Director Fox Chapel Region 2 (Vote For 2),Write-in,REP,34,3.88,8420,2163,8,8,0,0
1365,1365,REP School Director Fox Chapel Region 3 (Vote For 1),Marybeth Dadd,REP,447,91.6,8006,2608,10,10,0,0
1366,1366,REP School Director Fox Chapel Region 3 (Vote For 1),Write-in,REP,41,8.4,8006,2608,10,10,0,0
1367,1367,REP School Director Gateway (Vote For 5),John Ritter,REP,1063,19.39,22183,5654,28,28,0,0
1368,1368,REP School Director Gateway (Vote For 5),Kelly Matrazzo,REP,885,16.14,22183,5654,28,28,0,0
1369,1369,REP School Director Gateway (Vote For 5),Cheryl E. Boise,REP,801,14.61,22183,5654,28,28,0,0
1370,1370,REP School Director Gateway (Vote For 5),George Lapcevich,REP,771,14.06,22183,5654,28,28,0,0
1371,1371,REP School Director Gateway (Vote For 5),Valerie Warning,REP,595,10.85,22183,5654,28,28,0,0
1372,1372,REP School Director Gateway (Vote For 5),Susan DeLaney,REP,526,9.59,22183,5654,28,28,0,0
1373,1373,REP School Director Gateway (Vote For 5),Donna Burns,REP,485,8.85,22183,5654,28,28,0,0
1374,1374,REP School Director Gateway (Vote For 5),Janette I. Beighel,REP,313,5.71,22183,5654,28,28,0,0
1375,1375,REP School Director Gateway (Vote For 5),Write-in,REP,44,0.8,22183,5654,28,28,0,0
1376,1376,REP School Director Gateway (Vote For 1),John M. Bova,REP,1148,97.29,22183,5654,28,28,0,0
1377,1377,REP School Director Gateway (Vote For 1),Write-in,REP,32,2.71,22183,5654,28,28,0,0
1378,1378,REP School Director Hampton (Vote For 5),Joy Midgley,REP,987,18.32,14156,3728,13,13,0,0
1379,1379,REP School Director Hampton (Vote For 5),Matthew A. Jarrell,REP,936,17.37,14156,3728,13,13,0,0
1380,1380,REP School Director Hampton (Vote For 5),Robert J. Shages,REP,890,16.52,14156,3728,13,13,0,0
1381,1381,REP School Director Hampton (Vote For 5),Maureen Farrell Perkins,REP,860,15.96,14156,3728,13,13,0,0
1382,1382,REP School Director Hampton (Vote For 5),Jenny L. Kennedy,REP,654,12.14,14156,3728,13,13,0,0
1383,1383,REP School Director Hampton (Vote For 5),Trisha Marie Webb,REP,628,11.65,14156,3728,13,13,0,0
1384,1384,REP School Director Hampton (Vote For 5),"Byron P. Hannah, II",REP,410,7.61,14156,3728,13,13,0,0
1385,1385,REP School Director Hampton (Vote For 5),Write-in,REP,24,0.45,14156,3728,13,13,0,0
1386,1386,REP School Director Highlands Region 1 (Vote For 2),Justin Kipp,REP,201,35.39,3882,885,7,7,0,0
1387,1387,REP School Director Highlands Region 1 (Vote For 2),Gene Witt,REP,190,33.45,3882,885,7,7,0,0
1388,1388,REP School Director Highlands Region 1 (Vote For 2),Jenny  Bosak,REP,110,19.37,3882,885,7,7,0,0
1389,1389,REP School Director Highlands Region 1 (Vote For 2),Christa Jones,REP,62,10.92,3882,885,7,7,0,0
1390,1390,REP School Director Highlands Region 1 (Vote For 2),Write-in,REP,5,0.88,3882,885,7,7,0,0
1391,1391,REP School Director Highlands Region 2 (Vote For 1),Shane Chesher,REP,97,37.6,3451,943,7,7,0,0
1392,1392,REP School Director Highlands Region 2 (Vote For 1),Alan Winter,REP,94,36.43,3451,943,7,7,0,0
1393,1393,REP School Director Highlands Region 2 (Vote For 1),Autumn M. Monaghan,REP,67,25.97,3451,943,7,7,0,0
1394,1394,REP School Director Highlands Region 2 (Vote For 1),Write-in,REP,0,0,3451,943,7,7,0,0
1395,1395,REP School Director Highlands Region 3 (Vote For 4),Kristie J. Babinsack,REP,370,32.29,4981,1644,7,7,0,0
1396,1396,REP School Director Highlands Region 3 (Vote For 4),Elijah Majocha,REP,297,25.92,4981,1644,7,7,0,0
1397,1397,REP School Director Highlands Region 3 (Vote For 4),Laura Butler,REP,268,23.39,4981,1644,7,7,0,0
1398,1398,REP School Director Highlands Region 3 (Vote For 4),Misty D. Chybrzynski Woody,REP,202,17.63,4981,1644,7,7,0,0
1399,1399,REP School Director Highlands Region 3 (Vote For 4),Write-in,REP,9,0.79,4981,1644,7,7,0,0
1400,1400,REP School Director Keystone Oaks Region 1 (Vote For 1),Paul Gromek,REP,131,49.62,5947,1418,8,8,0,0
1401,1401,REP School Director Keystone Oaks Region 1 (Vote For 1),Raeann Lindsey,REP,129,48.86,5947,1418,8,8,0,0
1402,1402,REP School Director Keystone Oaks Region 1 (Vote For 1),Write-in,REP,4,1.52,5947,1418,8,8,0,0
1403,1403,REP School Director Keystone Oaks Region 2 (Vote For 2),Write-in,REP,32,100,6196,1644,10,10,0,0
1404,1404,REP School Director Keystone Oaks Region 3 (Vote For 2),Thomas LaPorte,REP,166,50.92,3700,1020,4,4,0,0
1405,1405,REP School Director Keystone Oaks Region 3 (Vote For 2),Theresa  Lydon,REP,152,46.63,3700,1020,4,4,0,0
1406,1406,REP School Director Keystone Oaks Region 3 (Vote For 2),Write-in,REP,8,2.45,3700,1020,4,4,0,0
1407,1407,REP School Director McKeesport Area (Vote For 5),Mark Holtzman,REP,606,14.51,18740,5101,45,45,0,0
1408,1408,REP School Director McKeesport Area (Vote For 5),Jason Pavlecic,REP,523,12.52,18740,5101,45,45,0,0
1409,1409,REP School Director McKeesport Area (Vote For 5),David Seropian,REP,479,11.47,18740,5101,45,45,0,0
1410,1410,REP School Director McKeesport Area (Vote For 5),Joe Lopretto,REP,427,10.23,18740,5101,45,45,0,0
1411,1411,REP School Director McKeesport Area (Vote For 5),Diane Elias,REP,407,9.75,18740,5101,45,45,0,0
1412,1412,REP School Director McKeesport Area (Vote For 5),Matthew Mols,REP,397,9.51,18740,5101,45,45,0,0
1413,1413,REP School Director McKeesport Area (Vote For 5),Matthew Keller,REP,383,9.17,18740,5101,45,45,0,0
1414,1414,REP School Director McKeesport Area (Vote For 5),Thomas Filotei,REP,349,8.36,18740,5101,45,45,0,0
1415,1415,REP School Director McKeesport Area (Vote For 5),Tiffany Wampler,REP,301,7.21,18740,5101,45,45,0,0
1416,1416,REP School Director McKeesport Area (Vote For 5),James Brown,REP,162,3.88,18740,5101,45,45,0,0
1417,1417,REP School Director McKeesport Area (Vote For 5),Cameron L. Preston,REP,113,2.71,18740,5101,45,45,0,0
1418,1418,REP School Director McKeesport Area (Vote For 5),Write-in,REP,29,0.69,18740,5101,45,45,0,0
1419,1419,REP School Director Montour Region 1 (Vote For 2),Mark Rippole,REP,276,49.37,6606,1720,7,7,0,0
1420,1420,REP School Director Montour Region 1 (Vote For 2),Thomas Barclay,REP,260,46.51,6606,1720,7,7,0,0
1421,1421,REP School Director Montour Region 1 (Vote For 2),Write-in,REP,23,4.11,6606,1720,7,7,0,0
1422,1422,REP School Director Montour Region 2 (Vote For 3),Mary Ellen Moore,REP,356,25.69,8110,2694,7,7,0,0
1423,1423,REP School Director Montour Region 2 (Vote For 3),Ken Barth,REP,351,25.32,8110,2694,7,7,0,0
1424,1424,REP School Director Montour Region 2 (Vote For 3),Mark Alarcon,REP,331,23.88,8110,2694,7,7,0,0
1425,1425,REP School Director Montour Region 2 (Vote For 3),Mark Hutter,REP,328,23.67,8110,2694,7,7,0,0
1426,1426,REP School Director Montour Region 2 (Vote For 3),Write-in,REP,20,1.44,8110,2694,7,7,0,0
1427,1427,REP School Director Moon Area (Vote For 5),Crystal Barr,REP,1323,17.74,19859,4662,15,15,0,0
1428,1428,REP School Director Moon Area (Vote For 5),Adam Gill,REP,1309,17.55,19859,4662,15,15,0,0
1429,1429,REP School Director Moon Area (Vote For 5),David White,REP,1297,17.39,19859,4662,15,15,0,0
1430,1430,REP School Director Moon Area (Vote For 5),Bob Zieger,REP,1271,17.04,19859,4662,15,15,0,0
1431,1431,REP School Director Moon Area (Vote For 5),Kristin Sainovich,REP,1256,16.84,19859,4662,15,15,0,0
1432,1432,REP School Director Moon Area (Vote For 5),Sarah Simmons,REP,512,6.86,19859,4662,15,15,0,0
1433,1433,REP School Director Moon Area (Vote For 5),Bryan Seybert,REP,459,6.15,19859,4662,15,15,0,0
1434,1434,REP School Director Moon Area (Vote For 5),Write-in,REP,32,0.43,19859,4662,15,15,0,0
1435,1435,REP School Director Mt. Lebanon (Vote For 5),Hillary Lohr,REP,1443,22.65,25866,8625,38,38,0,0
1436,1436,REP School Director Mt. Lebanon (Vote For 5),Kathy Lopez,REP,1037,16.28,25866,8625,38,38,0,0
1437,1437,REP School Director Mt. Lebanon (Vote For 5),Hannah Fiumara,REP,992,15.57,25866,8625,38,38,0,0
1438,1438,REP School Director Mt. Lebanon (Vote For 5),Ben Webster,REP,503,7.9,25866,8625,38,38,0,0
1439,1439,REP School Director Mt. Lebanon (Vote For 5),Jacob Wyland,REP,469,7.36,25866,8625,38,38,0,0
1440,1440,REP School Director Mt. Lebanon (Vote For 5),Dana M. DiDonato,REP,467,7.33,25866,8625,38,38,0,0
1441,1441,REP School Director Mt. Lebanon (Vote For 5),Todd Hoffman,REP,452,7.09,25866,8625,38,38,0,0
1442,1442,REP School Director Mt. Lebanon (Vote For 5),Valerie Fleisher,REP,351,5.51,25866,8625,38,38,0,0
1443,1443,REP School Director Mt. Lebanon (Vote For 5),Eva Gelman,REP,300,4.71,25866,8625,38,38,0,0
1444,1444,REP School Director Mt. Lebanon (Vote For 5),Brenna Crable,REP,291,4.57,25866,8625,38,38,0,0
1445,1445,REP School Director Mt. Lebanon (Vote For 5),Write-in,REP,66,1.04,25866,8625,38,38,0,0
1446,1446,REP School Director Mt. Lebanon (Vote For 1),Jordon McMichael,REP,757,53.27,25866,8625,38,38,0,0
1447,1447,REP School Director Mt. Lebanon (Vote For 1),Melinda Berdyck,REP,581,40.89,25866,8625,38,38,0,0
1448,1448,REP School Director Mt. Lebanon (Vote For 1),Write-in,REP,83,5.84,25866,8625,38,38,0,0
1449,1449,REP School Director North Allegheny (Vote For 5),Libby Blackburn,REP,3497,16.75,41270,11429,38,38,0,0
1450,1450,REP School Director North Allegheny (Vote For 5),Mike Weniger,REP,3458,16.57,41270,11429,38,38,0,0
1451,1451,REP School Director North Allegheny (Vote For 5),Marcie Crow,REP,3255,15.59,41270,11429,38,38,0,0
1452,1452,REP School Director North Allegheny (Vote For 5),Kate Matz,REP,3219,15.42,41270,11429,38,38,0,0
1453,1453,REP School Director North Allegheny (Vote For 5),Janet Redwing Sidor,REP,2994,14.34,41270,11429,38,38,0,0
1454,1454,REP School Director North Allegheny (Vote For 5),Bob Gibbs,REP,1108,5.31,41270,11429,38,38,0,0
1455,1455,REP School Director North Allegheny (Vote For 5),Elizabeth Warner,REP,1096,5.25,41270,11429,38,38,0,0
1456,1456,REP School Director North Allegheny (Vote For 5),Sylvana Bonner,REP,740,3.55,41270,11429,38,38,0,0
1457,1457,REP School Director North Allegheny (Vote For 5),Jaime Martinez,REP,740,3.55,41270,11429,38,38,0,0
1458,1458,REP School Director North Allegheny (Vote For 5),Anisha Shah,REP,696,3.33,41270,11429,38,38,0,0
1459,1459,REP School Director North Allegheny (Vote For 5),Write-in,REP,70,0.34,41270,11429,38,38,0,0
1460,1460,REP School Director North Hills (Vote For 5),"John C. Hoffman, Jr.",REP,1566,15.02,28537,8265,40,40,0,0
1461,1461,REP School Director North Hills (Vote For 5),Dana Merlino,REP,1465,14.05,28537,8265,40,40,0,0
1462,1462,REP School Director North Hills (Vote For 5),April Lynn Casey,REP,1400,13.42,28537,8265,40,40,0,0
1463,1463,REP School Director North Hills (Vote For 5),Traci L. Brown,REP,1346,12.91,28537,8265,40,40,0,0
1464,1464,REP School Director North Hills (Vote For 5),Kathryn Poniatowski,REP,1305,12.51,28537,8265,40,40,0,0
1465,1465,REP School Director North Hills (Vote For 5),Phil Little,REP,726,6.96,28537,8265,40,40,0,0
1466,1466,REP School Director North Hills (Vote For 5),Helen D. Spade,REP,638,6.12,28537,8265,40,40,0,0
1467,1467,REP School Director North Hills (Vote For 5),Rachael Rennebeck,REP,576,5.52,28537,8265,40,40,0,0
1468,1468,REP School Director North Hills (Vote For 5),Ashley Stephens,REP,490,4.7,28537,8265,40,40,0,0
1469,1469,REP School Director North Hills (Vote For 5),Samantha Ellwood,REP,445,4.27,28537,8265,40,40,0,0
1470,1470,REP School Director North Hills (Vote For 5),Deanna Philpott,REP,415,3.98,28537,8265,40,40,0,0
1471,1471,REP School Director North Hills (Vote For 5),Write-in,REP,57,0.55,28537,8265,40,40,0,0
1472,1472,REP School Director Northgate (Vote For 5),Michael Rajakovic,REP,228,45.06,9057,2051,12,12,0,0
1473,1473,REP School Director Northgate (Vote For 5),Katrina Eames,REP,224,44.27,9057,2051,12,12,0,0
1474,1474,REP School Director Northgate (Vote For 5),Write-in,REP,54,10.67,9057,2051,12,12,0,0
1475,1475,REP School Director Northgate (Vote For 1),Write-in,REP,30,100,9057,2051,12,12,0,0
1476,1476,REP School Director Norwin (Vote For 5),Dale Weisensee,REP,2,18.18,1257,352,2,2,0,0
1477,1477,REP School Director Norwin (Vote For 5),Robert Wayman,REP,2,18.18,1257,352,2,2,0,0
1478,1478,REP School Director Norwin (Vote For 5),Heath Shrum,REP,2,18.18,1257,352,2,2,0,0
1479,1479,REP School Director Norwin (Vote For 5),Bill Bojalad,REP,1,9.09,1257,352,2,2,0,0
1480,1480,REP School Director Norwin (Vote For 5),"Tim Kotch, Sr.",REP,1,9.09,1257,352,2,2,0,0
1481,1481,REP School Director Norwin (Vote For 5),Lynda Funk,REP,1,9.09,1257,352,2,2,0,0
1482,1482,REP School Director Norwin (Vote For 5),Matt Thomas,REP,1,9.09,1257,352,2,2,0,0
1483,1483,REP School Director Norwin (Vote For 5),Thomas Ryan,REP,1,9.09,1257,352,2,2,0,0
1484,1484,REP School Director Norwin (Vote For 5),Tammy Moreno,REP,0,0,1257,352,2,2,0,0
1485,1485,REP School Director Norwin (Vote For 5),Write-in,REP,0,0,1257,352,2,2,0,0
1486,1486,REP School Director Penn Hills (Vote For 5),Robert A. Marra,REP,762,23.7,29789,7183,50,50,0,0
1487,1487,REP School Director Penn Hills (Vote For 5),Meryl R. Thomas,REP,670,20.84,29789,7183,50,50,0,0
1488,1488,REP School Director Penn Hills (Vote For 5),Erin Vecchio,REP,571,17.76,29789,7183,50,50,0,0
1489,1489,REP School Director Penn Hills (Vote For 5),Devon Goetze,REP,558,17.36,29789,7183,50,50,0,0
1490,1490,REP School Director Penn Hills (Vote For 5),Jackie Blakey-Tate,REP,487,15.15,29789,7183,50,50,0,0
1491,1491,REP School Director Penn Hills (Vote For 5),Write-in,REP,167,5.19,29789,7183,50,50,0,0
1492,1492,REP School Director Penn-Trafford (Vote For 2),Nick A. Petrucci,REP,2,66.67,54,10,1,1,0,0
1493,1493,REP School Director Penn-Trafford (Vote For 2),Scott Koscho,REP,1,33.33,54,10,1,1,0,0
1494,1494,REP School Director Penn-Trafford (Vote For 2),Write-in,REP,0,0,54,10,1,1,0,0
1495,1495,REP School Director Pine Richland Region 1 (Vote For 2),Greg DiTullio,REP,591,45.6,7313,1553,5,5,0,0
1496,1496,REP School Director Pine Richland Region 1 (Vote For 2),Marc D. Casciani,REP,554,42.75,7313,1553,5,5,0,0
1497,1497,REP School Director Pine Richland Region 1 (Vote For 2),Ashley Fortier,REP,139,10.73,7313,1553,5,5,0,0
1498,1498,REP School Director Pine Richland Region 1 (Vote For 2),Write-in,REP,12,0.93,7313,1553,5,5,0,0
1499,1499,REP School Director Pine Richland Region 2 (Vote For 1),Leslie Miller,REP,650,74.63,6853,1813,6,6,0,0
1500,1500,REP School Director Pine Richland Region 2 (Vote For 1),Russell Patterson,REP,219,25.14,6853,1813,6,6,0,0
1501,1501,REP School Director Pine Richland Region 2 (Vote For 1),Write-in,REP,2,0.23,6853,1813,6,6,0,0
1502,1502,REP School Director Pine Richland Region 3 (Vote For 2),Philip R. Morrissette,REP,528,40.71,5650,1429,5,5,0,0
1503,1503,REP School Director Pine Richland Region 3 (Vote For 2),Mike Wiethorn,REP,503,38.78,5650,1429,5,5,0,0
1504,1504,REP School Director Pine Richland Region 3 (Vote For 2),Matthew M. Mehalik,REP,145,11.18,5650,1429,5,5,0,0
1505,1505,REP School Director Pine Richland Region 3 (Vote For 2),Jennifer Beuse,REP,117,9.02,5650,1429,5,5,0,0
1506,1506,REP School Director Pine Richland Region 3 (Vote For 2),Write-in,REP,4,0.31,5650,1429,5,5,0,0
1507,1507,REP School Director Plum (Vote For 5),Eric Gumkowski,REP,1178,12.12,19236,5596,21,21,0,0
1508,1508,REP School Director Plum (Vote For 5),Lindsay Arenth,REP,1171,12.04,19236,5596,21,21,0,0
1509,1509,REP School Director Plum (Vote For 5),Mark Stropkaj,REP,1160,11.93,19236,5596,21,21,0,0
1510,1510,REP School Director Plum (Vote For 5),Aaron Butler,REP,1001,10.3,19236,5596,21,21,0,0
1511,1511,REP School Director Plum (Vote For 5),Gary Motor,REP,945,9.72,19236,5596,21,21,0,0
1512,1512,REP School Director Plum (Vote For 5),"Michael Devine, Jr.",REP,730,7.51,19236,5596,21,21,0,0
1513,1513,REP School Director Plum (Vote For 5),Michael Caliguiri,REP,703,7.23,19236,5596,21,21,0,0
1514,1514,REP School Director Plum (Vote For 5),Michelle Stepnick,REP,696,7.16,19236,5596,21,21,0,0
1515,1515,REP School Director Plum (Vote For 5),Renee M. Richardson,REP,499,5.13,19236,5596,21,21,0,0
1516,1516,REP School Director Plum (Vote For 5),Amy L. Wetmore,REP,418,4.3,19236,5596,21,21,0,0
1517,1517,REP School Director Plum (Vote For 5),Adam  Hill,REP,387,3.98,19236,5596,21,21,0,0
1518,1518,REP School Director Plum (Vote For 5),Justin S. Newman,REP,373,3.84,19236,5596,21,21,0,0
1519,1519,REP School Director Plum (Vote For 5),Thomas Edward Feeney,REP,272,2.8,19236,5596,21,21,0,0
1520,1520,REP School Director Plum (Vote For 5),Phil Sewell,REP,148,1.52,19236,5596,21,21,0,0
1521,1521,REP School Director Plum (Vote For 5),Write-in,REP,42,0.43,19236,5596,21,21,0,0
1522,1522,REP School Director Quaker Valley Region 1 (Vote For 1),William B. Jasper,REP,365,71.15,3168,1130,4,4,0,0
1523,1523,REP School Director Quaker Valley Region 1 (Vote For 1),Gianni Floro,REP,148,28.85,3168,1130,4,4,0,0
1524,1524,REP School Director Quaker Valley Region 1 (Vote For 1),Write-in,REP,0,0,3168,1130,4,4,0,0
1525,1525,REP School Director Quaker Valley Region 2 (Vote For 2),Corinna Garcia-Skorpenske,REP,176,40.37,3012,938,4,4,0,0
1526,1526,REP School Director Quaker Valley Region 2 (Vote For 2),Geoff Barnes,REP,122,27.98,3012,938,4,4,0,0
1527,1527,REP School Director Quaker Valley Region 2 (Vote For 2),Juliane Mazzarella,REP,67,15.37,3012,938,4,4,0,0
1528,1528,REP School Director Quaker Valley Region 2 (Vote For 2),Angela Hawes,REP,65,14.91,3012,938,4,4,0,0
1529,1529,REP School Director Quaker Valley Region 2 (Vote For 2),Write-in,REP,6,1.38,3012,938,4,4,0,0
1530,1530,REP School Director Quaker Valley Region 3 (Vote For 2),John  English,REP,526,36.53,4695,1649,8,8,0,0
1531,1531,REP School Director Quaker Valley Region 3 (Vote For 2),George M. Smith,REP,427,29.65,4695,1649,8,8,0,0
1532,1532,REP School Director Quaker Valley Region 3 (Vote For 2),Melissa Walls,REP,256,17.78,4695,1649,8,8,0,0
1533,1533,REP School Director Quaker Valley Region 3 (Vote For 2),Jessica Webster,REP,221,15.35,4695,1649,8,8,0,0
1534,1534,REP School Director Quaker Valley Region 3 (Vote For 2),Write-in,REP,10,0.69,4695,1649,8,8,0,0
1535,1535,REP School Director Riverview (Vote For 5),Nick Paradise,REP,494,20.52,7004,2179,9,9,0,0
1536,1536,REP School Director Riverview (Vote For 5),Colette Saxon-Kmetz,REP,466,19.36,7004,2179,9,9,0,0
1537,1537,REP School Director Riverview (Vote For 5),Seth Wermager,REP,432,17.95,7004,2179,9,9,0,0
1538,1538,REP School Director Riverview (Vote For 5),Melissa Botta-Havran,REP,405,16.83,7004,2179,9,9,0,0
1539,1539,REP School Director Riverview (Vote For 5),Isabelle McDade,REP,375,15.58,7004,2179,9,9,0,0
1540,1540,REP School Director Riverview (Vote For 5),Erin Schuetz,REP,200,8.31,7004,2179,9,9,0,0
1541,1541,REP School Director Riverview (Vote For 5),Write-in,REP,35,1.45,7004,2179,9,9,0,0
1542,1542,REP School Director Shaler Area Region 1 (Vote For 1),Jim Tunstall,REP,497,95.95,8849,2408,15,15,0,0
1543,1543,REP School Director Shaler Area Region 1 (Vote For 1),Write-in,REP,21,4.05,8849,2408,15,15,0,0
1544,1544,REP School Director Shaler Area Region 2 (Vote For 2),Jason Machajewski,REP,492,53.13,9738,2738,16,16,0,0
1545,1545,REP School Director Shaler Area Region 2 (Vote For 2),Eileen Phillips,REP,413,44.6,9738,2738,16,16,0,0
1546,1546,REP School Director Shaler Area Region 2 (Vote For 2),Write-in,REP,21,2.27,9738,2738,16,16,0,0
1547,1547,REP School Director Shaler Area Region 3 (Vote For 2),James L. Fisher,REP,543,51.96,9179,2617,15,15,0,0
1548,1548,REP School Director Shaler Area Region 3 (Vote For 2),Dorothy J. Petrancosta,REP,489,46.79,9179,2617,15,15,0,0
1549,1549,REP School Director Shaler Area Region 3 (Vote For 2),Write-in,REP,13,1.24,9179,2617,15,15,0,0
1550,1550,REP School Director South Allegheny (Vote For 5),Jason Ewing,REP,250,26.51,7016,1528,13,13,0,0
1551,1551,REP School Director South Allegheny (Vote For 5),Amy Moranelli-Johnson,REP,230,24.39,7016,1528,13,13,0,0
1552,1552,REP School Director South Allegheny (Vote For 5),Carol Craig,REP,226,23.97,7016,1528,13,13,0,0
1553,1553,REP School Director South Allegheny (Vote For 5),Lauren DiBeneditto Huey,REP,203,21.53,7016,1528,13,13,0,0
1554,1554,REP School Director South Allegheny (Vote For 5),Write-in,REP,34,3.61,7016,1528,13,13,0,0
1555,1555,REP School Director South Fayette (Vote For 5),Thomas Iagnemma,REP,843,16.95,12121,3503,12,12,0,0
1556,1556,REP School Director South Fayette (Vote For 5),William Gray,REP,776,15.6,12121,3503,12,12,0,0
1557,1557,REP School Director South Fayette (Vote For 5),Esther Cardillo,REP,601,12.08,12121,3503,12,12,0,0
1558,1558,REP School Director South Fayette (Vote For 5),Rebecca Bruce,REP,479,9.63,12121,3503,12,12,0,0
1559,1559,REP School Director South Fayette (Vote For 5),Barry Miller,REP,437,8.79,12121,3503,12,12,0,0
1560,1560,REP School Director South Fayette (Vote For 5),P. Ryan Fornella,REP,436,8.77,12121,3503,12,12,0,0
1561,1561,REP School Director South Fayette (Vote For 5),Teresa E. Burroughs,REP,385,7.74,12121,3503,12,12,0,0
1562,1562,REP School Director South Fayette (Vote For 5),Jason Olexa,REP,383,7.7,12121,3503,12,12,0,0
1563,1563,REP School Director South Fayette (Vote For 5),Stephen J. Goldstein,REP,310,6.23,12121,3503,12,12,0,0
1564,1564,REP School Director South Fayette (Vote For 5),Dina Zimage,REP,274,5.51,12121,3503,12,12,0,0
1565,1565,REP School Director South Fayette (Vote For 5),Write-in,REP,50,1.01,12121,3503,12,12,0,0
1566,1566,REP School Director South Park (Vote For 5),Brenda M. Lindsay,REP,744,26.66,10044,2680,13,13,0,0
1567,1567,REP School Director South Park (Vote For 5),David Giusti,REP,587,21.03,10044,2680,13,13,0,0
1568,1568,REP School Director South Park (Vote For 5),Nicholas J. Rudolph,REP,440,15.76,10044,2680,13,13,0,0
1569,1569,REP School Director South Park (Vote For 5),Angela Girol,REP,411,14.73,10044,2680,13,13,0,0
1570,1570,REP School Director South Park (Vote For 5),Gary Smith,REP,326,11.68,10044,2680,13,13,0,0
1571,1571,REP School Director South Park (Vote For 5),Lire Jackson,REP,242,8.67,10044,2680,13,13,0,0
1572,1572,REP School Director South Park (Vote For 5),Write-in,REP,41,1.47,10044,2680,13,13,0,0
1573,1573,REP School Director At-Large Steel Valley (Vote For 3),James Bulger,REP,345,74.03,11084,2982,21,21,0,0
1574,1574,REP School Director At-Large Steel Valley (Vote For 3),Write-in,REP,121,25.97,11084,2982,21,21,0,0
1575,1575,REP School Director Steel Valley Region 2 (Vote For 1),James Bulger,REP,113,83.09,2969,929,6,6,0,0
1576,1576,REP School Director Steel Valley Region 2 (Vote For 1),Write-in,REP,23,16.91,2969,929,6,6,0,0
1577,1577,REP School Director Steel Valley Region 3 (Vote For 1),Daniel Rojtas,REP,198,94.29,3907,1296,5,5,0,0
1578,1578,REP School Director Steel Valley Region 3 (Vote For 1),Write-in,REP,12,5.71,3907,1296,5,5,0,0
1579,1579,REP School Director At-Large Sto-Rox (Vote For 1),Write-in,REP,34,100,7527,1376,18,18,0,0
1580,1580,REP School Director Sto-Rox Region 1 (Vote For 2),Write-in,REP,6,100,3555,511,7,7,0,0
1581,1581,REP School Director Sto-Rox Region 2 (Vote For 2),Write-in,REP,17,100,3972,865,11,11,0,0
1582,1582,REP School Director Sto-Rox Region 2 (Vote For 1),Write-in,REP,12,100,3972,865,11,11,0,0
1583,1583,REP School Director Upper Saint Clair (Vote For 5),Angela B. Petersen,REP,1646,17.83,16024,4593,18,18,0,0
1584,1584,REP School Director Upper Saint Clair (Vote For 5),Barbara L. Bolas,REP,1639,17.75,16024,4593,18,18,0,0
1585,1585,REP School Director Upper Saint Clair (Vote For 5),Hallie Hawkins Snyder,REP,1623,17.58,16024,4593,18,18,0,0
1586,1586,REP School Director Upper Saint Clair (Vote For 5),Kelly Parker Hanna,REP,1587,17.19,16024,4593,18,18,0,0
1587,1587,REP School Director Upper Saint Clair (Vote For 5),Justin Daniel Lamber,REP,1567,16.97,16024,4593,18,18,0,0
1588,1588,REP School Director Upper Saint Clair (Vote For 5),Chris Daley,REP,344,3.73,16024,4593,18,18,0,0
1589,1589,REP School Director Upper Saint Clair (Vote For 5),Kathleen Carroll,REP,307,3.32,16024,4593,18,18,0,0
1590,1590,REP School Director Upper Saint Clair (Vote For 5),Sebastien Dubreil,REP,258,2.79,16024,4593,18,18,0,0
1591,1591,REP School Director Upper Saint Clair (Vote For 5),Mateusz Kruk,REP,210,2.27,16024,4593,18,18,0,0
1592,1592,REP School Director Upper Saint Clair (Vote For 5),Write-in,REP,53,0.57,16024,4593,18,18,0,0
1593,1593,REP School Director West Allegheny Region 1 (Vote For 2),Robert Ostrander,REP,175,52.08,3178,825,3,3,0,0
1594,1594,REP School Director West Allegheny Region 1 (Vote For 2),Write-in,REP,161,47.92,3178,825,3,3,0,0
1595,1595,REP School Director West Allegheny Region 2 (Vote For 1),Steven Psomas,REP,379,56.23,8901,1805,4,4,0,0
1596,1596,REP School Director West Allegheny Region 2 (Vote For 1),Eric Vannoy,REP,288,42.73,8901,1805,4,4,0,0
1597,1597,REP School Director West Allegheny Region 2 (Vote For 1),Write-in,REP,7,1.04,8901,1805,4,4,0,0
1598,1598,REP School Director West Allegheny Region 3 (Vote For 2),Victoria Hatton Bozic,REP,257,41.79,4692,1021,3,3,0,0
1599,1599,REP School Director West Allegheny Region 3 (Vote For 2),Steven R. Pons,REP,195,31.71,4692,1021,3,3,0,0
1600,1600,REP School Director West Allegheny Region 3 (Vote For 2),Mark Rosen,REP,155,25.2,4692,1021,3,3,0,0
1601,1601,REP School Director West Allegheny Region 3 (Vote For 2),Write-in,REP,8,1.3,4692,1021,3,3,0,0
1602,1602,REP School Director West Jefferson Hills (Vote For 5),Suzanne Downer,REP,1005,18.77,14954,3963,20,20,0,0
1603,1603,REP School Director West Jefferson Hills (Vote For 5),Anthony J. Rash,REP,950,17.75,14954,3963,20,20,0,0
1604,1604,REP School Director West Jefferson Hills (Vote For 5),Chelsea Campolongo,REP,936,17.49,14954,3963,20,20,0,0
1605,1605,REP School Director West Jefferson Hills (Vote For 5),Denise Kahler,REP,866,16.18,14954,3963,20,20,0,0
1606,1606,REP School Director West Jefferson Hills (Vote For 5),David M. Dominick,REP,591,11.04,14954,3963,20,20,0,0
1607,1607,REP School Director West Jefferson Hills (Vote For 5),Brian P. Smith,REP,567,10.59,14954,3963,20,20,0,0
1608,1608,REP School Director West Jefferson Hills (Vote For 5),Tracey Arthrell,REP,368,6.87,14954,3963,20,20,0,0
1609,1609,REP School Director West Jefferson Hills (Vote For 5),Write-in,REP,70,1.31,14954,3963,20,20,0,0
1610,1610,REP School Director West Jefferson Hills (Vote For 1),Adam Matthew Rice,REP,599,44.01,14954,3963,20,20,0,0
1611,1611,REP School Director West Jefferson Hills (Vote For 1),Suzanne Downer,REP,339,24.91,14954,3963,20,20,0,0
1612,1612,REP School Director West Jefferson Hills (Vote For 1),David M. Dominick,REP,265,19.47,14954,3963,20,20,0,0
1613,1613,REP School Director West Jefferson Hills (Vote For 1),Brian P. Smith,REP,152,11.17,14954,3963,20,20,0,0
1614,1614,REP School Director West Jefferson Hills (Vote For 1),Write-in,REP,6,0.44,14954,3963,20,20,0,0
1615,1615,REP School Director West Mifflin Area (Vote For 5),Janelle L. Kopay,REP,474,18.89,14315,4121,23,23,0,0
1616,1616,REP School Director West Mifflin Area (Vote For 5),Gina Englert,REP,422,16.82,14315,4121,23,23,0,0
1617,1617,REP School Director West Mifflin Area (Vote For 5),Steven Arbasak,REP,323,12.87,14315,4121,23,23,0,0
1618,1618,REP School Director West Mifflin Area (Vote For 5),Tony DiCenzo,REP,305,12.16,14315,4121,23,23,0,0
1619,1619,REP School Director West Mifflin Area (Vote For 5),Jonathan Mattis,REP,301,12,14315,4121,23,23,0,0
1620,1620,REP School Director West Mifflin Area (Vote For 5),Nicholas Alexandroff,REP,299,11.92,14315,4121,23,23,0,0
1621,1621,REP School Director West Mifflin Area (Vote For 5),Matthew J. Blazevich,REP,292,11.64,14315,4121,23,23,0,0
1622,1622,REP School Director West Mifflin Area (Vote For 5),Write-in,REP,93,3.71,14315,4121,23,23,0,0
1623,1623,REP School Director Wilkinsburg (Vote For 5),Monica Garcia,REP,72,32.88,12064,2657,17,17,0,0
1624,1624,REP School Director Wilkinsburg (Vote For 5),Amanda Barber,REP,67,30.59,12064,2657,17,17,0,0
1625,1625,REP School Director Wilkinsburg (Vote For 5),Debra Raubenstrauch,REP,64,29.22,12064,2657,17,17,0,0
1626,1626,REP School Director Wilkinsburg (Vote For 5),Write-in,REP,16,7.31,12064,2657,17,17,0,0
1627,1627,REP School Director Wilkinsburg (Vote For 2),W. Dennis Bossick,REP,54,37.5,12064,2657,17,17,0,0
1628,1628,REP School Director Wilkinsburg (Vote For 2),Monica Garcia,REP,43,29.86,12064,2657,17,17,0,0
1629,1629,REP School Director Wilkinsburg (Vote For 2),Amanda Barber,REP,42,29.17,12064,2657,17,17,0,0
1630,1630,REP School Director Wilkinsburg (Vote For 2),Write-in,REP,5,3.47,12064,2657,17,17,0,0
1631,1631,REP School Director Woodland Hills Region 1 (Vote For 2),Timothy Reed,REP,436,91.98,11221,3082,18,18,0,0
1632,1632,REP School Director Woodland Hills Region 1 (Vote For 2),Write-in,REP,38,8.02,11221,3082,18,18,0,0
1633,1633,REP School Director Woodland Hills Region 2 (Vote For 2),Michael Rensland,REP,153,91.07,11867,3301,20,20,0,0
1634,1634,REP School Director Woodland Hills Region 2 (Vote For 2),Write-in,REP,15,8.93,11867,3301,20,20,0,0
1635,1635,REP School Director Woodland Hills Region 2 (Vote For 1),Write-in,REP,16,100,11867,3301,20,20,0,0
1636,1636,REP School Director Woodland Hills Region 3 (Vote For 1),Laura Arthrell,REP,248,93.23,10635,2914,20,20,0,0
1637,1637,REP School Director Woodland Hills Region 3 (Vote For 1),Write-in,REP,18,6.77,10635,2914,20,20,0,0
1638,1638,REP Commissioner Aleppo (Vote For 2),Arthur C. Williams,REP,187,94.92,1319,487,1,1,0,0
1639,1639,REP Commissioner Aleppo (Vote For 2),Write-in,REP,10,5.08,1319,487,1,1,0,0
1640,1640,REP Member of Council Aspinwall (Vote For 3),Write-in,REP,144,30.44,2204,918,3,3,0,0
1641,1641,REP Member of Council Aspinwall (Vote For 3),Timothy P. McLaughlin,REP,141,29.81,2204,918,3,3,0,0
1642,1642,REP Member of Council Aspinwall (Vote For 3),Terry Nelson Taylor,REP,110,23.26,2204,918,3,3,0,0
1643,1643,REP Member of Council Aspinwall (Vote For 3),Sharon Donnick,REP,78,16.49,2204,918,3,3,0,0
1644,1644,REP Mayor Avalon (Vote For 1),Brigitte Jackson,REP,132,94.29,3347,825,6,6,0,0
1645,1645,REP Mayor Avalon (Vote For 1),Write-in,REP,8,5.71,3347,825,6,6,0,0
1646,1646,REP Tax Collector Avalon (Vote For 1),Write-in,REP,10,100,3347,825,6,6,0,0
1647,1647,REP Member of Council Avalon Ward 1 (Vote For 2),Paul Morack,REP,31,83.78,1030,236,1,1,0,0
1648,1648,REP Member of Council Avalon Ward 1 (Vote For 2),Write-in,REP,6,16.22,1030,236,1,1,0,0
1649,1649,REP Member of Council Avalon Ward 2 (Vote For 1),William Pascale,REP,60,100,1092,270,2,2,0,0
1650,1650,REP Member of Council Avalon Ward 2 (Vote For 1),Write-in,REP,0,0,1092,270,2,2,0,0
1651,1651,REP Member of Council Avalon Ward 2 (Vote For 1),Lee E. Nelson,REP,60,98.36,1092,270,2,2,0,0
1652,1652,REP Member of Council Avalon Ward 2 (Vote For 1),Write-in,REP,1,1.64,1092,270,2,2,0,0
1653,1653,REP Member of Council Avalon Ward 3 (Vote For 1),Write-in,REP,9,100,1225,319,3,3,0,0
1654,1654,REP Member of Council Baldwin Borough (Vote For 3),Rebecca Conley,REP,508,72.16,14208,3351,18,18,0,0
1655,1655,REP Member of Council Baldwin Borough (Vote For 3),Write-in,REP,196,27.84,14208,3351,18,18,0,0
1656,1656,REP Commissioner Baldwin Township (Vote For 3),Nick Pellegrino,REP,61,54.95,1492,376,2,2,0,0
1657,1657,REP Commissioner Baldwin Township (Vote For 3),Tyrus Scott Fluharty,REP,40,36.04,1492,376,2,2,0,0
1658,1658,REP Commissioner Baldwin Township (Vote For 3),Write-in,REP,10,9.01,1492,376,2,2,0,0
1659,1659,REP Member of Council Bell Acres (Vote For 3),Gregory C. Molchen,REP,126,35.69,1175,399,1,1,0,0
1660,1660,REP Member of Council Bell Acres (Vote For 3),Lane J. Grafton,REP,120,33.99,1175,399,1,1,0,0
1661,1661,REP Member of Council Bell Acres (Vote For 3),Carmee Murphy-Horton,REP,101,28.61,1175,399,1,1,0,0
1662,1662,REP Member of Council Bell Acres (Vote For 3),Write-in,REP,6,1.7,1175,399,1,1,0,0
1663,1663,REP Auditor Bellevue (Vote For 1),Write-in,REP,17,100,5710,1226,6,6,0,0
1664,1664,REP Member of Council Bellevue Ward 1 (Vote For 1),Write-in,REP,52,100,1839,412,2,2,0,0
1665,1665,REP Member of Council Bellevue Ward 2 (Vote For 1),Write-in,REP,10,100,1979,393,2,2,0,0
1666,1666,REP Member of Council Bellevue Ward 2 (Vote For 1),Write-in,REP,7,100,1979,393,2,2,0,0
1667,1667,REP Member of Council Bellevue Ward 3 (Vote For 2),Thomas M. Fowler,REP,53,67.95,1892,421,2,2,0,0
1668,1668,REP Member of Council Bellevue Ward 3 (Vote For 2),Write-in,REP,25,32.05,1892,421,2,2,0,0
1669,1669,REP Member of Council Ben Avon (Vote For 3),Write-in,REP,12,100,1444,444,2,2,0,0
1670,1670,REP Member of Council Ben Avon Heights (Vote For 4),Jacquelyn Neunder,REP,33,50,336,124,1,1,0,0
1671,1671,REP Member of Council Ben Avon Heights (Vote For 4),Write-in,REP,33,50,336,124,1,1,0,0
1672,1672,REP Member of Council Ben Avon Heights (Vote For 1),Write-in,REP,6,100,336,124,1,1,0,0
1673,1673,REP Member of Council Bethel Park Ward 2 (Vote For 1),Kimberly Kamenicky,REP,246,96.85,2684,759,3,3,0,0
1674,1674,REP Member of Council Bethel Park Ward 2 (Vote For 1),Write-in,REP,8,3.15,2684,759,3,3,0,0
1675,1675,REP Member of Council Bethel Park Ward 4 (Vote For 1),Todd S. Cenci,REP,256,97.71,2921,890,3,3,0,0
1676,1676,REP Member of Council Bethel Park Ward 4 (Vote For 1),Write-in,REP,6,2.29,2921,890,3,3,0,0
1677,1677,REP Member of Council Bethel Park Ward 6 (Vote For 1),Jim Jenkins,REP,337,97.97,3054,938,3,3,0,0
1678,1678,REP Member of Council Bethel Park Ward 6 (Vote For 1),Write-in,REP,7,2.03,3054,938,3,3,0,0
1679,1679,REP Member of Council Bethel Park Ward 8 (Vote For 1),Zeb Jansante,REP,245,97.22,2783,828,4,4,0,0
1680,1680,REP Member of Council Bethel Park Ward 8 (Vote For 1),Write-in,REP,7,2.78,2783,828,4,4,0,0
1681,1681,REP Member of Council Blawnox (Vote For 3),Write-in,REP,20,100,961,256,1,1,0,0
1682,1682,REP Member of Council Brackenridge Ward 1 (Vote For 1),Write-in,REP,5,100,469,135,1,1,0,0
1683,1683,REP Member of Council Brackenridge Ward 2 (Vote For 1),Write-in,REP,6,100,733,214,1,1,0,0
1684,1684,REP Member of Council Brackenridge Ward 3 (Vote For 1),Write-in,REP,6,100,624,133,1,1,0,0
1685,1685,REP Member of Council Braddock Ward 1 (Vote For 1),Write-in,REP,0,0,444,78,1,1,0,0
1686,1686,REP Member of Council Braddock Ward 2 (Vote For 1),Write-in,REP,1,100,573,105,1,1,0,0
1687,1687,REP Member of Council Braddock Ward 3 (Vote For 1),Write-in,REP,0,0,394,59,1,1,0,0
1688,1688,REP Member of Council Braddock Hills (Vote For 3),Write-in,REP,30,100,1263,365,2,2,0,0
1689,1689,REP Member of Council Bradford Woods (Vote For 3),Christopher Mansfield,REP,122,65.24,990,319,1,1,0,0
1690,1690,REP Member of Council Bradford Woods (Vote For 3),Write-in,REP,65,34.76,990,319,1,1,0,0
1691,1691,REP Member of Council Brentwood (Vote For 3),Dennis Troy,REP,213,82.24,6509,1363,10,10,0,0
1692,1692,REP Member of Council Brentwood (Vote For 3),Write-in,REP,46,17.76,6509,1363,10,10,0,0
1693,1693,REP Member of Council Brentwood (Vote For 1),Write-in,REP,38,100,6509,1363,10,10,0,0
1694,1694,REP Member of Council Bridgeville (Vote For 3),Jason Sarasnick,REP,253,36.51,3367,799,4,4,0,0
1695,1695,REP Member of Council Bridgeville (Vote For 3),Shane Franchick,REP,212,30.59,3367,799,4,4,0,0
1696,1696,REP Member of Council Bridgeville (Vote For 3),Jason Ferri,REP,210,30.3,3367,799,4,4,0,0
1697,1697,REP Member of Council Bridgeville (Vote For 3),Write-in,REP,18,2.6,3367,799,4,4,0,0
1698,1698,REP Tax Collector Carnegie (Vote For 1),Write-in,REP,13,100,5301,1084,8,8,0,0
1699,1699,REP Member of Council Carnegie Ward 1 (Vote For 2),Write-in,REP,9,100,2888,554,4,4,0,0
1700,1700,REP Member of Council Carnegie Ward 2 (Vote For 1),Joseph DiSarro,REP,92,97.87,2413,530,4,4,0,0
1701,1701,REP Member of Council Carnegie Ward 2 (Vote For 1),Write-in,REP,2,2.13,2413,530,4,4,0,0
1702,1702,REP Member of Council Castle Shannon (Vote For 3),Write-in,REP,278,100,5947,1418,8,8,0,0
1703,1703,REP Member of Council Chalfant (Vote For 4),Write-in,REP,11,100,573,143,1,1,0,0
1704,1704,REP Member of Council Cheswick (Vote For 3),Brad Yaksich,REP,143,50.71,1264,533,2,2,0,0
1705,1705,REP Member of Council Cheswick (Vote For 3),Karen J. Matisz,REP,123,43.62,1264,533,2,2,0,0
1706,1706,REP Member of Council Cheswick (Vote For 3),Write-in,REP,16,5.67,1264,533,2,2,0,0
1707,1707,REP Member of Council Churchill (Vote For 3),Write-in,REP,54,100,2717,1001,4,4,0,0
1708,1708,REP Member of Council Clairton Ward 1 (Vote For 1),Write-in,REP,25,100,1015,240,3,3,0,0
1709,1709,REP Member of Council Clairton Ward 4 (Vote For 1),Write-in,REP,9,100,1085,270,3,3,0,0
1710,1710,REP Commissioner Collier (Vote For 2),Dawnlee Vaughn,REP,443,61.96,6880,1845,6,6,0,0
1711,1711,REP Commissioner Collier (Vote For 2),Write-in,REP,272,38.04,6880,1845,6,6,0,0
1712,1712,REP Member of Council Coraopolis Ward 1 (Vote For 1),Write-in,REP,29,100,910,219,2,2,0,0
1713,1713,REP Member of Council Coraopolis Ward 2 (Vote For 1),Write-in,REP,24,100,767,185,1,1,0,0
1714,1714,REP Member of Council Coraopolis Ward 3 (Vote For 1),Olesia Johnston,REP,30,65.22,1101,240,2,2,0,0
1715,1715,REP Member of Council Coraopolis Ward 3 (Vote For 1),Write-in,REP,16,34.78,1101,240,2,2,0,0
1716,1716,REP Member of Council Coraopolis Ward 4 (Vote For 1),Trevor M. Reed,REP,36,75,966,258,2,2,0,0
1717,1717,REP Member of Council Coraopolis Ward 4 (Vote For 1),Write-in,REP,12,25,966,258,2,2,0,0
1718,1718,REP Member of Council Crafton (Vote For 3),Write-in,REP,53,100,4332,1053,6,6,0,0
1719,1719,REP Commissioner At-Large Crescent (Vote For 2),Richard Withee,REP,107,72.3,1695,403,2,2,0,0
1720,1720,REP Commissioner At-Large Crescent (Vote For 2),Write-in,REP,41,27.7,1695,403,2,2,0,0
1721,1721,REP Commissioner Crescent Ward 1 (Vote For 1),Michael A. Chicora,REP,87,98.86,1034,257,1,1,0,0
1722,1722,REP Commissioner Crescent Ward 1 (Vote For 1),Write-in,REP,1,1.14,1034,257,1,1,0,0
1723,1723,REP Tax Collector Dormont (Vote For 1),Write-in,REP,111,100,6196,1644,10,10,0,0
1724,1724,REP Member of Council Dormont (Vote For 3),John R. Serpa,REP,221,88.76,6196,1644,10,10,0,0
1725,1725,REP Member of Council Dormont (Vote For 3),Write-in,REP,28,11.24,6196,1644,10,10,0,0
1726,1726,REP Member of Council Dravosburg (Vote For 2),Write-in,REP,23,100,1099,329,3,3,0,0
1727,1727,REP Controller Duquesne (Vote For 1),Write-in,REP,9,100,3273,562,10,10,0,0
1728,1728,REP Member of Council Duquesne (Vote For 2),Write-in,REP,14,100,3273,562,10,10,0,0
1729,1729,REP Auditor East Deer (Vote For 1),Write-in,REP,2,100,877,234,2,2,0,0
1730,1730,REP Commissioner At-Large East Deer (Vote For 3),Jacob Leonard Gigler,REP,65,67.01,877,234,2,2,0,0
1731,1731,REP Commissioner At-Large East Deer (Vote For 3),Write-in,REP,32,32.99,877,234,2,2,0,0
1732,1732,REP Commissioner East Deer Ward 1 (Vote For 1),Write-in,REP,5,100,311,72,1,1,0,0
1733,1733,REP Member of Council East Mckeesport (Vote For 3),Write-in,REP,17,100,1337,305,3,3,0,0
1734,1734,REP Member of Council At-Large East Pittsburgh (Vote For 2),Write-in,REP,2,100,1195,156,3,3,0,0
1735,1735,REP Member of Council Edgewood (Vote For 3),Write-in,REP,34,100,2709,1018,3,3,0,0
1736,1736,REP Tax Collector Edgeworth (Vote For 1),Hugh St. Martin,REP,159,97.55,1410,514,2,2,0,0
1737,1737,REP Tax Collector Edgeworth (Vote For 1),Write-in,REP,4,2.45,1410,514,2,2,0,0
1738,1738,REP Member of Council Edgeworth (Vote For 3),Elizabeth H. Genter,REP,146,31.67,1410,514,2,2,0,0
1739,1739,REP Member of Council Edgeworth (Vote For 3),David Aloe,REP,135,29.28,1410,514,2,2,0,0
1740,1740,REP Member of Council Edgeworth (Vote For 3),Gregory J. Marlovits,REP,133,28.85,1410,514,2,2,0,0
1741,1741,REP Member of Council Edgeworth (Vote For 3),Write-in,REP,47,10.2,1410,514,2,2,0,0
1742,1742,REP Member of Council Elizabeth Borough (Vote For 3),Desiree Gephart,REP,49,83.05,858,170,1,1,0,0
1743,1743,REP Member of Council Elizabeth Borough (Vote For 3),Write-in,REP,10,16.95,858,170,1,1,0,0
1744,1744,REP Commissioner Elizabeth Township Ward 1 (Vote For 1),Adam Musisko,REP,119,82.07,1446,407,2,2,0,0
1745,1745,REP Commissioner Elizabeth Township Ward 1 (Vote For 1),Write-in,REP,26,17.93,1446,407,2,2,0,0
1746,1746,REP Commissioner Elizabeth Township Ward 3 (Vote For 1),Michael Hansen,REP,105,94.59,1323,380,1,1,0,0
1747,1747,REP Commissioner Elizabeth Township Ward 3 (Vote For 1),Write-in,REP,6,5.41,1323,380,1,1,0,0
1748,1748,REP Commissioner Elizabeth Township Ward 5 (Vote For 1),James Thomas Benedek,REP,100,93.46,1198,268,2,2,0,0
1749,1749,REP Commissioner Elizabeth Township Ward 5 (Vote For 1),Write-in,REP,7,6.54,1198,268,2,2,0,0
1750,1750,REP Commissioner Elizabeth Township Ward 7 (Vote For 1),Write-in,REP,78,100,1205,296,1,1,0,0
1751,1751,REP Mayor Emsworth (Vote For 1),Write-in,REP,45,100,1750,401,2,2,0,0
1752,1752,REP Member of Council Emsworth (Vote For 3),"Michael V. Mary, Jr.",REP,83,81.37,1750,401,2,2,0,0
1753,1753,REP Member of Council Emsworth (Vote For 3),Write-in,REP,19,18.63,1750,401,2,2,0,0
1754,1754,REP Member of Council Emsworth (Vote For 1),Write-in,REP,10,100,1750,401,2,2,0,0
1755,1755,REP Member of Council Etna Ward 1 (Vote For 2),Nicholas Behr Leffakis,REP,25,92.59,800,204,1,1,0,0
1756,1756,REP Member of Council Etna Ward 1 (Vote For 2),Write-in,REP,2,7.41,800,204,1,1,0,0
1757,1757,REP Member of Council Etna Ward 2 (Vote For 1),Write-in,REP,2,100,661,126,1,1,0,0
1758,1758,REP Member of Council Etna Ward 3 (Vote For 1),Write-in,REP,5,100,699,174,1,1,0,0
1759,1759,REP Member of Council Etna Ward 3 (Vote For 1),Colleen E. Schaefer,REP,30,100,699,174,1,1,0,0
1760,1760,REP Member of Council Etna Ward 3 (Vote For 1),Write-in,REP,0,0,699,174,1,1,0,0
1761,1761,REP Auditor Fawn (Vote For 1),Write-in,REP,13,100,1458,424,2,2,0,0
1762,1762,REP Auditor Fawn (Vote For 1),Write-in,REP,13,100,1458,424,2,2,0,0
1763,1763,REP Supervisor Fawn (Vote For 2),Barbara J. Selfridge,REP,153,68.92,1458,424,2,2,0,0
1764,1764,REP Supervisor Fawn (Vote For 2),Write-in,REP,69,31.08,1458,424,2,2,0,0
1765,1765,REP Auditor Findlay (Vote For 1),Write-in,REP,21,100,4692,1021,3,3,0,0
1766,1766,REP Supervisor Findlay (Vote For 1),Janet L. Craig,REP,325,96.44,4692,1021,3,3,0,0
1767,1767,REP Supervisor Findlay (Vote For 1),Write-in,REP,12,3.56,4692,1021,3,3,0,0
1768,1768,REP Tax Collector Forest Hills (Vote For 1),Write-in,REP,41,100,5328,1854,8,8,0,0
1769,1769,REP Member of Council Forest Hills (Vote For 3),Write-in,REP,66,100,5328,1854,8,8,0,0
1770,1770,REP Auditor Forward (Vote For 1),Write-in,REP,6,100,2005,676,4,4,0,0
1771,1771,REP Auditor Forward (Vote For 1),Write-in,REP,6,100,2005,676,4,4,0,0
1772,1772,REP Auditor Forward (Vote For 1),Write-in,REP,9,100,2005,676,4,4,0,0
1773,1773,REP Supervisor Forward (Vote For 1),Jayme Stoffer,REP,166,53.38,2005,676,4,4,0,0
1774,1774,REP Supervisor Forward (Vote For 1),Ronald  Skrinjorich,REP,116,37.3,2005,676,4,4,0,0
1775,1775,REP Supervisor Forward (Vote For 1),Write-in,REP,29,9.32,2005,676,4,4,0,0
1776,1776,REP Member of Council Fox Chapel (Vote For 3),Michael D.  Pohl,REP,291,54.39,4677,1352,5,5,0,0
1777,1777,REP Member of Council Fox Chapel (Vote For 3),Write-in,REP,244,45.61,4677,1352,5,5,0,0
1778,1778,REP Member of Council Franklin Park Ward 1 (Vote For 1),Douglas  Kush,REP,330,98.8,3849,971,3,3,0,0
1779,1779,REP Member of Council Franklin Park Ward 1 (Vote For 1),Write-in,REP,4,1.2,3849,971,3,3,0,0
1780,1780,REP Member of Council Franklin Park Ward 2 (Vote For 1),Mark Butterfield,REP,412,96.26,3909,1125,3,3,0,0
1781,1781,REP Member of Council Franklin Park Ward 2 (Vote For 1),Write-in,REP,16,3.74,3909,1125,3,3,0,0
1782,1782,REP Member of Council Franklin Park Ward 3 (Vote For 1),Timothy J. Ireland,REP,358,98.62,3324,995,3,3,0,0
1783,1783,REP Member of Council Franklin Park Ward 3 (Vote For 1),Write-in,REP,5,1.38,3324,995,3,3,0,0
1784,1784,REP Auditor Frazer (Vote For 1),Write-in,REP,2,100,788,184,1,1,0,0
1785,1785,REP Supervisor Frazer (Vote For 1),Write-in,REP,5,100,788,184,1,1,0,0
1786,1786,REP Member of Council Glassport (Vote For 4),Write-in,REP,38,100,2568,526,6,6,0,0
1787,1787,REP Member of Council Glassport (Vote For 1),Write-in,REP,20,100,2568,526,6,6,0,0
1788,1788,REP Auditor Glenfield (Vote For 1),Write-in,REP,1,100,142,46,1,1,0,0
1789,1789,REP Auditor Glenfield (Vote For 1),Write-in,REP,1,100,142,46,1,1,0,0
1790,1790,REP Auditor Glenfield (Vote For 1),Write-in,REP,2,100,142,46,1,1,0,0
1791,1791,REP Member of Council Glenfield (Vote For 3),Write-in,REP,22,100,142,46,1,1,0,0
1792,1792,REP Member of Council Green Tree (Vote For 3),Write-in,REP,78,100,3700,1020,4,4,0,0
1793,1793,REP Controller Hampton (Vote For 1),Jerry E. Speakman,REP,1166,99.15,14156,3728,13,13,0,0
1794,1794,REP Controller Hampton (Vote For 1),Write-in,REP,10,0.85,14156,3728,13,13,0,0
1795,1795,REP Member of Council Hampton (Vote For 2),Daniel J. Sciulli,REP,1085,50.8,14156,3728,13,13,0,0
1796,1796,REP Member of Council Hampton (Vote For 2),"Alfred Midgley, IV",REP,1030,48.22,14156,3728,13,13,0,0
1797,1797,REP Member of Council Hampton (Vote For 2),Write-in,REP,21,0.98,14156,3728,13,13,0,0
1798,1798,REP Auditor Harmar (Vote For 1),Write-in,REP,7,100,2225,699,3,3,0,0
1799,1799,REP Auditor Harmar (Vote For 1),Write-in,REP,6,100,2225,699,3,3,0,0
1800,1800,REP Auditor Harmar (Vote For 1),Write-in,REP,9,100,2225,699,3,3,0,0
1801,1801,REP Supervisor Harmar (Vote For 2),David Benec,REP,153,52.04,2225,699,3,3,0,0
1802,1802,REP Supervisor Harmar (Vote For 2),Robert Suchevits,REP,133,45.24,2225,699,3,3,0,0
1803,1803,REP Supervisor Harmar (Vote For 2),Write-in,REP,8,2.72,2225,699,3,3,0,0
1804,1804,REP Commissioner Harrison Ward 1 (Vote For 1),Write-in,REP,47,100,1551,544,3,3,0,0
1805,1805,REP Commissioner Harrison Ward 3 (Vote For 1),Write-in,REP,97,100,1694,657,2,2,0,0
1806,1806,REP Commissioner Harrison Ward 5 (Vote For 1),Write-in,REP,19,100,1260,306,2,2,0,0
1807,1807,REP Member of Council Haysville (Vote For 3),Write-in,REP,3,100,58,19,1,1,0,0
1808,1808,REP Member of Council Haysville (Vote For 2),Write-in,REP,1,100,58,19,1,1,0,0
1809,1809,REP Member of Council Heidelberg (Vote For 2),Write-in,REP,93,100,891,225,1,1,0,0
1810,1810,REP Member of Council Homestead Ward 1 (Vote For 1),Write-in,REP,0,0,825,167,2,2,0,0
1811,1811,REP Member of Council Homestead Ward 2 (Vote For 1),Write-in,REP,0,0,685,99,2,2,0,0
1812,1812,REP Member of Council Homestead Ward 3 (Vote For 1),Write-in,REP,1,100,641,97,2,2,0,0
1813,1813,REP Auditor Indiana (Vote For 1),Write-in,REP,38,100,5301,1307,5,5,0,0
1814,1814,REP Auditor Indiana (Vote For 1),Write-in,REP,37,100,5301,1307,5,5,0,0
1815,1815,REP Supervisor Indiana District 1 (Vote For 1),Paul Jorgensen,REP,54,91.53,944,196,1,1,0,0
1816,1816,REP Supervisor Indiana District 1 (Vote For 1),Write-in,REP,5,8.47,944,196,1,1,0,0
1817,1817,REP Supervisor Indiana District 2 (Vote For 1),Albert Kaan,REP,51,100,845,193,1,1,0,0
1818,1818,REP Supervisor Indiana District 2 (Vote For 1),Write-in,REP,0,0,845,193,1,1,0,0
1819,1819,REP Supervisor Indiana District 3 (Vote For 1),Darrin J. Krally,REP,87,56.13,1492,362,1,1,0,0
1820,1820,REP Supervisor Indiana District 3 (Vote For 1),Brandice Miller,REP,68,43.87,1492,362,1,1,0,0
1821,1821,REP Supervisor Indiana District 3 (Vote For 1),Write-in,REP,0,0,1492,362,1,1,0,0
1822,1822,REP Supervisor Indiana District 4 (Vote For 1),Luke Rayman,REP,72,100,1108,336,1,1,0,0
1823,1823,REP Supervisor Indiana District 4 (Vote For 1),Write-in,REP,0,0,1108,336,1,1,0,0
1824,1824,REP Tax Collector Ingram (Vote For 1),Write-in,REP,11,100,2311,567,3,3,0,0
1825,1825,REP Member of Council Ingram (Vote For 3),Write-in,REP,49,100,2311,567,3,3,0,0
1826,1826,REP Member of Council Ingram (Vote For 1),Write-in,REP,29,100,2311,567,3,3,0,0
1827,1827,REP Member of Council Jefferson Hills (Vote For 3),Kevin Polick,REP,722,29.71,8580,2285,9,9,0,0
1828,1828,REP Member of Council Jefferson Hills (Vote For 3),Joseph Lynch,REP,609,25.06,8580,2285,9,9,0,0
1829,1829,REP Member of Council Jefferson Hills (Vote For 3),David C. Bentz,REP,578,23.79,8580,2285,9,9,0,0
1830,1830,REP Member of Council Jefferson Hills (Vote For 3),John A. Pope,REP,490,20.16,8580,2285,9,9,0,0
1831,1831,REP Member of Council Jefferson Hills (Vote For 3),Write-in,REP,31,1.28,8580,2285,9,9,0,0
1832,1832,REP Member of Council Jefferson Hills (Vote For 1),Diva Mares,REP,760,98.06,8580,2285,9,9,0,0
1833,1833,REP Member of Council Jefferson Hills (Vote For 1),Write-in,REP,15,1.94,8580,2285,9,9,0,0
1834,1834,REP Commissioner Kennedy (Vote For 2),Diane L. Schmitt,REP,311,47.41,6563,2190,7,7,0,0
1835,1835,REP Commissioner Kennedy (Vote For 2),Christopher C. Szuminsky,REP,292,44.51,6563,2190,7,7,0,0
1836,1836,REP Commissioner Kennedy (Vote For 2),Write-in,REP,53,8.08,6563,2190,7,7,0,0
1837,1837,REP Tax Collector Kilbuck (Vote For 1),Write-in,REP,3,100,603,184,1,1,0,0
1838,1838,REP Auditor Kilbuck (Vote For 1),Write-in,REP,7,100,603,184,1,1,0,0
1839,1839,REP Auditor Kilbuck (Vote For 1),Write-in,REP,3,100,603,184,1,1,0,0
1840,1840,REP Auditor Kilbuck (Vote For 1),Write-in,REP,2,100,603,184,1,1,0,0
1841,1841,REP Supervisor Kilbuck (Vote For 1),Write-in,REP,26,100,603,184,1,1,0,0
1842,1842,REP Tax Collector Leet (Vote For 1),Write-in,REP,12,100,1189,478,2,2,0,0
1843,1843,REP Commissioner Leet (Vote For 3),Write-in,REP,233,54.31,1189,478,2,2,0,0
1844,1844,REP Commissioner Leet (Vote For 3),Carolyn A. Verszyla,REP,128,29.84,1189,478,2,2,0,0
1845,1845,REP Commissioner Leet (Vote For 3),Katherine Longwell,REP,68,15.85,1189,478,2,2,0,0
1846,1846,REP Member of Council Leetsdale (Vote For 3),Jeffery Weatherby,REP,72,40.91,804,253,1,1,0,0
1847,1847,REP Member of Council Leetsdale (Vote For 3),Debra Canney,REP,64,36.36,804,253,1,1,0,0
1848,1848,REP Member of Council Leetsdale (Vote For 3),Write-in,REP,40,22.73,804,253,1,1,0,0
1849,1849,REP Member of Council Liberty (Vote For 3),Write-in,REP,39,100,1580,371,2,2,0,0
1850,1850,REP Member of Council Liberty (Vote For 1),Write-in,REP,21,100,1580,371,2,2,0,0
1851,1851,REP Tax Collector Lincoln (Vote For 1),Write-in,REP,2,100,645,153,1,1,0,0
1852,1852,REP Member of Council Lincoln (Vote For 3),Write-in,REP,2,100,645,153,1,1,0,0
1853,1853,REP Auditor Marshall (Vote For 1),Write-in,REP,160,100,7201,1610,7,7,0,0
1854,1854,REP Auditor Marshall (Vote For 1),Write-in,REP,156,100,7201,1610,7,7,0,0
1855,1855,REP Supervisor Marshall (Vote For 1),Jason Bragunier,REP,600,99.17,7201,1610,7,7,0,0
1856,1856,REP Supervisor Marshall (Vote For 1),Write-in,REP,5,0.83,7201,1610,7,7,0,0
1857,1857,REP Member of Council McCandless Ward 1 (Vote For 1),Doug Arlow,REP,196,62.62,3139,791,3,3,0,0
1858,1858,REP Member of Council McCandless Ward 1 (Vote For 1),Mary Ann Eisenreich,REP,114,36.42,3139,791,3,3,0,0
1859,1859,REP Member of Council McCandless Ward 1 (Vote For 1),Write-in,REP,3,0.96,3139,791,3,3,0,0
1860,1860,REP Member of Council McCandless Ward 3 (Vote For 1),Brian Snyder,REP,316,97.23,3050,931,3,3,0,0
1861,1861,REP Member of Council McCandless Ward 3 (Vote For 1),Write-in,REP,9,2.77,3050,931,3,3,0,0
1862,1862,REP Member of Council McCandless Ward 5 (Vote For 1),Joe Wall,REP,243,70.23,3211,968,3,3,0,0
1863,1863,REP Member of Council McCandless Ward 5 (Vote For 1),Kathleen Roppa,REP,101,29.19,3211,968,3,3,0,0
1864,1864,REP Member of Council McCandless Ward 5 (Vote For 1),Write-in,REP,2,0.58,3211,968,3,3,0,0
1865,1865,REP Member of Council McCandless Ward 7 (Vote For 1),Write-in,REP,24,100,3105,861,3,3,0,0
1866,1866,REP Member of Council McDonald (Vote For 4),Amber Wasko,REP,11,84.62,217,40,1,1,0,0
1867,1867,REP Member of Council McDonald (Vote For 4),Write-in,REP,2,15.38,217,40,1,1,0,0
1868,1868,REP Mayor McKeesport (Vote For 1),Write-in,REP,260,100,10877,2838,32,32,0,0
1869,1869,REP Member of Council McKeesport (Vote For 4),Write-in,REP,176,100,10877,2838,32,32,0,0
1870,1870,REP Member of Council McKees Rocks Ward 1 (Vote For 1),Write-in,REP,1,100,723,90,2,2,0,0
1871,1871,REP Member of Council McKees Rocks Ward 1 (Vote For 1),Write-in,REP,1,100,723,90,2,2,0,0
1872,1872,REP Member of Council McKees Rocks Ward 2 (Vote For 1),Write-in,REP,3,100,1130,133,2,2,0,0
1873,1873,REP Member of Council McKees Rocks Ward 3 (Vote For 3),Maryann Holland,REP,37,58.73,1702,288,3,3,0,0
1874,1874,REP Member of Council McKees Rocks Ward 3 (Vote For 3),Write-in,REP,26,41.27,1702,288,3,3,0,0
1875,1875,REP Member of Council Millvale (Vote For 4),Write-in,REP,29,100,2231,502,5,5,0,0
1876,1876,REP Member of Council Millvale (Vote For 1),Write-in,REP,11,100,2231,502,5,5,0,0
1877,1877,REP Member of Council Monroeville Ward 2 (Vote For 1),Timothy J. Lionelli,REP,221,86.33,2899,943,3,3,0,0
1878,1878,REP Member of Council Monroeville Ward 2 (Vote For 1),Write-in,REP,35,13.67,2899,943,3,3,0,0
1879,1879,REP Member of Council Monroeville Ward 4 (Vote For 1),William E. Krut,REP,183,87.56,2585,731,3,3,0,0
1880,1880,REP Member of Council Monroeville Ward 4 (Vote For 1),Write-in,REP,26,12.44,2585,731,3,3,0,0
1881,1881,REP Member of Council Monroeville Ward 6 (Vote For 1),Write-in,REP,29,100,2997,683,4,4,0,0
1882,1882,REP Auditor Moon (Vote For 1),Antonio R. Genco,REP,1375,99.28,18164,4259,13,13,0,0
1883,1883,REP Auditor Moon (Vote For 1),Write-in,REP,10,0.72,18164,4259,13,13,0,0
1884,1884,REP Supervisor Moon (Vote For 2),John A. Hertzer,REP,1280,50.31,18164,4259,13,13,0,0
1885,1885,REP Supervisor Moon (Vote For 2),Mary Jo Wise,REP,1241,48.78,18164,4259,13,13,0,0
1886,1886,REP Supervisor Moon (Vote For 2),Write-in,REP,23,0.9,18164,4259,13,13,0,0
1887,1887,REP Commissioner Mt. Lebanon Ward 1 (Vote For 1),Mark DeRubeis,REP,391,97.75,5156,1818,7,7,0,0
1888,1888,REP Commissioner Mt. Lebanon Ward 1 (Vote For 1),Write-in,REP,9,2.25,5156,1818,7,7,0,0
1889,1889,REP Commissioner Mt. Lebanon Ward 3 (Vote For 1),David Boyce,REP,407,97.37,5201,1781,8,8,0,0
1890,1890,REP Commissioner Mt. Lebanon Ward 3 (Vote For 1),Write-in,REP,11,2.63,5201,1781,8,8,0,0
1891,1891,REP Commissioner Mt. Lebanon Ward 5 (Vote For 1),Joshua Elliott,REP,302,97.42,4953,1613,8,8,0,0
1892,1892,REP Commissioner Mt. Lebanon Ward 5 (Vote For 1),Write-in,REP,8,2.58,4953,1613,8,8,0,0
1893,1893,REP Member of Council Mt. Oliver (Vote For 3),Write-in,REP,9,100,2178,288,4,4,0,0
1894,1894,REP Member of Council Munhall (Vote For 3),Write-in,REP,250,52.63,7583,2128,12,12,0,0
1895,1895,REP Member of Council Munhall (Vote For 3),Kami Stulginskas,REP,225,47.37,7583,2128,12,12,0,0
1896,1896,REP Commissioner At-Large Neville (Vote For 1),Write-in,REP,16,100,672,191,3,3,0,0
1897,1897,REP Commissioner Neville Ward 1 (Vote For 1),Write-in,REP,13,100,241,67,1,1,0,0
1898,1898,REP Commissioner Neville Ward 3 (Vote For 1),Write-in,REP,5,100,239,84,1,1,0,0
1899,1899,REP Member of Council North Braddock Ward 1 (Vote For 1),Write-in,REP,3,100,1110,238,3,3,0,0
1900,1900,REP Member of Council North Braddock Ward 2 (Vote For 1),Write-in,REP,2,100,929,180,2,2,0,0
1901,1901,REP Member of Council North Braddock Ward 3 (Vote For 2),Write-in,REP,2,100,810,121,2,2,0,0
1902,1902,REP Auditor North Fayette (Vote For 1),Keith Colledge,REP,749,99.6,11037,2336,5,5,0,0
1903,1903,REP Auditor North Fayette (Vote For 1),Write-in,REP,3,0.4,11037,2336,5,5,0,0
1904,1904,REP Supervisor North Fayette (Vote For 1),Bob Doddato,REP,518,56.18,11037,2336,5,5,0,0
1905,1905,REP Supervisor North Fayette (Vote For 1),Richard Valent,REP,403,43.71,11037,2336,5,5,0,0
1906,1906,REP Supervisor North Fayette (Vote For 1),Write-in,REP,1,0.11,11037,2336,5,5,0,0
1907,1907,REP Commissioner North Versailles Ward 1 (Vote For 1),Write-in,REP,9,100,1244,317,2,2,0,0
1908,1908,REP Commissioner North Versailles Ward 3 (Vote For 1),Write-in,REP,54,100,1083,339,2,2,0,0
1909,1909,REP Commissioner North Versailles Ward 5 (Vote For 1),Write-in,REP,7,100,865,138,2,2,0,0
1910,1910,REP Commissioner North Versailles Ward 7 (Vote For 1),Write-in,REP,1,100,618,143,1,1,0,0
1911,1911,REP Member of Council Oakdale (Vote For 3),Write-in,REP,78,52,1042,294,2,2,0,0
1912,1912,REP Member of Council Oakdale (Vote For 3),Barbara Rossen,REP,72,48,1042,294,2,2,0,0
1913,1913,REP Member of Council Oakmont (Vote For 3),Mark Springer,REP,442,38.3,5391,1756,6,6,0,0
1914,1914,REP Member of Council Oakmont (Vote For 3),David Graver,REP,355,30.76,5391,1756,6,6,0,0
1915,1915,REP Member of Council Oakmont (Vote For 3),Al Hatok,REP,341,29.55,5391,1756,6,6,0,0
1916,1916,REP Member of Council Oakmont (Vote For 3),Write-in,REP,16,1.39,5391,1756,6,6,0,0
1917,1917,REP Auditor O'Hara (Vote For 1),Write-in,REP,17,100,7311,2285,10,10,0,0
1918,1918,REP Member of Council O'Hara (Vote For 2),"W. Robert Strohm, Jr.",REP,399,54.14,7311,2285,10,10,0,0
1919,1919,REP Member of Council O'Hara (Vote For 2),Shamus Petrucelli,REP,331,44.91,7311,2285,10,10,0,0
1920,1920,REP Member of Council O'Hara (Vote For 2),Write-in,REP,7,0.95,7311,2285,10,10,0,0
1921,1921,REP Supervisor Ohio (Vote For 1),Write-in,REP,52,100,5385,1429,3,3,0,0
1922,1922,REP Member of Council Glen Osborne (Vote For 3),Write-in,REP,24,100,460,165,1,1,0,0
1923,1923,REP Mayor Penn Hills (Vote For 1),Write-in,REP,334,100,29789,7183,50,50,0,0
1924,1924,REP Controller Penn Hills (Vote For 1),Write-in,REP,94,100,29789,7183,50,50,0,0
1925,1925,REP Member of Council Penn Hills (Vote For 2),Clayton Walker,REP,865,90.48,29789,7183,50,50,0,0
1926,1926,REP Member of Council Penn Hills (Vote For 2),Write-in,REP,91,9.52,29789,7183,50,50,0,0
1927,1927,REP  Member of Council Pennsbury Village (Vote For 3),Steven A. Stecko,REP,26,83.87,564,144,1,1,0,0
1928,1928,REP  Member of Council Pennsbury Village (Vote For 3),Write-in,REP,5,16.13,564,144,1,1,0,0
1929,1929,REP Supervisor Pine (Vote For 3),Pat Avolio,REP,858,36.42,10967,2443,8,8,0,0
1930,1930,REP Supervisor Pine (Vote For 3),Ryan Colombo,REP,836,35.48,10967,2443,8,8,0,0
1931,1931,REP Supervisor Pine (Vote For 3),John M. Donahue,REP,616,26.15,10967,2443,8,8,0,0
1932,1932,REP Supervisor Pine (Vote For 3),Write-in,REP,46,1.95,10967,2443,8,8,0,0
1933,1933,REP Member of Council Pitcairn (Vote For 3),Write-in,REP,114,100,1819,398,3,3,0,0
1934,1934,REP Member of Council Pitcairn (Vote For 1),Write-in,REP,52,100,1819,398,3,3,0,0
1935,1935,REP Member of Council Pleasant Hills (Vote For 3),Andrew Codelka,REP,367,34.36,6138,1631,10,10,0,0
1936,1936,REP Member of Council Pleasant Hills (Vote For 3),Gregory P. Smith,REP,343,32.12,6138,1631,10,10,0,0
1937,1937,REP Member of Council Pleasant Hills (Vote For 3),Richard Raszewski,REP,304,28.46,6138,1631,10,10,0,0
1938,1938,REP Member of Council Pleasant Hills (Vote For 3),Write-in,REP,54,5.06,6138,1631,10,10,0,0
1939,1939,REP Member of Council Plum (Vote For 3),Dave Majernik,REP,1717,33.79,19236,5596,21,21,0,0
1940,1940,REP Member of Council Plum (Vote For 3),Jerry Purcell,REP,1652,32.51,19236,5596,21,21,0,0
1941,1941,REP Member of Council Plum (Vote For 3),Steve Schlauch,REP,1646,32.39,19236,5596,21,21,0,0
1942,1942,REP Member of Council Plum (Vote For 3),Write-in,REP,67,1.32,19236,5596,21,21,0,0
1943,1943,REP Tax Collector Port Vue (Vote For 1),Write-in,REP,18,100,2223,478,4,4,0,0
1944,1944,REP Member of Council Port Vue (Vote For 3),Write-in,REP,20,100,2223,478,4,4,0,0
1945,1945,REP Tax Collector Rankin (Vote For 1),Write-in,REP,0,0,1079,233,3,3,0,0
1946,1946,REP Member of Council Rankin Ward 1 (Vote For 1),Write-in,REP,0,0,317,72,1,1,0,0
1947,1947,REP Member of Council Rankin Ward 1 (Vote For 1),Write-in,REP,0,0,317,72,1,1,0,0
1948,1948,REP Member of Council Rankin Ward 2 (Vote For 1),Write-in,REP,0,0,377,101,1,1,0,0
1949,1949,REP Member of Council Rankin Ward 3 (Vote For 1),Write-in,REP,0,0,385,60,1,1,0,0
1950,1950,REP Tax Collector Reserve (Vote For 1),Write-in,REP,13,100,2375,694,4,4,0,0
1951,1951,REP Commissioner At-Large Reserve (Vote For 1),Daniel W. Cromeans,REP,72,51.8,2375,694,4,4,0,0
1952,1952,REP Commissioner At-Large Reserve (Vote For 1),Brian R. Nickel,REP,65,46.76,2375,694,4,4,0,0
1953,1953,REP Commissioner At-Large Reserve (Vote For 1),Write-in,REP,2,1.44,2375,694,4,4,0,0
1954,1954,REP Commissioner Reserve Ward 1 (Vote For 1),Write-in,REP,5,100,506,153,1,1,0,0
1955,1955,REP Commissioner Reserve Ward 3 (Vote For 1),Write-in,REP,8,100,518,139,1,1,0,0
1956,1956,REP Supervisor At-Large Richland (Vote For 1),Donna L. Snyder,REP,829,97.3,8849,2352,8,8,0,0
1957,1957,REP Supervisor At-Large Richland (Vote For 1),Write-in,REP,23,2.7,8849,2352,8,8,0,0
1958,1958,REP Supervisor Richland Supervisor 3 (Vote For 1),George P. Allen,REP,221,95.26,2145,581,2,2,0,0
1959,1959,REP Supervisor Richland Supervisor 3 (Vote For 1),Write-in,REP,11,4.74,2145,581,2,2,0,0
1960,1960,REP Supervisor Richland Supervisor 4 (Vote For 1),Raymond P. Kendrick,REP,213,70.76,2086,630,2,2,0,0
1961,1961,REP Supervisor Richland Supervisor 4 (Vote For 1),Brian Fung,REP,85,28.24,2086,630,2,2,0,0
1962,1962,REP Supervisor Richland Supervisor 4 (Vote For 1),Write-in,REP,3,1,2086,630,2,2,0,0
1963,1963,REP Commissioner Robinson (Vote For 2),"Matthew D. McNemar, Sr.",REP,448,34.44,11449,3557,9,9,0,0
1964,1964,REP Commissioner Robinson (Vote For 2),Bill Sewak,REP,442,33.97,11449,3557,9,9,0,0
1965,1965,REP Commissioner Robinson (Vote For 2),Write-in,REP,411,31.59,11449,3557,9,9,0,0
1966,1966,REP Commissioner Ross Ward 1 (Vote For 1),Write-in,REP,93,100,2628,818,4,4,0,0
1967,1967,REP Commissioner Ross Ward 3 (Vote For 1),Write-in,REP,60,100,2562,720,4,4,0,0
1968,1968,REP Commissioner Ross Ward 5 (Vote For 1),David Barkovich,REP,242,93.44,2501,771,4,4,0,0
1969,1969,REP Commissioner Ross Ward 5 (Vote For 1),Write-in,REP,17,6.56,2501,771,4,4,0,0
1970,1970,REP Commissioner Ross Ward 7 (Vote For 1),Write-in,REP,72,100,2440,699,4,4,0,0
1971,1971,REP Commissioner Ross Ward 9 (Vote For 1),Joe Muha,REP,287,98.63,2471,819,3,3,0,0
1972,1972,REP Commissioner Ross Ward 9 (Vote For 1),Write-in,REP,4,1.37,2471,819,3,3,0,0
1973,1973,REP Tax Collector Rosslyn Farms (Vote For 1),Write-in,REP,2,100,408,135,1,1,0,0
1974,1974,REP Member of Council Rosslyn Farms (Vote For 3),Chad Green,REP,29,49.15,408,135,1,1,0,0
1975,1975,REP Member of Council Rosslyn Farms (Vote For 3),"Jerald C. Lear, Jr.",REP,29,49.15,408,135,1,1,0,0
1976,1976,REP Member of Council Rosslyn Farms (Vote For 3),Write-in,REP,1,1.69,408,135,1,1,0,0
1977,1977,REP Commissioner Scott Ward 1 (Vote For 1),Write-in,REP,26,100,1185,213,2,2,0,0
1978,1978,REP Commissioner Scott Ward 3 (Vote For 1),Stacey A. Altman,REP,101,100,1182,348,2,2,0,0
1979,1979,REP Commissioner Scott Ward 3 (Vote For 1),Write-in,REP,0,0,1182,348,2,2,0,0
1980,1980,REP Commissioner Scott Ward 5 (Vote For 1),Write-in,REP,20,100,1286,360,2,2,0,0
1981,1981,REP Commissioner Scott Ward 7 (Vote For 1),Write-in,REP,23,100,1512,494,2,2,0,0
1982,1982,REP Commissioner Scott Ward 9 (Vote For 1),Write-in,REP,7,100,647,135,2,2,0,0
1983,1983,REP Member of Council Sewickley Ward 1 (Vote For 1),Brian Borres,REP,73,93.59,934,298,1,1,0,0
1984,1984,REP Member of Council Sewickley Ward 1 (Vote For 1),Write-in,REP,5,6.41,934,298,1,1,0,0
1985,1985,REP Member of Council Sewickley Ward 2 (Vote For 2),Lawrence R. Newman,REP,101,81.45,1070,367,2,2,0,0
1986,1986,REP Member of Council Sewickley Ward 2 (Vote For 2),Write-in,REP,23,18.55,1070,367,2,2,0,0
1987,1987,REP Member of Council Sewickley Ward 3 (Vote For 1),Write-in,REP,11,100,1008,273,1,1,0,0
1988,1988,REP Tax Collector Sewickley Heights (Vote For 1),Write-in,REP,6,100,741,228,1,1,0,0
1989,1989,REP Member of Council Sewickley Heights (Vote For 3),John Means,REP,101,33.44,741,228,1,1,0,0
1990,1990,REP Member of Council Sewickley Heights (Vote For 3),Tom McCargo,REP,99,32.78,741,228,1,1,0,0
1991,1991,REP Member of Council Sewickley Heights (Vote For 3),Michael Bollinger,REP,94,31.13,741,228,1,1,0,0
1992,1992,REP Member of Council Sewickley Heights (Vote For 3),Write-in,REP,8,2.65,741,228,1,1,0,0
1993,1993,REP Member of Council Sewickley Hills (Vote For 2),Write-in,REP,21,100,565,190,1,1,0,0
1994,1994,REP Commissioner Shaler Ward 1 (Vote For 1),Write-in,REP,46,100,2769,751,5,5,0,0
1995,1995,REP Commissioner Shaler Ward 3 (Vote For 1),David W. Shutter,REP,209,53.73,3096,1041,5,5,0,0
1996,1996,REP Commissioner Shaler Ward 3 (Vote For 1),Kevin Kerin,REP,180,46.27,3096,1041,5,5,0,0
1997,1997,REP Commissioner Shaler Ward 3 (Vote For 1),Write-in,REP,0,0,3096,1041,5,5,0,0
1998,1998,REP Commissioner Shaler Ward 5 (Vote For 1),Susan H. Fisher,REP,256,97.34,3046,883,5,5,0,0
1999,1999,REP Commissioner Shaler Ward 5 (Vote For 1),Write-in,REP,7,2.66,3046,883,5,5,0,0
2000,2000,REP Commissioner Shaler Ward 7 (Vote For 1),Bill Cross,REP,215,97.29,2909,822,4,4,0,0
2001,2001,REP Commissioner Shaler Ward 7 (Vote For 1),Write-in,REP,6,2.71,2909,822,4,4,0,0
2002,2002,REP Member of Council Sharpsburg (Vote For 3),Write-in,REP,40,100,2169,514,3,3,0,0
2003,2003,REP Member of Council Sharpsburg (Vote For 1),Write-in,REP,35,100,2169,514,3,3,0,0
2004,2004,REP Commissioner South Fayette (Vote For 4),Write-in,REP,1650,37.25,12121,3503,12,12,0,0
2005,2005,REP Commissioner South Fayette (Vote For 4),Mark Allen Hondru,REP,1188,26.82,12121,3503,12,12,0,0
2006,2006,REP Commissioner South Fayette (Vote For 4),Tim Postufka,REP,1170,26.42,12121,3503,12,12,0,0
2007,2007,REP Commissioner South Fayette (Vote For 4),J. Keith Dernosek,REP,421,9.51,12121,3503,12,12,0,0
2008,2008,REP Auditor South Park (Vote For 1),Write-in,REP,162,100,10044,2680,13,13,0,0
2009,2009,REP Supervisor South Park (Vote For 1),Lawrence Dewayne Vogel,REP,714,87.39,10044,2680,13,13,0,0
2010,2010,REP Supervisor South Park (Vote For 1),Write-in,REP,103,12.61,10044,2680,13,13,0,0
2011,2011,REP Commissioner South Versailles (Vote For 2),Write-in,REP,43,100,216,74,1,1,0,0
2012,2012,REP Mayor Springdale Borough (Vote For 1),Joel Anderson,REP,174,88.32,2184,708,4,4,0,0
2013,2013,REP Mayor Springdale Borough (Vote For 1),Write-in,REP,23,11.68,2184,708,4,4,0,0
2014,2014,REP Member of Council Springdale Borough (Vote For 3),"Shawn Fitzgerald, Jr.",REP,174,39.01,2184,708,4,4,0,0
2015,2015,REP Member of Council Springdale Borough (Vote For 3),Mark Stanton,REP,127,28.48,2184,708,4,4,0,0
2016,2016,REP Member of Council Springdale Borough (Vote For 3),Daniel P. Copeland,REP,122,27.35,2184,708,4,4,0,0
2017,2017,REP Member of Council Springdale Borough (Vote For 3),Write-in,REP,23,5.16,2184,708,4,4,0,0
2018,2018,REP Commissioner Springdale Township (Vote For 3),Write-in,REP,75,100,1141,406,1,1,0,0
2019,2019,REP Tax Collector Stowe (Vote For 1),Write-in,REP,50,100,3972,865,11,11,0,0
2020,2020,REP Commissioner Stowe (Vote For 3),Write-in,REP,174,100,3972,865,11,11,0,0
2021,2021,REP Member of Council Swissvale (Vote For 3),Write-in,REP,25,100,6668,1808,11,11,0,0
2022,2022,REP Member of Council At-Large Tarentum (Vote For 1),Margaret Smith,REP,113,91.13,2424,461,5,5,0,0
2023,2023,REP Member of Council At-Large Tarentum (Vote For 1),Write-in,REP,11,8.87,2424,461,5,5,0,0
2024,2024,REP Member of Council Tarentum Ward 1 (Vote For 1),Raymond E. Kerr,REP,60,98.36,1076,212,2,2,0,0
2025,2025,REP Member of Council Tarentum Ward 1 (Vote For 1),Write-in,REP,1,1.64,1076,212,2,2,0,0
2026,2026,REP Member of Council Tarentum Ward 2 (4 Year Term) (Vote For 1),Write-in,REP,4,100,508,105,1,1,0,0
2027,2027,REP Member of Council Tarentum Ward 2 (2 Year Term) (Vote For 1),Write-in,REP,2,100,508,105,1,1,0,0
2028,2028,REP Member of Council Tarentum Ward 3 (Vote For 1),Margaret Smith,REP,37,92.5,840,144,2,2,0,0
2029,2029,REP Member of Council Tarentum Ward 3 (Vote For 1),Write-in,REP,3,7.5,840,144,2,2,0,0
2030,2030,REP Tax Collector Thornburg (Vote For 1),Write-in,REP,2,100,392,146,1,1,0,0
2031,2031,REP Member of Council Thornburg (Vote For 3),"T. Zane Long, II",REP,28,87.5,392,146,1,1,0,0
2032,2032,REP Member of Council Thornburg (Vote For 3),Write-in,REP,4,12.5,392,146,1,1,0,0
2033,2033,REP Member of Council Trafford (Vote For 4),Kris Cardiff,REP,1,100,54,10,1,1,0,0
2034,2034,REP Member of Council Trafford (Vote For 4),Write-in,REP,0,0,54,10,1,1,0,0
2035,2035,REP Member of Council Turtle Creek Ward 1 (Vote For 2),Daniel A. King,REP,47,92.16,1198,234,2,2,0,0
2036,2036,REP Member of Council Turtle Creek Ward 1 (Vote For 2),Write-in,REP,4,7.84,1198,234,2,2,0,0
2037,2037,REP Member of Council Turtle Creek Ward 2 (Vote For 2),Write-in,REP,4,100,947,170,2,2,0,0
2038,2038,REP Member of Council Turtle Creek Ward 3 (Vote For 1),Write-in,REP,7,100,971,189,2,2,0,0
2039,2039,REP Commissioner At-Large Upper St Clair (Vote For 1),Richard I. Thomas,REP,1704,98.33,16024,4593,18,18,0,0
2040,2040,REP Commissioner At-Large Upper St Clair (Vote For 1),Write-in,REP,29,1.67,16024,4593,18,18,0,0
2041,2041,REP Commissioner Upper St Clair Ward 1 (Vote For 1),"Dante Plutko, Jr.",REP,368,99.46,3433,1015,4,4,0,0
2042,2042,REP Commissioner Upper St Clair Ward 1 (Vote For 1),Write-in,REP,2,0.54,3433,1015,4,4,0,0
2043,2043,REP Commissioner Upper St Clair Ward 3 (Vote For 1),Jason Harold Graves,REP,349,98.87,2967,886,3,3,0,0
2044,2044,REP Commissioner Upper St Clair Ward 3 (Vote For 1),Write-in,REP,4,1.13,2967,886,3,3,0,0
2045,2045,REP Commissioner Upper St Clair Ward 5 (Vote For 1),Ronald J. Pardini,REP,311,99.68,2986,815,3,3,0,0
2046,2046,REP Commissioner Upper St Clair Ward 5 (Vote For 1),Write-in,REP,1,0.32,2986,815,3,3,0,0
2047,2047,REP Member of Council Verona (Vote For 3),William Craig,REP,65,62.5,1613,423,3,3,0,0
2048,2048,REP Member of Council Verona (Vote For 3),Write-in,REP,39,37.5,1613,423,3,3,0,0
2049,2049,REP Member of Council Verona (Vote For 1),Write-in,REP,35,100,1613,423,3,3,0,0
2050,2050,REP Member of Council Versailles (Vote For 3),Write-in,REP,48,100,949,211,2,2,0,0
2051,2051,REP Member of Council Wall (Vote For 2),Write-in,REP,1,100,290,63,1,1,0,0
2052,2052,REP Auditor West Deer (Vote For 1),Write-in,REP,31,100,8576,2372,8,8,0,0
2053,2053,REP Supervisor West Deer Supervisor 1 (Vote For 1),"Vernon A. Frey, Jr.",REP,186,91.18,2069,528,2,2,0,0
2054,2054,REP Supervisor West Deer Supervisor 1 (Vote For 1),Write-in,REP,18,8.82,2069,528,2,2,0,0
2055,2055,REP Supervisor West Deer Supervisor 3 (Vote For 1),John E. Hollibaugh,REP,212,75.71,2511,705,2,2,0,0
2056,2056,REP Supervisor West Deer Supervisor 3 (Vote For 1),Jeffrey Joseph Plummer,REP,63,22.5,2511,705,2,2,0,0
2057,2057,REP Supervisor West Deer Supervisor 3 (Vote For 1),Write-in,REP,5,1.79,2511,705,2,2,0,0
2058,2058,REP Supervisor West Deer Supervisor 4 (Vote For 1),David Harrison,REP,151,54.12,2342,780,2,2,0,0
2059,2059,REP Supervisor West Deer Supervisor 4 (Vote For 1),Write-in,REP,128,45.88,2342,780,2,2,0,0
2060,2060,REP Auditor West Elizabeth (Vote For 1),Write-in,REP,2,100,236,47,1,1,0,0
2061,2061,REP Auditor West Elizabeth (Vote For 1),Write-in,REP,2,100,236,47,1,1,0,0
2062,2062,REP Member of Council West Elizabeth (Vote For 3),Janet Isaacs,REP,15,62.5,236,47,1,1,0,0
2063,2063,REP Member of Council West Elizabeth (Vote For 3),Write-in,REP,9,37.5,236,47,1,1,0,0
2064,2064,REP Member of Council West Homestead (Vote For 3),Write-in,REP,238,100,1350,491,3,3,0,0
2065,2065,REP Member of Council West Mifflin (Vote For 3),Write-in,REP,275,100,13573,3915,21,21,0,0
2066,2066,REP Member of Council West View (Vote For 3),Write-in,REP,36,100,4578,1222,7,7,0,0
2067,2067,REP Member of Council West View (Vote For 1),Write-in,REP,20,100,4578,1222,7,7,0,0
2068,2068,REP Member of Council Whitaker (Vote For 3),Write-in,REP,12,100,742,206,2,2,0,0
2069,2069,REP Member of Council Whitaker (Vote For 1),Write-in,REP,6,100,742,206,2,2,0,0
2070,2070,REP Member of Council Whitehall (Vote For 3),Jesse J. Siefert,REP,610,23.73,10539,3273,16,16,0,0
2071,2071,REP Member of Council Whitehall (Vote For 3),Jeremy Rose,REP,511,19.88,10539,3273,16,16,0,0
2072,2072,REP Member of Council Whitehall (Vote For 3),John Paravati,REP,489,19.02,10539,3273,16,16,0,0
2073,2073,REP Member of Council Whitehall (Vote For 3),Bob  McKown,REP,462,17.97,10539,3273,16,16,0,0
2074,2074,REP Member of Council Whitehall (Vote For 3),Sean Crane,REP,455,17.7,10539,3273,16,16,0,0
2075,2075,REP Member of Council Whitehall (Vote For 3),Write-in,REP,44,1.71,10539,3273,16,16,0,0
2076,2076,REP Member of Council White Oak (Vote For 3),Charles D. Davis,REP,403,37.38,5599,1649,7,7,0,0
2077,2077,REP Member of Council White Oak (Vote For 3),Dean Dittmar,REP,340,31.54,5599,1649,7,7,0,0
2078,2078,REP Member of Council White Oak (Vote For 3),Donald Hultberg,REP,313,29.04,5599,1649,7,7,0,0
2079,2079,REP Member of Council White Oak (Vote For 3),Write-in,REP,22,2.04,5599,1649,7,7,0,0
2080,2080,REP Commissioner At-Large Wilkins (Vote For 2),Write-in,REP,26,100,4815,1345,7,7,0,0
2081,2081,REP Commissioner Wilkins Ward 1 (Vote For 1),Write-in,REP,18,100,3296,944,5,5,0,0
2082,2082,REP Member of Council Wilkinsburg Ward 1 (Vote For 2),Write-in,REP,14,100,3947,852,6,6,0,0
2083,2083,REP Member of Council Wilkinsburg Ward 2 (Vote For 1),Write-in,REP,10,100,3628,749,5,5,0,0
2084,2084,REP Member of Council Wilkinsburg Ward 3 (Vote For 1),Write-in,REP,5,100,4489,1056,6,6,0,0
2085,2085,REP Member of Council Wilmerding (Vote For 4),Write-in,REP,11,100,1090,171,2,2,0,0
2086,2086,Commissioner Mt. Lebanon Ward 3 (Vote For 1),Anne Swager Wilson,NON,1346,96.76,5201,1781,8,8,0,0
2113,2087,Commissioner Mt. Lebanon Ward 3 (Vote For 1),Write-in,NON,45,3.24,5201,1781,8,8,0,0
